solid OpenSCAD_Model
  facet normal -0.998796 0 0.049048
    outer loop
      vertex 27.9063 0 11.6592
      vertex 27.914 2.5 11.816
      vertex 27.9063 2.5 11.6592
    endloop
  endfacet
  facet normal -0.998796 0 0.049048
    outer loop
      vertex 27.914 2.5 11.816
      vertex 27.9063 0 11.6592
      vertex 27.914 0 11.816
    endloop
  endfacet
  facet normal 0.049048 0 0.998796
    outer loop
      vertex 26.1572 2.5 10.2237
      vertex 26.314 0 10.216
      vertex 26.314 2.5 10.216
    endloop
  endfacet
  facet normal 0.049048 0 0.998796
    outer loop
      vertex 26.314 0 10.216
      vertex 26.1572 2.5 10.2237
      vertex 26.1572 0 10.2237
    endloop
  endfacet
  facet normal -0.049048 0 -0.998796
    outer loop
      vertex 26.314 0 13.416
      vertex 26.4708 2.5 13.4083
      vertex 26.4708 0 13.4083
    endloop
  endfacet
  facet normal -0.049048 0 -0.998796
    outer loop
      vertex 26.4708 2.5 13.4083
      vertex 26.314 0 13.416
      vertex 26.314 2.5 13.416
    endloop
  endfacet
  facet normal -0.671213 0 0.741264
    outer loop
      vertex 27.329 2.5 10.5792
      vertex 27.4454 0 10.6846
      vertex 27.4454 2.5 10.6846
    endloop
  endfacet
  facet normal -0.671213 0 0.741264
    outer loop
      vertex 27.4454 0 10.6846
      vertex 27.329 2.5 10.5792
      vertex 27.329 0 10.5792
    endloop
  endfacet
  facet normal 0.741264 -0 0.671213
    outer loop
      vertex 25.0772 0 10.801
      vertex 25.1826 2.5 10.6846
      vertex 25.0772 2.5 10.801
    endloop
  endfacet
  facet normal 0.741264 0 0.671213
    outer loop
      vertex 25.1826 2.5 10.6846
      vertex 25.0772 0 10.801
      vertex 25.1826 0 10.6846
    endloop
  endfacet
  facet normal 0.427484 0 0.904023
    outer loop
      vertex 25.5598 2.5 10.4049
      vertex 25.7017 0 10.3378
      vertex 25.7017 2.5 10.3378
    endloop
  endfacet
  facet normal 0.427484 0 0.904023
    outer loop
      vertex 25.7017 0 10.3378
      vertex 25.5598 2.5 10.4049
      vertex 25.5598 0 10.4049
    endloop
  endfacet
  facet normal -0.904023 0 0.427484
    outer loop
      vertex 27.7251 0 11.0618
      vertex 27.7922 2.5 11.2037
      vertex 27.7251 2.5 11.0618
    endloop
  endfacet
  facet normal -0.904023 0 0.427484
    outer loop
      vertex 27.7922 2.5 11.2037
      vertex 27.7251 0 11.0618
      vertex 27.7922 0 11.2037
    endloop
  endfacet
  facet normal -0.336982 0 0.941511
    outer loop
      vertex 26.7785 2.5 10.2849
      vertex 26.9263 0 10.3378
      vertex 26.9263 2.5 10.3378
    endloop
  endfacet
  facet normal -0.336982 0 0.941511
    outer loop
      vertex 26.9263 0 10.3378
      vertex 26.7785 2.5 10.2849
      vertex 26.7785 0 10.2849
    endloop
  endfacet
  facet normal -0.513934 0 0.85783
    outer loop
      vertex 27.0682 2.5 10.4049
      vertex 27.2029 0 10.4856
      vertex 27.2029 2.5 10.4856
    endloop
  endfacet
  facet normal -0.513934 0 0.85783
    outer loop
      vertex 27.2029 0 10.4856
      vertex 27.0682 2.5 10.4049
      vertex 27.0682 0 10.4049
    endloop
  endfacet
  facet normal 0.941511 -0 0.336982
    outer loop
      vertex 24.7829 0 11.3515
      vertex 24.8358 2.5 11.2037
      vertex 24.7829 2.5 11.3515
    endloop
  endfacet
  facet normal 0.941511 0 0.336982
    outer loop
      vertex 24.8358 2.5 11.2037
      vertex 24.7829 0 11.3515
      vertex 24.8358 0 11.2037
    endloop
  endfacet
  facet normal 0.243135 0 0.969993
    outer loop
      vertex 25.8495 2.5 10.2849
      vertex 26.0019 0 10.2467
      vertex 26.0019 2.5 10.2467
    endloop
  endfacet
  facet normal 0.243135 0 0.969993
    outer loop
      vertex 26.0019 0 10.2467
      vertex 25.8495 2.5 10.2849
      vertex 25.8495 0 10.2849
    endloop
  endfacet
  facet normal -0.146502 0 -0.98921
    outer loop
      vertex 26.4708 0 13.4083
      vertex 26.6261 2.5 13.3853
      vertex 26.6261 0 13.3853
    endloop
  endfacet
  facet normal -0.146502 0 -0.98921
    outer loop
      vertex 26.6261 2.5 13.3853
      vertex 26.4708 0 13.4083
      vertex 26.4708 2.5 13.4083
    endloop
  endfacet
  facet normal -0.969993 0 0.243135
    outer loop
      vertex 27.8451 0 11.3515
      vertex 27.8833 2.5 11.5039
      vertex 27.8451 2.5 11.3515
    endloop
  endfacet
  facet normal -0.969993 0 0.243135
    outer loop
      vertex 27.8833 2.5 11.5039
      vertex 27.8451 0 11.3515
      vertex 27.8833 0 11.5039
    endloop
  endfacet
  facet normal -0.98921 0 0.146502
    outer loop
      vertex 27.8833 0 11.5039
      vertex 27.9063 2.5 11.6592
      vertex 27.8833 2.5 11.5039
    endloop
  endfacet
  facet normal -0.98921 0 0.146502
    outer loop
      vertex 27.9063 2.5 11.6592
      vertex 27.8833 0 11.5039
      vertex 27.9063 0 11.6592
    endloop
  endfacet
  facet normal -0.941511 0 0.336982
    outer loop
      vertex 27.7922 0 11.2037
      vertex 27.8451 2.5 11.3515
      vertex 27.7922 2.5 11.2037
    endloop
  endfacet
  facet normal -0.941511 0 0.336982
    outer loop
      vertex 27.8451 2.5 11.3515
      vertex 27.7922 0 11.2037
      vertex 27.8451 0 11.3515
    endloop
  endfacet
  facet normal -0.80297 0 0.596019
    outer loop
      vertex 27.5508 0 10.801
      vertex 27.6444 2.5 10.9271
      vertex 27.5508 2.5 10.801
    endloop
  endfacet
  facet normal -0.80297 0 0.596019
    outer loop
      vertex 27.6444 2.5 10.9271
      vertex 27.5508 0 10.801
      vertex 27.6444 0 10.9271
    endloop
  endfacet
  facet normal -0.741264 0 0.671213
    outer loop
      vertex 27.4454 0 10.6846
      vertex 27.5508 2.5 10.801
      vertex 27.4454 2.5 10.6846
    endloop
  endfacet
  facet normal -0.741264 0 0.671213
    outer loop
      vertex 27.5508 2.5 10.801
      vertex 27.4454 0 10.6846
      vertex 27.5508 0 10.801
    endloop
  endfacet
  facet normal -0.85783 0 0.513934
    outer loop
      vertex 27.6444 0 10.9271
      vertex 27.7251 2.5 11.0618
      vertex 27.6444 2.5 10.9271
    endloop
  endfacet
  facet normal -0.85783 0 0.513934
    outer loop
      vertex 27.7251 2.5 11.0618
      vertex 27.6444 0 10.9271
      vertex 27.7251 0 11.0618
    endloop
  endfacet
  facet normal -0.146502 0 0.98921
    outer loop
      vertex 26.4708 2.5 10.2237
      vertex 26.6261 0 10.2467
      vertex 26.6261 2.5 10.2467
    endloop
  endfacet
  facet normal -0.146502 0 0.98921
    outer loop
      vertex 26.6261 0 10.2467
      vertex 26.4708 2.5 10.2237
      vertex 26.4708 0 10.2237
    endloop
  endfacet
  facet normal -0.243135 0 0.969993
    outer loop
      vertex 26.6261 2.5 10.2467
      vertex 26.7785 0 10.2849
      vertex 26.7785 2.5 10.2849
    endloop
  endfacet
  facet normal -0.243135 0 0.969993
    outer loop
      vertex 26.7785 0 10.2849
      vertex 26.6261 2.5 10.2467
      vertex 26.6261 0 10.2467
    endloop
  endfacet
  facet normal -0.049048 0 0.998796
    outer loop
      vertex 26.314 2.5 10.216
      vertex 26.4708 0 10.2237
      vertex 26.4708 2.5 10.2237
    endloop
  endfacet
  facet normal -0.049048 0 0.998796
    outer loop
      vertex 26.4708 0 10.2237
      vertex 26.314 2.5 10.216
      vertex 26.314 0 10.216
    endloop
  endfacet
  facet normal -0.427484 0 0.904023
    outer loop
      vertex 26.9263 2.5 10.3378
      vertex 27.0682 0 10.4049
      vertex 27.0682 2.5 10.4049
    endloop
  endfacet
  facet normal -0.427484 0 0.904023
    outer loop
      vertex 27.0682 0 10.4049
      vertex 26.9263 2.5 10.3378
      vertex 26.9263 0 10.3378
    endloop
  endfacet
  facet normal -0.596019 0 0.80297
    outer loop
      vertex 27.2029 2.5 10.4856
      vertex 27.329 0 10.5792
      vertex 27.329 2.5 10.5792
    endloop
  endfacet
  facet normal -0.596019 0 0.80297
    outer loop
      vertex 27.329 0 10.5792
      vertex 27.2029 2.5 10.4856
      vertex 27.2029 0 10.4856
    endloop
  endfacet
  facet normal 0.98921 -0 0.146502
    outer loop
      vertex 24.7217 0 11.6592
      vertex 24.7447 2.5 11.5039
      vertex 24.7217 2.5 11.6592
    endloop
  endfacet
  facet normal 0.98921 0 0.146502
    outer loop
      vertex 24.7447 2.5 11.5039
      vertex 24.7217 0 11.6592
      vertex 24.7447 0 11.5039
    endloop
  endfacet
  facet normal 0.85783 -0 0.513934
    outer loop
      vertex 24.9029 0 11.0618
      vertex 24.9836 2.5 10.9271
      vertex 24.9029 2.5 11.0618
    endloop
  endfacet
  facet normal 0.85783 0 0.513934
    outer loop
      vertex 24.9836 2.5 10.9271
      vertex 24.9029 0 11.0618
      vertex 24.9836 0 10.9271
    endloop
  endfacet
  facet normal 0.80297 -0 0.596019
    outer loop
      vertex 24.9836 0 10.9271
      vertex 25.0772 2.5 10.801
      vertex 24.9836 2.5 10.9271
    endloop
  endfacet
  facet normal 0.80297 0 0.596019
    outer loop
      vertex 25.0772 2.5 10.801
      vertex 24.9836 0 10.9271
      vertex 25.0772 0 10.801
    endloop
  endfacet
  facet normal 0.904023 -0 0.427484
    outer loop
      vertex 24.8358 0 11.2037
      vertex 24.9029 2.5 11.0618
      vertex 24.8358 2.5 11.2037
    endloop
  endfacet
  facet normal 0.904023 0 0.427484
    outer loop
      vertex 24.9029 2.5 11.0618
      vertex 24.8358 0 11.2037
      vertex 24.9029 0 11.0618
    endloop
  endfacet
  facet normal 0.969993 -0 0.243135
    outer loop
      vertex 24.7447 0 11.5039
      vertex 24.7829 2.5 11.3515
      vertex 24.7447 2.5 11.5039
    endloop
  endfacet
  facet normal 0.969993 0 0.243135
    outer loop
      vertex 24.7829 2.5 11.3515
      vertex 24.7447 0 11.5039
      vertex 24.7829 0 11.3515
    endloop
  endfacet
  facet normal 0.998796 -0 0.049048
    outer loop
      vertex 24.714 0 11.816
      vertex 24.7217 2.5 11.6592
      vertex 24.714 2.5 11.816
    endloop
  endfacet
  facet normal 0.998796 0 0.049048
    outer loop
      vertex 24.7217 2.5 11.6592
      vertex 24.714 0 11.816
      vertex 24.7217 0 11.6592
    endloop
  endfacet
  facet normal 0.596019 0 0.80297
    outer loop
      vertex 25.299 2.5 10.5792
      vertex 25.4251 0 10.4856
      vertex 25.4251 2.5 10.4856
    endloop
  endfacet
  facet normal 0.596019 0 0.80297
    outer loop
      vertex 25.4251 0 10.4856
      vertex 25.299 2.5 10.5792
      vertex 25.299 0 10.5792
    endloop
  endfacet
  facet normal 0.513934 0 0.85783
    outer loop
      vertex 25.4251 2.5 10.4856
      vertex 25.5598 0 10.4049
      vertex 25.5598 2.5 10.4049
    endloop
  endfacet
  facet normal 0.513934 0 0.85783
    outer loop
      vertex 25.5598 0 10.4049
      vertex 25.4251 2.5 10.4856
      vertex 25.4251 0 10.4856
    endloop
  endfacet
  facet normal 0.671213 0 0.741264
    outer loop
      vertex 25.1826 2.5 10.6846
      vertex 25.299 0 10.5792
      vertex 25.299 2.5 10.5792
    endloop
  endfacet
  facet normal 0.671213 0 0.741264
    outer loop
      vertex 25.299 0 10.5792
      vertex 25.1826 2.5 10.6846
      vertex 25.1826 0 10.6846
    endloop
  endfacet
  facet normal 0.336982 0 0.941511
    outer loop
      vertex 25.7017 2.5 10.3378
      vertex 25.8495 0 10.2849
      vertex 25.8495 2.5 10.2849
    endloop
  endfacet
  facet normal 0.336982 0 0.941511
    outer loop
      vertex 25.8495 0 10.2849
      vertex 25.7017 2.5 10.3378
      vertex 25.7017 0 10.3378
    endloop
  endfacet
  facet normal 0.146502 0 0.98921
    outer loop
      vertex 26.0019 2.5 10.2467
      vertex 26.1572 0 10.2237
      vertex 26.1572 2.5 10.2237
    endloop
  endfacet
  facet normal 0.146502 0 0.98921
    outer loop
      vertex 26.1572 0 10.2237
      vertex 26.0019 2.5 10.2467
      vertex 26.0019 0 10.2467
    endloop
  endfacet
  facet normal -0.998796 0 -0.049048
    outer loop
      vertex 27.914 0 11.816
      vertex 27.9063 2.5 11.9728
      vertex 27.914 2.5 11.816
    endloop
  endfacet
  facet normal -0.998796 -0 -0.049048
    outer loop
      vertex 27.9063 2.5 11.9728
      vertex 27.914 0 11.816
      vertex 27.9063 0 11.9728
    endloop
  endfacet
  facet normal -0.741264 0 -0.671213
    outer loop
      vertex 27.5508 0 12.831
      vertex 27.4454 2.5 12.9474
      vertex 27.5508 2.5 12.831
    endloop
  endfacet
  facet normal -0.741264 -0 -0.671213
    outer loop
      vertex 27.4454 2.5 12.9474
      vertex 27.5508 0 12.831
      vertex 27.4454 0 12.9474
    endloop
  endfacet
  facet normal 0.596019 0 -0.80297
    outer loop
      vertex 25.299 0 13.0528
      vertex 25.4251 2.5 13.1464
      vertex 25.4251 0 13.1464
    endloop
  endfacet
  facet normal 0.596019 0 -0.80297
    outer loop
      vertex 25.4251 2.5 13.1464
      vertex 25.299 0 13.0528
      vertex 25.299 2.5 13.0528
    endloop
  endfacet
  facet normal 0.85783 0 -0.513934
    outer loop
      vertex 24.9836 0 12.7049
      vertex 24.9029 2.5 12.5702
      vertex 24.9836 2.5 12.7049
    endloop
  endfacet
  facet normal 0.85783 0 -0.513934
    outer loop
      vertex 24.9029 2.5 12.5702
      vertex 24.9836 0 12.7049
      vertex 24.9029 0 12.5702
    endloop
  endfacet
  facet normal 0.741264 0 -0.671213
    outer loop
      vertex 25.1826 0 12.9474
      vertex 25.0772 2.5 12.831
      vertex 25.1826 2.5 12.9474
    endloop
  endfacet
  facet normal 0.741264 0 -0.671213
    outer loop
      vertex 25.0772 2.5 12.831
      vertex 25.1826 0 12.9474
      vertex 25.0772 0 12.831
    endloop
  endfacet
  facet normal 0.998796 0 -0.049048
    outer loop
      vertex 24.7217 0 11.9728
      vertex 24.714 2.5 11.816
      vertex 24.7217 2.5 11.9728
    endloop
  endfacet
  facet normal 0.998796 0 -0.049048
    outer loop
      vertex 24.714 2.5 11.816
      vertex 24.7217 0 11.9728
      vertex 24.714 0 11.816
    endloop
  endfacet
  facet normal -0.969993 0 -0.243135
    outer loop
      vertex 27.8833 0 12.1281
      vertex 27.8451 2.5 12.2805
      vertex 27.8833 2.5 12.1281
    endloop
  endfacet
  facet normal -0.969993 -0 -0.243135
    outer loop
      vertex 27.8451 2.5 12.2805
      vertex 27.8833 0 12.1281
      vertex 27.8451 0 12.2805
    endloop
  endfacet
  facet normal -0.513934 0 -0.85783
    outer loop
      vertex 27.0682 0 13.2271
      vertex 27.2029 2.5 13.1464
      vertex 27.2029 0 13.1464
    endloop
  endfacet
  facet normal -0.513934 0 -0.85783
    outer loop
      vertex 27.2029 2.5 13.1464
      vertex 27.0682 0 13.2271
      vertex 27.0682 2.5 13.2271
    endloop
  endfacet
  facet normal -0.671213 0 -0.741264
    outer loop
      vertex 27.329 0 13.0528
      vertex 27.4454 2.5 12.9474
      vertex 27.4454 0 12.9474
    endloop
  endfacet
  facet normal -0.671213 0 -0.741264
    outer loop
      vertex 27.4454 2.5 12.9474
      vertex 27.329 0 13.0528
      vertex 27.329 2.5 13.0528
    endloop
  endfacet
  facet normal -0.904023 0 -0.427484
    outer loop
      vertex 27.7922 0 12.4283
      vertex 27.7251 2.5 12.5702
      vertex 27.7922 2.5 12.4283
    endloop
  endfacet
  facet normal -0.904023 -0 -0.427484
    outer loop
      vertex 27.7251 2.5 12.5702
      vertex 27.7922 0 12.4283
      vertex 27.7251 0 12.5702
    endloop
  endfacet
  facet normal -0.80297 0 -0.596019
    outer loop
      vertex 27.6444 0 12.7049
      vertex 27.5508 2.5 12.831
      vertex 27.6444 2.5 12.7049
    endloop
  endfacet
  facet normal -0.80297 -0 -0.596019
    outer loop
      vertex 27.5508 2.5 12.831
      vertex 27.6444 0 12.7049
      vertex 27.5508 0 12.831
    endloop
  endfacet
  facet normal 0.671213 0 -0.741264
    outer loop
      vertex 25.1826 0 12.9474
      vertex 25.299 2.5 13.0528
      vertex 25.299 0 13.0528
    endloop
  endfacet
  facet normal 0.671213 0 -0.741264
    outer loop
      vertex 25.299 2.5 13.0528
      vertex 25.1826 0 12.9474
      vertex 25.1826 2.5 12.9474
    endloop
  endfacet
  facet normal 0.941511 0 -0.336982
    outer loop
      vertex 24.8358 0 12.4283
      vertex 24.7829 2.5 12.2805
      vertex 24.8358 2.5 12.4283
    endloop
  endfacet
  facet normal 0.941511 0 -0.336982
    outer loop
      vertex 24.7829 2.5 12.2805
      vertex 24.8358 0 12.4283
      vertex 24.7829 0 12.2805
    endloop
  endfacet
  facet normal 0.904023 0 -0.427484
    outer loop
      vertex 24.9029 0 12.5702
      vertex 24.8358 2.5 12.4283
      vertex 24.9029 2.5 12.5702
    endloop
  endfacet
  facet normal 0.904023 0 -0.427484
    outer loop
      vertex 24.8358 2.5 12.4283
      vertex 24.9029 0 12.5702
      vertex 24.8358 0 12.4283
    endloop
  endfacet
  facet normal -0.427484 0 -0.904023
    outer loop
      vertex 26.9263 0 13.2942
      vertex 27.0682 2.5 13.2271
      vertex 27.0682 0 13.2271
    endloop
  endfacet
  facet normal -0.427484 0 -0.904023
    outer loop
      vertex 27.0682 2.5 13.2271
      vertex 26.9263 0 13.2942
      vertex 26.9263 2.5 13.2942
    endloop
  endfacet
  facet normal -0.336982 0 -0.941511
    outer loop
      vertex 26.7785 0 13.3471
      vertex 26.9263 2.5 13.2942
      vertex 26.9263 0 13.2942
    endloop
  endfacet
  facet normal -0.336982 0 -0.941511
    outer loop
      vertex 26.9263 2.5 13.2942
      vertex 26.7785 0 13.3471
      vertex 26.7785 2.5 13.3471
    endloop
  endfacet
  facet normal -0.243135 0 -0.969993
    outer loop
      vertex 26.6261 0 13.3853
      vertex 26.7785 2.5 13.3471
      vertex 26.7785 0 13.3471
    endloop
  endfacet
  facet normal -0.243135 0 -0.969993
    outer loop
      vertex 26.7785 2.5 13.3471
      vertex 26.6261 0 13.3853
      vertex 26.6261 2.5 13.3853
    endloop
  endfacet
  facet normal -0.98921 0 -0.146502
    outer loop
      vertex 27.9063 0 11.9728
      vertex 27.8833 2.5 12.1281
      vertex 27.9063 2.5 11.9728
    endloop
  endfacet
  facet normal -0.98921 -0 -0.146502
    outer loop
      vertex 27.8833 2.5 12.1281
      vertex 27.9063 0 11.9728
      vertex 27.8833 0 12.1281
    endloop
  endfacet
  facet normal -0.941511 0 -0.336982
    outer loop
      vertex 27.8451 0 12.2805
      vertex 27.7922 2.5 12.4283
      vertex 27.8451 2.5 12.2805
    endloop
  endfacet
  facet normal -0.941511 -0 -0.336982
    outer loop
      vertex 27.7922 2.5 12.4283
      vertex 27.8451 0 12.2805
      vertex 27.7922 0 12.4283
    endloop
  endfacet
  facet normal -0.85783 0 -0.513934
    outer loop
      vertex 27.7251 0 12.5702
      vertex 27.6444 2.5 12.7049
      vertex 27.7251 2.5 12.5702
    endloop
  endfacet
  facet normal -0.85783 -0 -0.513934
    outer loop
      vertex 27.6444 2.5 12.7049
      vertex 27.7251 0 12.5702
      vertex 27.6444 0 12.7049
    endloop
  endfacet
  facet normal 0.049048 0 -0.998796
    outer loop
      vertex 26.1572 0 13.4083
      vertex 26.314 2.5 13.416
      vertex 26.314 0 13.416
    endloop
  endfacet
  facet normal 0.049048 0 -0.998796
    outer loop
      vertex 26.314 2.5 13.416
      vertex 26.1572 0 13.4083
      vertex 26.1572 2.5 13.4083
    endloop
  endfacet
  facet normal 0.427484 0 -0.904023
    outer loop
      vertex 25.5598 0 13.2271
      vertex 25.7017 2.5 13.2942
      vertex 25.7017 0 13.2942
    endloop
  endfacet
  facet normal 0.427484 0 -0.904023
    outer loop
      vertex 25.7017 2.5 13.2942
      vertex 25.5598 0 13.2271
      vertex 25.5598 2.5 13.2271
    endloop
  endfacet
  facet normal 0.80297 0 -0.596019
    outer loop
      vertex 25.0772 0 12.831
      vertex 24.9836 2.5 12.7049
      vertex 25.0772 2.5 12.831
    endloop
  endfacet
  facet normal 0.80297 0 -0.596019
    outer loop
      vertex 24.9836 2.5 12.7049
      vertex 25.0772 0 12.831
      vertex 24.9836 0 12.7049
    endloop
  endfacet
  facet normal 0.969993 0 -0.243135
    outer loop
      vertex 24.7829 0 12.2805
      vertex 24.7447 2.5 12.1281
      vertex 24.7829 2.5 12.2805
    endloop
  endfacet
  facet normal 0.969993 0 -0.243135
    outer loop
      vertex 24.7447 2.5 12.1281
      vertex 24.7829 0 12.2805
      vertex 24.7447 0 12.1281
    endloop
  endfacet
  facet normal 0.98921 0 -0.146502
    outer loop
      vertex 24.7447 0 12.1281
      vertex 24.7217 2.5 11.9728
      vertex 24.7447 2.5 12.1281
    endloop
  endfacet
  facet normal 0.98921 0 -0.146502
    outer loop
      vertex 24.7217 2.5 11.9728
      vertex 24.7447 0 12.1281
      vertex 24.7217 0 11.9728
    endloop
  endfacet
  facet normal -0.596019 0 -0.80297
    outer loop
      vertex 27.2029 0 13.1464
      vertex 27.329 2.5 13.0528
      vertex 27.329 0 13.0528
    endloop
  endfacet
  facet normal -0.596019 0 -0.80297
    outer loop
      vertex 27.329 2.5 13.0528
      vertex 27.2029 0 13.1464
      vertex 27.2029 2.5 13.1464
    endloop
  endfacet
  facet normal 0.146502 0 -0.98921
    outer loop
      vertex 26.0019 0 13.3853
      vertex 26.1572 2.5 13.4083
      vertex 26.1572 0 13.4083
    endloop
  endfacet
  facet normal 0.146502 0 -0.98921
    outer loop
      vertex 26.1572 2.5 13.4083
      vertex 26.0019 0 13.3853
      vertex 26.0019 2.5 13.3853
    endloop
  endfacet
  facet normal 0.243135 0 -0.969993
    outer loop
      vertex 25.8495 0 13.3471
      vertex 26.0019 2.5 13.3853
      vertex 26.0019 0 13.3853
    endloop
  endfacet
  facet normal 0.243135 0 -0.969993
    outer loop
      vertex 26.0019 2.5 13.3853
      vertex 25.8495 0 13.3471
      vertex 25.8495 2.5 13.3471
    endloop
  endfacet
  facet normal 0.513934 0 -0.85783
    outer loop
      vertex 25.4251 0 13.1464
      vertex 25.5598 2.5 13.2271
      vertex 25.5598 0 13.2271
    endloop
  endfacet
  facet normal 0.513934 0 -0.85783
    outer loop
      vertex 25.5598 2.5 13.2271
      vertex 25.4251 0 13.1464
      vertex 25.4251 2.5 13.1464
    endloop
  endfacet
  facet normal 0.336982 0 -0.941511
    outer loop
      vertex 25.7017 0 13.2942
      vertex 25.8495 2.5 13.3471
      vertex 25.8495 0 13.3471
    endloop
  endfacet
  facet normal 0.336982 0 -0.941511
    outer loop
      vertex 25.8495 2.5 13.3471
      vertex 25.7017 0 13.2942
      vertex 25.7017 2.5 13.2942
    endloop
  endfacet
  facet normal -0.998796 0 0.049048
    outer loop
      vertex 27.9063 0 27.1592
      vertex 27.914 2.5 27.316
      vertex 27.9063 2.5 27.1592
    endloop
  endfacet
  facet normal -0.998796 0 0.049048
    outer loop
      vertex 27.914 2.5 27.316
      vertex 27.9063 0 27.1592
      vertex 27.914 0 27.316
    endloop
  endfacet
  facet normal 0.049048 0 0.998796
    outer loop
      vertex 26.1572 2.5 25.7237
      vertex 26.314 0 25.716
      vertex 26.314 2.5 25.716
    endloop
  endfacet
  facet normal 0.049048 0 0.998796
    outer loop
      vertex 26.314 0 25.716
      vertex 26.1572 2.5 25.7237
      vertex 26.1572 0 25.7237
    endloop
  endfacet
  facet normal -0.049048 0 -0.998796
    outer loop
      vertex 26.314 0 28.916
      vertex 26.4708 2.5 28.9083
      vertex 26.4708 0 28.9083
    endloop
  endfacet
  facet normal -0.049048 0 -0.998796
    outer loop
      vertex 26.4708 2.5 28.9083
      vertex 26.314 0 28.916
      vertex 26.314 2.5 28.916
    endloop
  endfacet
  facet normal -0.671213 0 0.741264
    outer loop
      vertex 27.329 2.5 26.0792
      vertex 27.4454 0 26.1846
      vertex 27.4454 2.5 26.1846
    endloop
  endfacet
  facet normal -0.671213 0 0.741264
    outer loop
      vertex 27.4454 0 26.1846
      vertex 27.329 2.5 26.0792
      vertex 27.329 0 26.0792
    endloop
  endfacet
  facet normal 0.741264 -0 0.671213
    outer loop
      vertex 25.0772 0 26.301
      vertex 25.1826 2.5 26.1846
      vertex 25.0772 2.5 26.301
    endloop
  endfacet
  facet normal 0.741264 0 0.671213
    outer loop
      vertex 25.1826 2.5 26.1846
      vertex 25.0772 0 26.301
      vertex 25.1826 0 26.1846
    endloop
  endfacet
  facet normal 0.427484 0 0.904023
    outer loop
      vertex 25.5598 2.5 25.9049
      vertex 25.7017 0 25.8378
      vertex 25.7017 2.5 25.8378
    endloop
  endfacet
  facet normal 0.427484 0 0.904023
    outer loop
      vertex 25.7017 0 25.8378
      vertex 25.5598 2.5 25.9049
      vertex 25.5598 0 25.9049
    endloop
  endfacet
  facet normal -0.904023 0 0.427484
    outer loop
      vertex 27.7251 0 26.5618
      vertex 27.7922 2.5 26.7037
      vertex 27.7251 2.5 26.5618
    endloop
  endfacet
  facet normal -0.904023 0 0.427484
    outer loop
      vertex 27.7922 2.5 26.7037
      vertex 27.7251 0 26.5618
      vertex 27.7922 0 26.7037
    endloop
  endfacet
  facet normal -0.336982 0 0.941511
    outer loop
      vertex 26.7785 2.5 25.7849
      vertex 26.9263 0 25.8378
      vertex 26.9263 2.5 25.8378
    endloop
  endfacet
  facet normal -0.336982 0 0.941511
    outer loop
      vertex 26.9263 0 25.8378
      vertex 26.7785 2.5 25.7849
      vertex 26.7785 0 25.7849
    endloop
  endfacet
  facet normal -0.513934 0 0.85783
    outer loop
      vertex 27.0682 2.5 25.9049
      vertex 27.2029 0 25.9856
      vertex 27.2029 2.5 25.9856
    endloop
  endfacet
  facet normal -0.513934 0 0.85783
    outer loop
      vertex 27.2029 0 25.9856
      vertex 27.0682 2.5 25.9049
      vertex 27.0682 0 25.9049
    endloop
  endfacet
  facet normal 0.904023 -0 0.427484
    outer loop
      vertex 24.8358 0 26.7037
      vertex 24.9029 2.5 26.5618
      vertex 24.8358 2.5 26.7037
    endloop
  endfacet
  facet normal 0.904023 0 0.427484
    outer loop
      vertex 24.9029 2.5 26.5618
      vertex 24.8358 0 26.7037
      vertex 24.9029 0 26.5618
    endloop
  endfacet
  facet normal 0.85783 -0 0.513934
    outer loop
      vertex 24.9029 0 26.5618
      vertex 24.9836 2.5 26.4271
      vertex 24.9029 2.5 26.5618
    endloop
  endfacet
  facet normal 0.85783 0 0.513934
    outer loop
      vertex 24.9836 2.5 26.4271
      vertex 24.9029 0 26.5618
      vertex 24.9836 0 26.4271
    endloop
  endfacet
  facet normal 0.243135 0 0.969993
    outer loop
      vertex 25.8495 2.5 25.7849
      vertex 26.0019 0 25.7467
      vertex 26.0019 2.5 25.7467
    endloop
  endfacet
  facet normal 0.243135 0 0.969993
    outer loop
      vertex 26.0019 0 25.7467
      vertex 25.8495 2.5 25.7849
      vertex 25.8495 0 25.7849
    endloop
  endfacet
  facet normal -0.146502 0 -0.98921
    outer loop
      vertex 26.4708 0 28.9083
      vertex 26.6261 2.5 28.8853
      vertex 26.6261 0 28.8853
    endloop
  endfacet
  facet normal -0.146502 0 -0.98921
    outer loop
      vertex 26.6261 2.5 28.8853
      vertex 26.4708 0 28.9083
      vertex 26.4708 2.5 28.9083
    endloop
  endfacet
  facet normal -0.969993 0 0.243135
    outer loop
      vertex 27.8451 0 26.8515
      vertex 27.8833 2.5 27.0039
      vertex 27.8451 2.5 26.8515
    endloop
  endfacet
  facet normal -0.969993 0 0.243135
    outer loop
      vertex 27.8833 2.5 27.0039
      vertex 27.8451 0 26.8515
      vertex 27.8833 0 27.0039
    endloop
  endfacet
  facet normal -0.98921 0 0.146502
    outer loop
      vertex 27.8833 0 27.0039
      vertex 27.9063 2.5 27.1592
      vertex 27.8833 2.5 27.0039
    endloop
  endfacet
  facet normal -0.98921 0 0.146502
    outer loop
      vertex 27.9063 2.5 27.1592
      vertex 27.8833 0 27.0039
      vertex 27.9063 0 27.1592
    endloop
  endfacet
  facet normal -0.941511 0 0.336982
    outer loop
      vertex 27.7922 0 26.7037
      vertex 27.8451 2.5 26.8515
      vertex 27.7922 2.5 26.7037
    endloop
  endfacet
  facet normal -0.941511 0 0.336982
    outer loop
      vertex 27.8451 2.5 26.8515
      vertex 27.7922 0 26.7037
      vertex 27.8451 0 26.8515
    endloop
  endfacet
  facet normal -0.80297 0 0.596019
    outer loop
      vertex 27.5508 0 26.301
      vertex 27.6444 2.5 26.4271
      vertex 27.5508 2.5 26.301
    endloop
  endfacet
  facet normal -0.80297 0 0.596019
    outer loop
      vertex 27.6444 2.5 26.4271
      vertex 27.5508 0 26.301
      vertex 27.6444 0 26.4271
    endloop
  endfacet
  facet normal -0.741264 0 0.671213
    outer loop
      vertex 27.4454 0 26.1846
      vertex 27.5508 2.5 26.301
      vertex 27.4454 2.5 26.1846
    endloop
  endfacet
  facet normal -0.741264 0 0.671213
    outer loop
      vertex 27.5508 2.5 26.301
      vertex 27.4454 0 26.1846
      vertex 27.5508 0 26.301
    endloop
  endfacet
  facet normal -0.146502 0 0.98921
    outer loop
      vertex 26.4708 2.5 25.7237
      vertex 26.6261 0 25.7467
      vertex 26.6261 2.5 25.7467
    endloop
  endfacet
  facet normal -0.146502 0 0.98921
    outer loop
      vertex 26.6261 0 25.7467
      vertex 26.4708 2.5 25.7237
      vertex 26.4708 0 25.7237
    endloop
  endfacet
  facet normal -0.243135 0 0.969993
    outer loop
      vertex 26.6261 2.5 25.7467
      vertex 26.7785 0 25.7849
      vertex 26.7785 2.5 25.7849
    endloop
  endfacet
  facet normal -0.243135 0 0.969993
    outer loop
      vertex 26.7785 0 25.7849
      vertex 26.6261 2.5 25.7467
      vertex 26.6261 0 25.7467
    endloop
  endfacet
  facet normal -0.049048 0 0.998796
    outer loop
      vertex 26.314 2.5 25.716
      vertex 26.4708 0 25.7237
      vertex 26.4708 2.5 25.7237
    endloop
  endfacet
  facet normal -0.049048 0 0.998796
    outer loop
      vertex 26.4708 0 25.7237
      vertex 26.314 2.5 25.716
      vertex 26.314 0 25.716
    endloop
  endfacet
  facet normal -0.427484 0 0.904023
    outer loop
      vertex 26.9263 2.5 25.8378
      vertex 27.0682 0 25.9049
      vertex 27.0682 2.5 25.9049
    endloop
  endfacet
  facet normal -0.427484 0 0.904023
    outer loop
      vertex 27.0682 0 25.9049
      vertex 26.9263 2.5 25.8378
      vertex 26.9263 0 25.8378
    endloop
  endfacet
  facet normal -0.596019 0 0.80297
    outer loop
      vertex 27.2029 2.5 25.9856
      vertex 27.329 0 26.0792
      vertex 27.329 2.5 26.0792
    endloop
  endfacet
  facet normal -0.596019 0 0.80297
    outer loop
      vertex 27.329 0 26.0792
      vertex 27.2029 2.5 25.9856
      vertex 27.2029 0 25.9856
    endloop
  endfacet
  facet normal 0.98921 -0 0.146502
    outer loop
      vertex 24.7217 0 27.1592
      vertex 24.7447 2.5 27.0039
      vertex 24.7217 2.5 27.1592
    endloop
  endfacet
  facet normal 0.98921 0 0.146502
    outer loop
      vertex 24.7447 2.5 27.0039
      vertex 24.7217 0 27.1592
      vertex 24.7447 0 27.0039
    endloop
  endfacet
  facet normal 0.80297 -0 0.596019
    outer loop
      vertex 24.9836 0 26.4271
      vertex 25.0772 2.5 26.301
      vertex 24.9836 2.5 26.4271
    endloop
  endfacet
  facet normal 0.80297 0 0.596019
    outer loop
      vertex 25.0772 2.5 26.301
      vertex 24.9836 0 26.4271
      vertex 25.0772 0 26.301
    endloop
  endfacet
  facet normal 0.941511 -0 0.336982
    outer loop
      vertex 24.7829 0 26.8515
      vertex 24.8358 2.5 26.7037
      vertex 24.7829 2.5 26.8515
    endloop
  endfacet
  facet normal 0.941511 0 0.336982
    outer loop
      vertex 24.8358 2.5 26.7037
      vertex 24.7829 0 26.8515
      vertex 24.8358 0 26.7037
    endloop
  endfacet
  facet normal 0.969993 -0 0.243135
    outer loop
      vertex 24.7447 0 27.0039
      vertex 24.7829 2.5 26.8515
      vertex 24.7447 2.5 27.0039
    endloop
  endfacet
  facet normal 0.969993 0 0.243135
    outer loop
      vertex 24.7829 2.5 26.8515
      vertex 24.7447 0 27.0039
      vertex 24.7829 0 26.8515
    endloop
  endfacet
  facet normal 0.998796 -0 0.049048
    outer loop
      vertex 24.714 0 27.316
      vertex 24.7217 2.5 27.1592
      vertex 24.714 2.5 27.316
    endloop
  endfacet
  facet normal 0.998796 0 0.049048
    outer loop
      vertex 24.7217 2.5 27.1592
      vertex 24.714 0 27.316
      vertex 24.7217 0 27.1592
    endloop
  endfacet
  facet normal 0.513934 0 0.85783
    outer loop
      vertex 25.4251 2.5 25.9856
      vertex 25.5598 0 25.9049
      vertex 25.5598 2.5 25.9049
    endloop
  endfacet
  facet normal 0.513934 0 0.85783
    outer loop
      vertex 25.5598 0 25.9049
      vertex 25.4251 2.5 25.9856
      vertex 25.4251 0 25.9856
    endloop
  endfacet
  facet normal 0.596019 0 0.80297
    outer loop
      vertex 25.299 2.5 26.0792
      vertex 25.4251 0 25.9856
      vertex 25.4251 2.5 25.9856
    endloop
  endfacet
  facet normal 0.596019 0 0.80297
    outer loop
      vertex 25.4251 0 25.9856
      vertex 25.299 2.5 26.0792
      vertex 25.299 0 26.0792
    endloop
  endfacet
  facet normal 0.671213 0 0.741264
    outer loop
      vertex 25.1826 2.5 26.1846
      vertex 25.299 0 26.0792
      vertex 25.299 2.5 26.0792
    endloop
  endfacet
  facet normal 0.671213 0 0.741264
    outer loop
      vertex 25.299 0 26.0792
      vertex 25.1826 2.5 26.1846
      vertex 25.1826 0 26.1846
    endloop
  endfacet
  facet normal 0.146502 0 0.98921
    outer loop
      vertex 26.0019 2.5 25.7467
      vertex 26.1572 0 25.7237
      vertex 26.1572 2.5 25.7237
    endloop
  endfacet
  facet normal 0.146502 0 0.98921
    outer loop
      vertex 26.1572 0 25.7237
      vertex 26.0019 2.5 25.7467
      vertex 26.0019 0 25.7467
    endloop
  endfacet
  facet normal -0.998796 0 -0.049048
    outer loop
      vertex 27.914 0 27.316
      vertex 27.9063 2.5 27.4728
      vertex 27.914 2.5 27.316
    endloop
  endfacet
  facet normal -0.998796 -0 -0.049048
    outer loop
      vertex 27.9063 2.5 27.4728
      vertex 27.914 0 27.316
      vertex 27.9063 0 27.4728
    endloop
  endfacet
  facet normal -0.741264 0 -0.671213
    outer loop
      vertex 27.5508 0 28.331
      vertex 27.4454 2.5 28.4474
      vertex 27.5508 2.5 28.331
    endloop
  endfacet
  facet normal -0.741264 -0 -0.671213
    outer loop
      vertex 27.4454 2.5 28.4474
      vertex 27.5508 0 28.331
      vertex 27.4454 0 28.4474
    endloop
  endfacet
  facet normal 0.741264 0 -0.671213
    outer loop
      vertex 25.1826 0 28.4474
      vertex 25.0772 2.5 28.331
      vertex 25.1826 2.5 28.4474
    endloop
  endfacet
  facet normal 0.741264 0 -0.671213
    outer loop
      vertex 25.0772 2.5 28.331
      vertex 25.1826 0 28.4474
      vertex 25.0772 0 28.331
    endloop
  endfacet
  facet normal -0.336982 0 -0.941511
    outer loop
      vertex 26.7785 0 28.8471
      vertex 26.9263 2.5 28.7942
      vertex 26.9263 0 28.7942
    endloop
  endfacet
  facet normal -0.336982 0 -0.941511
    outer loop
      vertex 26.9263 2.5 28.7942
      vertex 26.7785 0 28.8471
      vertex 26.7785 2.5 28.8471
    endloop
  endfacet
  facet normal -0.85783 0 0.513934
    outer loop
      vertex 27.6444 0 26.4271
      vertex 27.7251 2.5 26.5618
      vertex 27.6444 2.5 26.4271
    endloop
  endfacet
  facet normal -0.85783 0 0.513934
    outer loop
      vertex 27.7251 2.5 26.5618
      vertex 27.6444 0 26.4271
      vertex 27.7251 0 26.5618
    endloop
  endfacet
  facet normal 0.998796 0 -0.049048
    outer loop
      vertex 24.7217 0 27.4728
      vertex 24.714 2.5 27.316
      vertex 24.7217 2.5 27.4728
    endloop
  endfacet
  facet normal 0.998796 0 -0.049048
    outer loop
      vertex 24.714 2.5 27.316
      vertex 24.7217 0 27.4728
      vertex 24.714 0 27.316
    endloop
  endfacet
  facet normal 0.336982 0 0.941511
    outer loop
      vertex 25.7017 2.5 25.8378
      vertex 25.8495 0 25.7849
      vertex 25.8495 2.5 25.7849
    endloop
  endfacet
  facet normal 0.336982 0 0.941511
    outer loop
      vertex 25.8495 0 25.7849
      vertex 25.7017 2.5 25.8378
      vertex 25.7017 0 25.8378
    endloop
  endfacet
  facet normal -0.941511 0 -0.336982
    outer loop
      vertex 27.8451 0 27.7805
      vertex 27.7922 2.5 27.9283
      vertex 27.8451 2.5 27.7805
    endloop
  endfacet
  facet normal -0.941511 -0 -0.336982
    outer loop
      vertex 27.7922 2.5 27.9283
      vertex 27.8451 0 27.7805
      vertex 27.7922 0 27.9283
    endloop
  endfacet
  facet normal -0.969993 0 -0.243135
    outer loop
      vertex 27.8833 0 27.6281
      vertex 27.8451 2.5 27.7805
      vertex 27.8833 2.5 27.6281
    endloop
  endfacet
  facet normal -0.969993 -0 -0.243135
    outer loop
      vertex 27.8451 2.5 27.7805
      vertex 27.8833 0 27.6281
      vertex 27.8451 0 27.7805
    endloop
  endfacet
  facet normal -0.98921 0 -0.146502
    outer loop
      vertex 27.9063 0 27.4728
      vertex 27.8833 2.5 27.6281
      vertex 27.9063 2.5 27.4728
    endloop
  endfacet
  facet normal -0.98921 -0 -0.146502
    outer loop
      vertex 27.8833 2.5 27.6281
      vertex 27.9063 0 27.4728
      vertex 27.8833 0 27.6281
    endloop
  endfacet
  facet normal -0.671213 0 -0.741264
    outer loop
      vertex 27.329 0 28.5528
      vertex 27.4454 2.5 28.4474
      vertex 27.4454 0 28.4474
    endloop
  endfacet
  facet normal -0.671213 0 -0.741264
    outer loop
      vertex 27.4454 2.5 28.4474
      vertex 27.329 0 28.5528
      vertex 27.329 2.5 28.5528
    endloop
  endfacet
  facet normal -0.904023 0 -0.427484
    outer loop
      vertex 27.7922 0 27.9283
      vertex 27.7251 2.5 28.0702
      vertex 27.7922 2.5 27.9283
    endloop
  endfacet
  facet normal -0.904023 -0 -0.427484
    outer loop
      vertex 27.7251 2.5 28.0702
      vertex 27.7922 0 27.9283
      vertex 27.7251 0 28.0702
    endloop
  endfacet
  facet normal -0.80297 0 -0.596019
    outer loop
      vertex 27.6444 0 28.2049
      vertex 27.5508 2.5 28.331
      vertex 27.6444 2.5 28.2049
    endloop
  endfacet
  facet normal -0.80297 -0 -0.596019
    outer loop
      vertex 27.5508 2.5 28.331
      vertex 27.6444 0 28.2049
      vertex 27.5508 0 28.331
    endloop
  endfacet
  facet normal 0.243135 0 -0.969993
    outer loop
      vertex 25.8495 0 28.8471
      vertex 26.0019 2.5 28.8853
      vertex 26.0019 0 28.8853
    endloop
  endfacet
  facet normal 0.243135 0 -0.969993
    outer loop
      vertex 26.0019 2.5 28.8853
      vertex 25.8495 0 28.8471
      vertex 25.8495 2.5 28.8471
    endloop
  endfacet
  facet normal 0.85783 0 -0.513934
    outer loop
      vertex 24.9836 0 28.2049
      vertex 24.9029 2.5 28.0702
      vertex 24.9836 2.5 28.2049
    endloop
  endfacet
  facet normal 0.85783 0 -0.513934
    outer loop
      vertex 24.9029 2.5 28.0702
      vertex 24.9836 0 28.2049
      vertex 24.9029 0 28.0702
    endloop
  endfacet
  facet normal 0.941511 0 -0.336982
    outer loop
      vertex 24.8358 0 27.9283
      vertex 24.7829 2.5 27.7805
      vertex 24.8358 2.5 27.9283
    endloop
  endfacet
  facet normal 0.941511 0 -0.336982
    outer loop
      vertex 24.7829 2.5 27.7805
      vertex 24.8358 0 27.9283
      vertex 24.7829 0 27.7805
    endloop
  endfacet
  facet normal 0.904023 0 -0.427484
    outer loop
      vertex 24.9029 0 28.0702
      vertex 24.8358 2.5 27.9283
      vertex 24.9029 2.5 28.0702
    endloop
  endfacet
  facet normal 0.904023 0 -0.427484
    outer loop
      vertex 24.8358 2.5 27.9283
      vertex 24.9029 0 28.0702
      vertex 24.8358 0 27.9283
    endloop
  endfacet
  facet normal 0.98921 0 -0.146502
    outer loop
      vertex 24.7447 0 27.6281
      vertex 24.7217 2.5 27.4728
      vertex 24.7447 2.5 27.6281
    endloop
  endfacet
  facet normal 0.98921 0 -0.146502
    outer loop
      vertex 24.7217 2.5 27.4728
      vertex 24.7447 0 27.6281
      vertex 24.7217 0 27.4728
    endloop
  endfacet
  facet normal -0.427484 0 -0.904023
    outer loop
      vertex 26.9263 0 28.7942
      vertex 27.0682 2.5 28.7271
      vertex 27.0682 0 28.7271
    endloop
  endfacet
  facet normal -0.427484 0 -0.904023
    outer loop
      vertex 27.0682 2.5 28.7271
      vertex 26.9263 0 28.7942
      vertex 26.9263 2.5 28.7942
    endloop
  endfacet
  facet normal -0.243135 0 -0.969993
    outer loop
      vertex 26.6261 0 28.8853
      vertex 26.7785 2.5 28.8471
      vertex 26.7785 0 28.8471
    endloop
  endfacet
  facet normal -0.243135 0 -0.969993
    outer loop
      vertex 26.7785 2.5 28.8471
      vertex 26.6261 0 28.8853
      vertex 26.6261 2.5 28.8853
    endloop
  endfacet
  facet normal -0.513934 0 -0.85783
    outer loop
      vertex 27.0682 0 28.7271
      vertex 27.2029 2.5 28.6464
      vertex 27.2029 0 28.6464
    endloop
  endfacet
  facet normal -0.513934 0 -0.85783
    outer loop
      vertex 27.2029 2.5 28.6464
      vertex 27.0682 0 28.7271
      vertex 27.0682 2.5 28.7271
    endloop
  endfacet
  facet normal -0.596019 0 -0.80297
    outer loop
      vertex 27.2029 0 28.6464
      vertex 27.329 2.5 28.5528
      vertex 27.329 0 28.5528
    endloop
  endfacet
  facet normal -0.596019 0 -0.80297
    outer loop
      vertex 27.329 2.5 28.5528
      vertex 27.2029 0 28.6464
      vertex 27.2029 2.5 28.6464
    endloop
  endfacet
  facet normal -0.85783 0 -0.513934
    outer loop
      vertex 27.7251 0 28.0702
      vertex 27.6444 2.5 28.2049
      vertex 27.7251 2.5 28.0702
    endloop
  endfacet
  facet normal -0.85783 -0 -0.513934
    outer loop
      vertex 27.6444 2.5 28.2049
      vertex 27.7251 0 28.0702
      vertex 27.6444 0 28.2049
    endloop
  endfacet
  facet normal 0.427484 0 -0.904023
    outer loop
      vertex 25.5598 0 28.7271
      vertex 25.7017 2.5 28.7942
      vertex 25.7017 0 28.7942
    endloop
  endfacet
  facet normal 0.427484 0 -0.904023
    outer loop
      vertex 25.7017 2.5 28.7942
      vertex 25.5598 0 28.7271
      vertex 25.5598 2.5 28.7271
    endloop
  endfacet
  facet normal 0.596019 0 -0.80297
    outer loop
      vertex 25.299 0 28.5528
      vertex 25.4251 2.5 28.6464
      vertex 25.4251 0 28.6464
    endloop
  endfacet
  facet normal 0.596019 0 -0.80297
    outer loop
      vertex 25.4251 2.5 28.6464
      vertex 25.299 0 28.5528
      vertex 25.299 2.5 28.5528
    endloop
  endfacet
  facet normal 0.671213 0 -0.741264
    outer loop
      vertex 25.1826 0 28.4474
      vertex 25.299 2.5 28.5528
      vertex 25.299 0 28.5528
    endloop
  endfacet
  facet normal 0.671213 0 -0.741264
    outer loop
      vertex 25.299 2.5 28.5528
      vertex 25.1826 0 28.4474
      vertex 25.1826 2.5 28.4474
    endloop
  endfacet
  facet normal 0.80297 0 -0.596019
    outer loop
      vertex 25.0772 0 28.331
      vertex 24.9836 2.5 28.2049
      vertex 25.0772 2.5 28.331
    endloop
  endfacet
  facet normal 0.80297 0 -0.596019
    outer loop
      vertex 24.9836 2.5 28.2049
      vertex 25.0772 0 28.331
      vertex 24.9836 0 28.2049
    endloop
  endfacet
  facet normal 0.969993 0 -0.243135
    outer loop
      vertex 24.7829 0 27.7805
      vertex 24.7447 2.5 27.6281
      vertex 24.7829 2.5 27.7805
    endloop
  endfacet
  facet normal 0.969993 0 -0.243135
    outer loop
      vertex 24.7447 2.5 27.6281
      vertex 24.7829 0 27.7805
      vertex 24.7447 0 27.6281
    endloop
  endfacet
  facet normal 0.146502 0 -0.98921
    outer loop
      vertex 26.0019 0 28.8853
      vertex 26.1572 2.5 28.9083
      vertex 26.1572 0 28.9083
    endloop
  endfacet
  facet normal 0.146502 0 -0.98921
    outer loop
      vertex 26.1572 2.5 28.9083
      vertex 26.0019 0 28.8853
      vertex 26.0019 2.5 28.8853
    endloop
  endfacet
  facet normal 0.049048 0 -0.998796
    outer loop
      vertex 26.1572 0 28.9083
      vertex 26.314 2.5 28.916
      vertex 26.314 0 28.916
    endloop
  endfacet
  facet normal 0.049048 0 -0.998796
    outer loop
      vertex 26.314 2.5 28.916
      vertex 26.1572 0 28.9083
      vertex 26.1572 2.5 28.9083
    endloop
  endfacet
  facet normal 0.336982 0 -0.941511
    outer loop
      vertex 25.7017 0 28.7942
      vertex 25.8495 2.5 28.8471
      vertex 25.8495 0 28.8471
    endloop
  endfacet
  facet normal 0.336982 0 -0.941511
    outer loop
      vertex 25.8495 2.5 28.8471
      vertex 25.7017 0 28.7942
      vertex 25.7017 2.5 28.7942
    endloop
  endfacet
  facet normal 0.513934 0 -0.85783
    outer loop
      vertex 25.4251 0 28.6464
      vertex 25.5598 2.5 28.7271
      vertex 25.5598 0 28.7271
    endloop
  endfacet
  facet normal 0.513934 0 -0.85783
    outer loop
      vertex 25.5598 2.5 28.7271
      vertex 25.4251 0 28.6464
      vertex 25.4251 2.5 28.6464
    endloop
  endfacet
  facet normal 0 -1 0
    outer loop
      vertex 0 0 -2.5
      vertex 0.0794826 0 0.00999928
      vertex 0 0 0.00999928
    endloop
  endfacet
  facet normal 0 -1 -0
    outer loop
      vertex 0.0794826 0 0.00999928
      vertex 0 0 -2.5
      vertex 29.5511 0 0.00999928
    endloop
  endfacet
  facet normal 0 -1 0
    outer loop
      vertex 40.08 0 -2.5
      vertex 29.5511 0 0.00999928
      vertex 0 0 -2.5
    endloop
  endfacet
  facet normal 0 -1 0
    outer loop
      vertex 29.5511 0 0.00999928
      vertex 40.08 0 -2.5
      vertex 40.08 0 0.00999928
    endloop
  endfacet
  facet normal 0 -1 0
    outer loop
      vertex 26.1572 0 25.7237
      vertex 26.1572 0 13.4083
      vertex 26.314 0 13.416
    endloop
  endfacet
  facet normal 0 -1 0
    outer loop
      vertex 4.459 0 17.807
      vertex 26.0019 0 13.3853
      vertex 26.1572 0 13.4083
    endloop
  endfacet
  facet normal 0 -1 0
    outer loop
      vertex 4.459 0 17.807
      vertex 25.8495 0 13.3471
      vertex 26.0019 0 13.3853
    endloop
  endfacet
  facet normal 0 -1 0
    outer loop
      vertex 4.459 0 17.807
      vertex 25.7017 0 13.2942
      vertex 25.8495 0 13.3471
    endloop
  endfacet
  facet normal 0 -1 0
    outer loop
      vertex 4.459 0 17.807
      vertex 25.5598 0 13.2271
      vertex 25.7017 0 13.2942
    endloop
  endfacet
  facet normal 0 -1 0
    outer loop
      vertex 4.459 0 17.807
      vertex 25.4251 0 13.1464
      vertex 25.5598 0 13.2271
    endloop
  endfacet
  facet normal 0 -1 0
    outer loop
      vertex 4.459 0 17.807
      vertex 25.299 0 13.0528
      vertex 25.4251 0 13.1464
    endloop
  endfacet
  facet normal 0 -1 0
    outer loop
      vertex 4.459 0 17.807
      vertex 25.1826 0 12.9474
      vertex 25.299 0 13.0528
    endloop
  endfacet
  facet normal 0 -1 0
    outer loop
      vertex 4.459 0 17.807
      vertex 25.0772 0 12.831
      vertex 25.1826 0 12.9474
    endloop
  endfacet
  facet normal 0 -1 0
    outer loop
      vertex 4.459 0 17.807
      vertex 24.9836 0 12.7049
      vertex 25.0772 0 12.831
    endloop
  endfacet
  facet normal 0 -1 0
    outer loop
      vertex 4.459 0 17.807
      vertex 24.9029 0 12.5702
      vertex 24.9836 0 12.7049
    endloop
  endfacet
  facet normal 0 -1 0
    outer loop
      vertex 4.459 0 17.807
      vertex 24.8358 0 12.4283
      vertex 24.9029 0 12.5702
    endloop
  endfacet
  facet normal 0 -1 0
    outer loop
      vertex 4.459 0 17.807
      vertex 24.7829 0 12.2805
      vertex 24.8358 0 12.4283
    endloop
  endfacet
  facet normal 0 -1 0
    outer loop
      vertex 4.459 0 17.807
      vertex 24.7447 0 12.1281
      vertex 24.7829 0 12.2805
    endloop
  endfacet
  facet normal 0 -1 0
    outer loop
      vertex 4.459 0 17.807
      vertex 24.7217 0 11.9728
      vertex 24.7447 0 12.1281
    endloop
  endfacet
  facet normal 0 -1 0
    outer loop
      vertex 4.459 0 17.807
      vertex 24.714 0 11.816
      vertex 24.7217 0 11.9728
    endloop
  endfacet
  facet normal 0 -1 0
    outer loop
      vertex 4.459 0 17.807
      vertex 24.7217 0 11.6592
      vertex 24.714 0 11.816
    endloop
  endfacet
  facet normal 0 -1 0
    outer loop
      vertex 2.646 0 14.562
      vertex 24.7447 0 11.5039
      vertex 24.7217 0 11.6592
    endloop
  endfacet
  facet normal 0 -1 0
    outer loop
      vertex 24.7829 0 11.3515
      vertex 2.646 0 14.562
      vertex 1.25899 0 11.394
    endloop
  endfacet
  facet normal 0 -1 0
    outer loop
      vertex 2.646 0 14.562
      vertex 24.7829 0 11.3515
      vertex 24.7447 0 11.5039
    endloop
  endfacet
  facet normal 0 -1 0
    outer loop
      vertex 1.25899 0 11.394
      vertex 24.8358 0 11.2037
      vertex 24.7829 0 11.3515
    endloop
  endfacet
  facet normal 0 -1 0
    outer loop
      vertex 0.359985 0 8.40099
      vertex 24.8358 0 11.2037
      vertex 1.25899 0 11.394
    endloop
  endfacet
  facet normal 0 -1 -0
    outer loop
      vertex 24.8358 0 11.2037
      vertex 0.359985 0 8.40099
      vertex 24.9029 0 11.0618
    endloop
  endfacet
  facet normal 0 -1 0
    outer loop
      vertex 0 0 4.56
      vertex 24.9029 0 11.0618
      vertex 0.359985 0 8.40099
    endloop
  endfacet
  facet normal 0 -1 -0
    outer loop
      vertex 24.9029 0 11.0618
      vertex 0 0 4.56
      vertex 24.9836 0 10.9271
    endloop
  endfacet
  facet normal 0 -1 0
    outer loop
      vertex 0 0 3.506
      vertex 24.9836 0 10.9271
      vertex 0 0 4.56
    endloop
  endfacet
  facet normal 0 -1 0
    outer loop
      vertex 0.00999451 0 2.543
      vertex 24.9836 0 10.9271
      vertex 0 0 3.506
    endloop
  endfacet
  facet normal 0 -1 -0
    outer loop
      vertex 24.9836 0 10.9271
      vertex 0.00999451 0 2.543
      vertex 25.0772 0 10.801
    endloop
  endfacet
  facet normal 0 -1 0
    outer loop
      vertex 0.0249939 0 1.69699
      vertex 25.0772 0 10.801
      vertex 0.00999451 0 2.543
    endloop
  endfacet
  facet normal 0 -1 0
    outer loop
      vertex 0.0439911 0 0.992996
      vertex 25.0772 0 10.801
      vertex 0.0249939 0 1.69699
    endloop
  endfacet
  facet normal 0 -1 -0
    outer loop
      vertex 25.0772 0 10.801
      vertex 0.0439911 0 0.992996
      vertex 25.1826 0 10.6846
    endloop
  endfacet
  facet normal 0 -1 0
    outer loop
      vertex 0.0609894 0 0.459
      vertex 25.1826 0 10.6846
      vertex 0.0439911 0 0.992996
    endloop
  endfacet
  facet normal 0 -1 0
    outer loop
      vertex 0.0739899 0 0.118988
      vertex 25.1826 0 10.6846
      vertex 0.0609894 0 0.459
    endloop
  endfacet
  facet normal 0 -1 0
    outer loop
      vertex 0.0794826 0 0.00999928
      vertex 25.1826 0 10.6846
      vertex 0.0739899 0 0.118988
    endloop
  endfacet
  facet normal 0 -1 0
    outer loop
      vertex 26.506 0 35
      vertex 26.1572 0 28.9083
      vertex 26.314 0 28.916
    endloop
  endfacet
  facet normal 0 -1 0
    outer loop
      vertex 17.632 0 31.826
      vertex 26.0019 0 28.8853
      vertex 26.1572 0 28.9083
    endloop
  endfacet
  facet normal 0 -1 0
    outer loop
      vertex 17.632 0 31.826
      vertex 25.8495 0 28.8471
      vertex 26.0019 0 28.8853
    endloop
  endfacet
  facet normal 0 -1 0
    outer loop
      vertex 17.632 0 31.826
      vertex 25.7017 0 28.7942
      vertex 25.8495 0 28.8471
    endloop
  endfacet
  facet normal 0 -1 0
    outer loop
      vertex 17.632 0 31.826
      vertex 25.5598 0 28.7271
      vertex 25.7017 0 28.7942
    endloop
  endfacet
  facet normal 0 -1 0
    outer loop
      vertex 17.632 0 31.826
      vertex 25.4251 0 28.6464
      vertex 25.5598 0 28.7271
    endloop
  endfacet
  facet normal 0 -1 0
    outer loop
      vertex 17.632 0 31.826
      vertex 25.299 0 28.5528
      vertex 25.4251 0 28.6464
    endloop
  endfacet
  facet normal 0 -1 0
    outer loop
      vertex 17.632 0 31.826
      vertex 25.1826 0 28.4474
      vertex 25.299 0 28.5528
    endloop
  endfacet
  facet normal 0 -1 0
    outer loop
      vertex 17.632 0 31.826
      vertex 25.0772 0 28.331
      vertex 25.1826 0 28.4474
    endloop
  endfacet
  facet normal 0 -1 0
    outer loop
      vertex 17.632 0 31.826
      vertex 24.9836 0 28.2049
      vertex 25.0772 0 28.331
    endloop
  endfacet
  facet normal 0 -1 0
    outer loop
      vertex 17.632 0 31.826
      vertex 24.9029 0 28.0702
      vertex 24.9836 0 28.2049
    endloop
  endfacet
  facet normal 0 -1 0
    outer loop
      vertex 17.632 0 31.826
      vertex 24.8358 0 27.9283
      vertex 24.9029 0 28.0702
    endloop
  endfacet
  facet normal 0 -1 0
    outer loop
      vertex 17.632 0 31.826
      vertex 24.7829 0 27.7805
      vertex 24.8358 0 27.9283
    endloop
  endfacet
  facet normal 0 -1 0
    outer loop
      vertex 17.632 0 31.826
      vertex 24.7447 0 27.6281
      vertex 24.7829 0 27.7805
    endloop
  endfacet
  facet normal 0 -1 0
    outer loop
      vertex 17.632 0 31.826
      vertex 24.7217 0 27.4728
      vertex 24.7447 0 27.6281
    endloop
  endfacet
  facet normal 0 -1 0
    outer loop
      vertex 17.632 0 31.826
      vertex 24.714 0 27.316
      vertex 24.7217 0 27.4728
    endloop
  endfacet
  facet normal 0 -1 0
    outer loop
      vertex 17.632 0 31.826
      vertex 24.7217 0 27.1592
      vertex 24.714 0 27.316
    endloop
  endfacet
  facet normal 0 -1 0
    outer loop
      vertex 24.9029 0 26.5618
      vertex 14.664 0 29.638
      vertex 11.798 0 27.045
    endloop
  endfacet
  facet normal 0 -1 0
    outer loop
      vertex 14.664 0 29.638
      vertex 24.7447 0 27.0039
      vertex 24.7217 0 27.1592
    endloop
  endfacet
  facet normal 0 -1 0
    outer loop
      vertex 14.664 0 29.638
      vertex 24.7829 0 26.8515
      vertex 24.7447 0 27.0039
    endloop
  endfacet
  facet normal 0 -1 0
    outer loop
      vertex 14.664 0 29.638
      vertex 24.8358 0 26.7037
      vertex 24.7829 0 26.8515
    endloop
  endfacet
  facet normal 0 -1 0
    outer loop
      vertex 14.664 0 29.638
      vertex 24.9029 0 26.5618
      vertex 24.8358 0 26.7037
    endloop
  endfacet
  facet normal 0 -1 0
    outer loop
      vertex 11.798 0 27.045
      vertex 24.9836 0 26.4271
      vertex 24.9029 0 26.5618
    endloop
  endfacet
  facet normal 0 -1 0
    outer loop
      vertex 11.798 0 27.045
      vertex 25.0772 0 26.301
      vertex 24.9836 0 26.4271
    endloop
  endfacet
  facet normal 0 -1 0
    outer loop
      vertex 11.798 0 27.045
      vertex 25.1826 0 26.1846
      vertex 25.0772 0 26.301
    endloop
  endfacet
  facet normal 0 -1 0
    outer loop
      vertex 26.1572 0 13.4083
      vertex 25.1826 0 26.1846
      vertex 11.798 0 27.045
    endloop
  endfacet
  facet normal 0 -1 0
    outer loop
      vertex 26.1572 0 13.4083
      vertex 25.299 0 26.0792
      vertex 25.1826 0 26.1846
    endloop
  endfacet
  facet normal 0 -1 0
    outer loop
      vertex 26.1572 0 13.4083
      vertex 25.4251 0 25.9856
      vertex 25.299 0 26.0792
    endloop
  endfacet
  facet normal 0 -1 0
    outer loop
      vertex 26.1572 0 13.4083
      vertex 25.5598 0 25.9049
      vertex 25.4251 0 25.9856
    endloop
  endfacet
  facet normal 0 -1 0
    outer loop
      vertex 26.1572 0 13.4083
      vertex 25.7017 0 25.8378
      vertex 25.5598 0 25.9049
    endloop
  endfacet
  facet normal 0 -1 0
    outer loop
      vertex 26.1572 0 13.4083
      vertex 25.8495 0 25.7849
      vertex 25.7017 0 25.8378
    endloop
  endfacet
  facet normal 0 -1 0
    outer loop
      vertex 26.1572 0 13.4083
      vertex 26.0019 0 25.7467
      vertex 25.8495 0 25.7849
    endloop
  endfacet
  facet normal 0 -1 0
    outer loop
      vertex 26.1572 0 13.4083
      vertex 26.1572 0 25.7237
      vertex 26.0019 0 25.7467
    endloop
  endfacet
  facet normal 0 -1 0
    outer loop
      vertex 26.1572 0 13.4083
      vertex 11.798 0 27.045
      vertex 9.099 0 24.145
    endloop
  endfacet
  facet normal 0 -1 0
    outer loop
      vertex 30.661 0 35.012
      vertex 31.095 0 35.024
      vertex 29.7 0 35.019
    endloop
  endfacet
  facet normal 0 -1 -0
    outer loop
      vertex 31.095 0 35.024
      vertex 30.661 0 35.012
      vertex 31.234 0 35.02
    endloop
  endfacet
  facet normal 0 -1 0
    outer loop
      vertex 29.7 0 35.019
      vertex 29.919 0 35.004
      vertex 30.661 0 35.012
    endloop
  endfacet
  facet normal 0 -1 0
    outer loop
      vertex 26.9263 0 28.7942
      vertex 29.7 0 35.019
      vertex 26.506 0 35
    endloop
  endfacet
  facet normal 0 -1 0
    outer loop
      vertex 26.1572 0 28.9083
      vertex 26.506 0 35
      vertex 23.617 0 34.603
    endloop
  endfacet
  facet normal 0 -1 0
    outer loop
      vertex 26.1572 0 28.9083
      vertex 23.617 0 34.603
      vertex 20.638 0 33.513
    endloop
  endfacet
  facet normal 0 -1 0
    outer loop
      vertex 26.1572 0 28.9083
      vertex 20.638 0 33.513
      vertex 17.632 0 31.826
    endloop
  endfacet
  facet normal 0 -1 0
    outer loop
      vertex 24.7217 0 27.1592
      vertex 17.632 0 31.826
      vertex 14.664 0 29.638
    endloop
  endfacet
  facet normal 0 -1 0
    outer loop
      vertex 26.506 0 35
      vertex 26.314 0 28.916
      vertex 26.4708 0 28.9083
    endloop
  endfacet
  facet normal 0 -1 0
    outer loop
      vertex 26.6261 0 28.8853
      vertex 26.506 0 35
      vertex 26.4708 0 28.9083
    endloop
  endfacet
  facet normal 0 -1 0
    outer loop
      vertex 26.7785 0 28.8471
      vertex 26.506 0 35
      vertex 26.6261 0 28.8853
    endloop
  endfacet
  facet normal 0 -1 0
    outer loop
      vertex 26.9263 0 28.7942
      vertex 26.506 0 35
      vertex 26.7785 0 28.8471
    endloop
  endfacet
  facet normal 0 -1 0
    outer loop
      vertex 27.0682 0 28.7271
      vertex 29.7 0 35.019
      vertex 26.9263 0 28.7942
    endloop
  endfacet
  facet normal 0 -1 0
    outer loop
      vertex 27.2029 0 28.6464
      vertex 29.7 0 35.019
      vertex 27.0682 0 28.7271
    endloop
  endfacet
  facet normal 0 -1 0
    outer loop
      vertex 27.329 0 28.5528
      vertex 29.7 0 35.019
      vertex 27.2029 0 28.6464
    endloop
  endfacet
  facet normal 0 -1 -0
    outer loop
      vertex 29.7 0 35.019
      vertex 27.329 0 28.5528
      vertex 29.919 0 35.004
    endloop
  endfacet
  facet normal 0 -1 0
    outer loop
      vertex 27.4454 0 28.4474
      vertex 29.919 0 35.004
      vertex 27.329 0 28.5528
    endloop
  endfacet
  facet normal 0 -1 0
    outer loop
      vertex 27.5508 0 28.331
      vertex 29.919 0 35.004
      vertex 27.4454 0 28.4474
    endloop
  endfacet
  facet normal 0 -1 0
    outer loop
      vertex 27.6444 0 28.2049
      vertex 29.919 0 35.004
      vertex 27.5508 0 28.331
    endloop
  endfacet
  facet normal 0 -1 0
    outer loop
      vertex 27.7251 0 28.0702
      vertex 29.919 0 35.004
      vertex 27.6444 0 28.2049
    endloop
  endfacet
  facet normal 0 -1 0
    outer loop
      vertex 27.7922 0 27.9283
      vertex 29.919 0 35.004
      vertex 27.7251 0 28.0702
    endloop
  endfacet
  facet normal 0 -1 0
    outer loop
      vertex 27.8451 0 27.7805
      vertex 29.919 0 35.004
      vertex 27.7922 0 27.9283
    endloop
  endfacet
  facet normal 0 -1 0
    outer loop
      vertex 27.8833 0 27.6281
      vertex 29.919 0 35.004
      vertex 27.8451 0 27.7805
    endloop
  endfacet
  facet normal 0 -1 0
    outer loop
      vertex 27.9063 0 27.4728
      vertex 29.919 0 35.004
      vertex 27.8833 0 27.6281
    endloop
  endfacet
  facet normal 0 -1 0
    outer loop
      vertex 27.914 0 27.316
      vertex 29.919 0 35.004
      vertex 27.9063 0 27.4728
    endloop
  endfacet
  facet normal 0 -1 0
    outer loop
      vertex 27.9063 0 27.1592
      vertex 29.919 0 35.004
      vertex 27.914 0 27.316
    endloop
  endfacet
  facet normal 0 -1 0
    outer loop
      vertex 27.8833 0 27.0039
      vertex 29.919 0 35.004
      vertex 27.9063 0 27.1592
    endloop
  endfacet
  facet normal 0 -1 0
    outer loop
      vertex 27.8833 0 12.1281
      vertex 27.8833 0 27.0039
      vertex 27.8451 0 26.8515
    endloop
  endfacet
  facet normal 0 -1 0
    outer loop
      vertex 26.1572 0 25.7237
      vertex 26.314 0 13.416
      vertex 26.314 0 25.716
    endloop
  endfacet
  facet normal 0 -1 0
    outer loop
      vertex 26.1572 0 13.4083
      vertex 9.099 0 24.145
      vertex 6.631 0 21.034
    endloop
  endfacet
  facet normal 0 -1 0
    outer loop
      vertex 26.314 0 25.716
      vertex 26.314 0 13.416
      vertex 26.4708 0 25.7237
    endloop
  endfacet
  facet normal 0 -1 0
    outer loop
      vertex 26.1572 0 13.4083
      vertex 6.631 0 21.034
      vertex 4.459 0 17.807
    endloop
  endfacet
  facet normal 0 -1 0
    outer loop
      vertex 26.4708 0 13.4083
      vertex 26.4708 0 25.7237
      vertex 26.314 0 13.416
    endloop
  endfacet
  facet normal 0 -1 0
    outer loop
      vertex 24.7217 0 11.6592
      vertex 4.459 0 17.807
      vertex 2.646 0 14.562
    endloop
  endfacet
  facet normal 0 -1 0
    outer loop
      vertex 26.4708 0 25.7237
      vertex 26.4708 0 13.4083
      vertex 26.6261 0 25.7467
    endloop
  endfacet
  facet normal 0 -1 0
    outer loop
      vertex 26.6261 0 13.3853
      vertex 26.6261 0 25.7467
      vertex 26.4708 0 13.4083
    endloop
  endfacet
  facet normal 0 -1 0
    outer loop
      vertex 26.6261 0 25.7467
      vertex 26.6261 0 13.3853
      vertex 26.7785 0 25.7849
    endloop
  endfacet
  facet normal 0 -1 0
    outer loop
      vertex 26.7785 0 13.3471
      vertex 26.7785 0 25.7849
      vertex 26.6261 0 13.3853
    endloop
  endfacet
  facet normal 0 -1 0
    outer loop
      vertex 26.7785 0 25.7849
      vertex 26.7785 0 13.3471
      vertex 26.9263 0 25.8378
    endloop
  endfacet
  facet normal 0 -1 0
    outer loop
      vertex 26.9263 0 13.2942
      vertex 26.9263 0 25.8378
      vertex 26.7785 0 13.3471
    endloop
  endfacet
  facet normal 0 -1 0
    outer loop
      vertex 26.9263 0 25.8378
      vertex 26.9263 0 13.2942
      vertex 27.0682 0 25.9049
    endloop
  endfacet
  facet normal 0 -1 0
    outer loop
      vertex 27.0682 0 13.2271
      vertex 27.0682 0 25.9049
      vertex 26.9263 0 13.2942
    endloop
  endfacet
  facet normal 0 -1 0
    outer loop
      vertex 27.0682 0 25.9049
      vertex 27.0682 0 13.2271
      vertex 27.2029 0 25.9856
    endloop
  endfacet
  facet normal 0 -1 0
    outer loop
      vertex 27.2029 0 13.1464
      vertex 27.2029 0 25.9856
      vertex 27.0682 0 13.2271
    endloop
  endfacet
  facet normal 0 -1 0
    outer loop
      vertex 27.2029 0 25.9856
      vertex 27.2029 0 13.1464
      vertex 27.329 0 26.0792
    endloop
  endfacet
  facet normal 0 -1 0
    outer loop
      vertex 27.329 0 13.0528
      vertex 27.329 0 26.0792
      vertex 27.2029 0 13.1464
    endloop
  endfacet
  facet normal 0 -1 0
    outer loop
      vertex 27.329 0 26.0792
      vertex 27.329 0 13.0528
      vertex 27.4454 0 26.1846
    endloop
  endfacet
  facet normal 0 -1 0
    outer loop
      vertex 27.4454 0 12.9474
      vertex 27.4454 0 26.1846
      vertex 27.329 0 13.0528
    endloop
  endfacet
  facet normal 0 -1 0
    outer loop
      vertex 27.4454 0 26.1846
      vertex 27.4454 0 12.9474
      vertex 27.5508 0 26.301
    endloop
  endfacet
  facet normal 0 -1 0
    outer loop
      vertex 27.5508 0 12.831
      vertex 27.5508 0 26.301
      vertex 27.4454 0 12.9474
    endloop
  endfacet
  facet normal 0 -1 0
    outer loop
      vertex 27.5508 0 26.301
      vertex 27.5508 0 12.831
      vertex 27.6444 0 26.4271
    endloop
  endfacet
  facet normal 0 -1 0
    outer loop
      vertex 27.6444 0 12.7049
      vertex 27.6444 0 26.4271
      vertex 27.5508 0 12.831
    endloop
  endfacet
  facet normal 0 -1 0
    outer loop
      vertex 27.6444 0 26.4271
      vertex 27.6444 0 12.7049
      vertex 27.7251 0 26.5618
    endloop
  endfacet
  facet normal 0 -1 0
    outer loop
      vertex 27.7251 0 12.5702
      vertex 27.7251 0 26.5618
      vertex 27.6444 0 12.7049
    endloop
  endfacet
  facet normal 0 -1 0
    outer loop
      vertex 27.7251 0 26.5618
      vertex 27.7251 0 12.5702
      vertex 27.7922 0 26.7037
    endloop
  endfacet
  facet normal 0 -1 0
    outer loop
      vertex 27.7922 0 12.4283
      vertex 27.7922 0 26.7037
      vertex 27.7251 0 12.5702
    endloop
  endfacet
  facet normal 0 -1 0
    outer loop
      vertex 27.7922 0 26.7037
      vertex 27.7922 0 12.4283
      vertex 27.8451 0 26.8515
    endloop
  endfacet
  facet normal 0 -1 0
    outer loop
      vertex 27.8451 0 12.2805
      vertex 27.8451 0 26.8515
      vertex 27.7922 0 12.4283
    endloop
  endfacet
  facet normal 0 -1 0
    outer loop
      vertex 27.8833 0 12.1281
      vertex 27.8451 0 26.8515
      vertex 27.8451 0 12.2805
    endloop
  endfacet
  facet normal 0 -1 0
    outer loop
      vertex 27.8833 0 27.0039
      vertex 27.8833 0 12.1281
      vertex 29.919 0 35.004
    endloop
  endfacet
  facet normal 0 -1 0
    outer loop
      vertex 27.9063 0 11.9728
      vertex 29.919 0 35.004
      vertex 27.8833 0 12.1281
    endloop
  endfacet
  facet normal 0 -1 0
    outer loop
      vertex 29.5511 0 0.00999928
      vertex 27.9063 0 11.9728
      vertex 27.914 0 11.816
    endloop
  endfacet
  facet normal 0 -1 0
    outer loop
      vertex 29.5511 0 0.00999928
      vertex 27.914 0 11.816
      vertex 27.9063 0 11.6592
    endloop
  endfacet
  facet normal 0 -1 0
    outer loop
      vertex 29.5511 0 0.00999928
      vertex 25.1826 0 10.6846
      vertex 0.0794826 0 0.00999928
    endloop
  endfacet
  facet normal 0 -1 0
    outer loop
      vertex 25.1826 0 10.6846
      vertex 29.5511 0 0.00999928
      vertex 25.299 0 10.5792
    endloop
  endfacet
  facet normal 0 -1 0
    outer loop
      vertex 25.299 0 10.5792
      vertex 29.5511 0 0.00999928
      vertex 25.4251 0 10.4856
    endloop
  endfacet
  facet normal 0 -1 0
    outer loop
      vertex 25.4251 0 10.4856
      vertex 29.5511 0 0.00999928
      vertex 25.5598 0 10.4049
    endloop
  endfacet
  facet normal 0 -1 0
    outer loop
      vertex 25.5598 0 10.4049
      vertex 29.5511 0 0.00999928
      vertex 25.7017 0 10.3378
    endloop
  endfacet
  facet normal 0 -1 0
    outer loop
      vertex 26.0019 0 10.2467
      vertex 29.5511 0 0.00999928
      vertex 26.1572 0 10.2237
    endloop
  endfacet
  facet normal 0 -1 0
    outer loop
      vertex 26.314 0 10.216
      vertex 29.5511 0 0.00999928
      vertex 26.4708 0 10.2237
    endloop
  endfacet
  facet normal 0 -1 0
    outer loop
      vertex 26.4708 0 10.2237
      vertex 29.5511 0 0.00999928
      vertex 26.6261 0 10.2467
    endloop
  endfacet
  facet normal 0 -1 0
    outer loop
      vertex 26.1572 0 10.2237
      vertex 29.5511 0 0.00999928
      vertex 26.314 0 10.216
    endloop
  endfacet
  facet normal 0 -1 0
    outer loop
      vertex 26.6261 0 10.2467
      vertex 29.5511 0 0.00999928
      vertex 26.7785 0 10.2849
    endloop
  endfacet
  facet normal 0 -1 0
    outer loop
      vertex 25.7017 0 10.3378
      vertex 29.5511 0 0.00999928
      vertex 25.8495 0 10.2849
    endloop
  endfacet
  facet normal 0 -1 0
    outer loop
      vertex 25.8495 0 10.2849
      vertex 29.5511 0 0.00999928
      vertex 26.0019 0 10.2467
    endloop
  endfacet
  facet normal 0 -1 0
    outer loop
      vertex 27.9063 0 11.9728
      vertex 29.5511 0 0.00999928
      vertex 29.919 0 35.004
    endloop
  endfacet
  facet normal 0 -1 0
    outer loop
      vertex 27.8833 0 11.5039
      vertex 29.5511 0 0.00999928
      vertex 27.9063 0 11.6592
    endloop
  endfacet
  facet normal 0 -1 0
    outer loop
      vertex 27.8451 0 11.3515
      vertex 29.5511 0 0.00999928
      vertex 27.8833 0 11.5039
    endloop
  endfacet
  facet normal 0 -1 0
    outer loop
      vertex 27.7922 0 11.2037
      vertex 29.5511 0 0.00999928
      vertex 27.8451 0 11.3515
    endloop
  endfacet
  facet normal 0 -1 0
    outer loop
      vertex 27.7251 0 11.0618
      vertex 29.5511 0 0.00999928
      vertex 27.7922 0 11.2037
    endloop
  endfacet
  facet normal 0 -1 0
    outer loop
      vertex 27.6444 0 10.9271
      vertex 29.5511 0 0.00999928
      vertex 27.7251 0 11.0618
    endloop
  endfacet
  facet normal 0 -1 0
    outer loop
      vertex 27.5508 0 10.801
      vertex 29.5511 0 0.00999928
      vertex 27.6444 0 10.9271
    endloop
  endfacet
  facet normal 0 -1 0
    outer loop
      vertex 27.4454 0 10.6846
      vertex 29.5511 0 0.00999928
      vertex 27.5508 0 10.801
    endloop
  endfacet
  facet normal 0 -1 0
    outer loop
      vertex 27.329 0 10.5792
      vertex 29.5511 0 0.00999928
      vertex 27.4454 0 10.6846
    endloop
  endfacet
  facet normal 0 -1 0
    outer loop
      vertex 27.2029 0 10.4856
      vertex 29.5511 0 0.00999928
      vertex 27.329 0 10.5792
    endloop
  endfacet
  facet normal 0 -1 0
    outer loop
      vertex 27.0682 0 10.4049
      vertex 29.5511 0 0.00999928
      vertex 27.2029 0 10.4856
    endloop
  endfacet
  facet normal 0 -1 0
    outer loop
      vertex 26.9263 0 10.3378
      vertex 29.5511 0 0.00999928
      vertex 27.0682 0 10.4049
    endloop
  endfacet
  facet normal 0 -1 0
    outer loop
      vertex 26.7785 0 10.2849
      vertex 29.5511 0 0.00999928
      vertex 26.9263 0 10.3378
    endloop
  endfacet
  facet normal 0 1 0
    outer loop
      vertex 30.661 2.5 35.012
      vertex 31.095 2.5 35.024
      vertex 31.234 2.5 35.02
    endloop
  endfacet
  facet normal 0 1 0
    outer loop
      vertex 31.095 2.5 35.024
      vertex 30.661 2.5 35.012
      vertex 29.7 2.5 35.019
    endloop
  endfacet
  facet normal 0 1 -0
    outer loop
      vertex 29.919 2.5 35.004
      vertex 29.7 2.5 35.019
      vertex 30.661 2.5 35.012
    endloop
  endfacet
  facet normal 0 1 0
    outer loop
      vertex 27.329 2.5 28.5528
      vertex 29.7 2.5 35.019
      vertex 29.919 2.5 35.004
    endloop
  endfacet
  facet normal 0 1 0
    outer loop
      vertex 29.7 2.5 35.019
      vertex 26.9263 2.5 28.7942
      vertex 26.506 2.5 35
    endloop
  endfacet
  facet normal -0 1 0
    outer loop
      vertex 26.314 2.5 28.916
      vertex 26.506 2.5 35
      vertex 26.4708 2.5 28.9083
    endloop
  endfacet
  facet normal 0 1 -0
    outer loop
      vertex 25.8495 2.5 28.8471
      vertex 23.617 2.5 34.603
      vertex 26.0019 2.5 28.8853
    endloop
  endfacet
  facet normal 0 1 -0
    outer loop
      vertex 25.4251 2.5 28.6464
      vertex 23.617 2.5 34.603
      vertex 25.5598 2.5 28.7271
    endloop
  endfacet
  facet normal 0 1 0
    outer loop
      vertex 26.0019 2.5 28.8853
      vertex 26.506 2.5 35
      vertex 26.1572 2.5 28.9083
    endloop
  endfacet
  facet normal 0 1 0
    outer loop
      vertex 26.1572 2.5 28.9083
      vertex 26.506 2.5 35
      vertex 26.314 2.5 28.916
    endloop
  endfacet
  facet normal 0 1 0
    outer loop
      vertex 26.506 2.5 35
      vertex 26.6261 2.5 28.8853
      vertex 26.4708 2.5 28.9083
    endloop
  endfacet
  facet normal 0 1 0
    outer loop
      vertex 26.506 2.5 35
      vertex 26.7785 2.5 28.8471
      vertex 26.6261 2.5 28.8853
    endloop
  endfacet
  facet normal 0 1 0
    outer loop
      vertex 26.506 2.5 35
      vertex 26.9263 2.5 28.7942
      vertex 26.7785 2.5 28.8471
    endloop
  endfacet
  facet normal 0 1 0
    outer loop
      vertex 29.7 2.5 35.019
      vertex 27.0682 2.5 28.7271
      vertex 26.9263 2.5 28.7942
    endloop
  endfacet
  facet normal 0 1 0
    outer loop
      vertex 29.7 2.5 35.019
      vertex 27.2029 2.5 28.6464
      vertex 27.0682 2.5 28.7271
    endloop
  endfacet
  facet normal 0 1 0
    outer loop
      vertex 29.7 2.5 35.019
      vertex 27.329 2.5 28.5528
      vertex 27.2029 2.5 28.6464
    endloop
  endfacet
  facet normal 0 1 0
    outer loop
      vertex 29.919 2.5 35.004
      vertex 27.4454 2.5 28.4474
      vertex 27.329 2.5 28.5528
    endloop
  endfacet
  facet normal 0 1 0
    outer loop
      vertex 29.919 2.5 35.004
      vertex 27.5508 2.5 28.331
      vertex 27.4454 2.5 28.4474
    endloop
  endfacet
  facet normal 0 1 0
    outer loop
      vertex 29.919 2.5 35.004
      vertex 27.6444 2.5 28.2049
      vertex 27.5508 2.5 28.331
    endloop
  endfacet
  facet normal 0 1 0
    outer loop
      vertex 29.919 2.5 35.004
      vertex 27.7251 2.5 28.0702
      vertex 27.6444 2.5 28.2049
    endloop
  endfacet
  facet normal 0 1 0
    outer loop
      vertex 29.919 2.5 35.004
      vertex 27.7922 2.5 27.9283
      vertex 27.7251 2.5 28.0702
    endloop
  endfacet
  facet normal 0 1 0
    outer loop
      vertex 29.919 2.5 35.004
      vertex 27.8451 2.5 27.7805
      vertex 27.7922 2.5 27.9283
    endloop
  endfacet
  facet normal 0 1 0
    outer loop
      vertex 29.919 2.5 35.004
      vertex 27.8833 2.5 27.6281
      vertex 27.8451 2.5 27.7805
    endloop
  endfacet
  facet normal 0 1 0
    outer loop
      vertex 29.919 2.5 35.004
      vertex 27.9063 2.5 27.4728
      vertex 27.8833 2.5 27.6281
    endloop
  endfacet
  facet normal 0 1 0
    outer loop
      vertex 29.919 2.5 35.004
      vertex 27.914 2.5 27.316
      vertex 27.9063 2.5 27.4728
    endloop
  endfacet
  facet normal 0 1 0
    outer loop
      vertex 29.919 2.5 35.004
      vertex 27.9063 2.5 27.1592
      vertex 27.914 2.5 27.316
    endloop
  endfacet
  facet normal 0 1 0
    outer loop
      vertex 29.919 2.5 35.004
      vertex 27.8833 2.5 27.0039
      vertex 27.9063 2.5 27.1592
    endloop
  endfacet
  facet normal 0 1 0
    outer loop
      vertex 27.8833 2.5 12.1281
      vertex 27.8833 2.5 27.0039
      vertex 29.919 2.5 35.004
    endloop
  endfacet
  facet normal 0 1 0
    outer loop
      vertex 26.314 2.5 13.416
      vertex 26.314 2.5 25.716
      vertex 26.4708 2.5 25.7237
    endloop
  endfacet
  facet normal 0 1 0
    outer loop
      vertex 26.314 2.5 25.716
      vertex 25.1826 2.5 12.9474
      vertex 9.099 2.5 24.145
    endloop
  endfacet
  facet normal 0 1 0
    outer loop
      vertex 26.4708 2.5 13.4083
      vertex 26.4708 2.5 25.7237
      vertex 26.6261 2.5 25.7467
    endloop
  endfacet
  facet normal 0 1 -0
    outer loop
      vertex 25.0772 2.5 12.831
      vertex 9.099 2.5 24.145
      vertex 25.1826 2.5 12.9474
    endloop
  endfacet
  facet normal 0 1 0
    outer loop
      vertex 26.6261 2.5 13.3853
      vertex 26.6261 2.5 25.7467
      vertex 26.7785 2.5 25.7849
    endloop
  endfacet
  facet normal 0 1 -0
    outer loop
      vertex 24.9029 2.5 12.5702
      vertex 9.099 2.5 24.145
      vertex 24.9836 2.5 12.7049
    endloop
  endfacet
  facet normal 0 1 0
    outer loop
      vertex 26.7785 2.5 13.3471
      vertex 26.7785 2.5 25.7849
      vertex 26.9263 2.5 25.8378
    endloop
  endfacet
  facet normal 0 1 0
    outer loop
      vertex 26.314 2.5 25.716
      vertex 26.314 2.5 13.416
      vertex 26.1572 2.5 13.4083
    endloop
  endfacet
  facet normal 0 1 0
    outer loop
      vertex 26.9263 2.5 13.2942
      vertex 26.9263 2.5 25.8378
      vertex 27.0682 2.5 25.9049
    endloop
  endfacet
  facet normal 0 1 0
    outer loop
      vertex 27.0682 2.5 13.2271
      vertex 27.0682 2.5 25.9049
      vertex 27.2029 2.5 25.9856
    endloop
  endfacet
  facet normal 0 1 0
    outer loop
      vertex 27.2029 2.5 13.1464
      vertex 27.2029 2.5 25.9856
      vertex 27.329 2.5 26.0792
    endloop
  endfacet
  facet normal 0 1 0
    outer loop
      vertex 27.329 2.5 13.0528
      vertex 27.329 2.5 26.0792
      vertex 27.4454 2.5 26.1846
    endloop
  endfacet
  facet normal 0 1 0
    outer loop
      vertex 27.4454 2.5 12.9474
      vertex 27.4454 2.5 26.1846
      vertex 27.5508 2.5 26.301
    endloop
  endfacet
  facet normal 0 1 0
    outer loop
      vertex 27.5508 2.5 12.831
      vertex 27.5508 2.5 26.301
      vertex 27.6444 2.5 26.4271
    endloop
  endfacet
  facet normal 0 1 0
    outer loop
      vertex 27.6444 2.5 12.7049
      vertex 27.6444 2.5 26.4271
      vertex 27.7251 2.5 26.5618
    endloop
  endfacet
  facet normal 0 1 0
    outer loop
      vertex 27.7251 2.5 12.5702
      vertex 27.7251 2.5 26.5618
      vertex 27.7922 2.5 26.7037
    endloop
  endfacet
  facet normal 0 1 0
    outer loop
      vertex 27.7922 2.5 12.4283
      vertex 27.7922 2.5 26.7037
      vertex 27.8451 2.5 26.8515
    endloop
  endfacet
  facet normal 0 1 0
    outer loop
      vertex 27.8833 2.5 27.0039
      vertex 27.8833 2.5 12.1281
      vertex 27.8451 2.5 26.8515
    endloop
  endfacet
  facet normal 0 1 0
    outer loop
      vertex 26.4708 2.5 25.7237
      vertex 26.4708 2.5 13.4083
      vertex 26.314 2.5 13.416
    endloop
  endfacet
  facet normal 0 1 0
    outer loop
      vertex 26.6261 2.5 25.7467
      vertex 26.6261 2.5 13.3853
      vertex 26.4708 2.5 13.4083
    endloop
  endfacet
  facet normal 0 1 0
    outer loop
      vertex 26.7785 2.5 25.7849
      vertex 26.7785 2.5 13.3471
      vertex 26.6261 2.5 13.3853
    endloop
  endfacet
  facet normal 0 1 0
    outer loop
      vertex 26.9263 2.5 25.8378
      vertex 26.9263 2.5 13.2942
      vertex 26.7785 2.5 13.3471
    endloop
  endfacet
  facet normal 0 1 0
    outer loop
      vertex 27.0682 2.5 25.9049
      vertex 27.0682 2.5 13.2271
      vertex 26.9263 2.5 13.2942
    endloop
  endfacet
  facet normal 0 1 0
    outer loop
      vertex 27.2029 2.5 25.9856
      vertex 27.2029 2.5 13.1464
      vertex 27.0682 2.5 13.2271
    endloop
  endfacet
  facet normal 0 1 0
    outer loop
      vertex 27.329 2.5 26.0792
      vertex 27.329 2.5 13.0528
      vertex 27.2029 2.5 13.1464
    endloop
  endfacet
  facet normal 0 1 0
    outer loop
      vertex 27.4454 2.5 26.1846
      vertex 27.4454 2.5 12.9474
      vertex 27.329 2.5 13.0528
    endloop
  endfacet
  facet normal 0 1 0
    outer loop
      vertex 27.5508 2.5 26.301
      vertex 27.5508 2.5 12.831
      vertex 27.4454 2.5 12.9474
    endloop
  endfacet
  facet normal 0 1 0
    outer loop
      vertex 27.6444 2.5 26.4271
      vertex 27.6444 2.5 12.7049
      vertex 27.5508 2.5 12.831
    endloop
  endfacet
  facet normal 0 1 0
    outer loop
      vertex 27.7251 2.5 26.5618
      vertex 27.7251 2.5 12.5702
      vertex 27.6444 2.5 12.7049
    endloop
  endfacet
  facet normal 0 1 0
    outer loop
      vertex 27.7922 2.5 26.7037
      vertex 27.7922 2.5 12.4283
      vertex 27.7251 2.5 12.5702
    endloop
  endfacet
  facet normal 0 1 0
    outer loop
      vertex 27.8451 2.5 26.8515
      vertex 27.8451 2.5 12.2805
      vertex 27.7922 2.5 12.4283
    endloop
  endfacet
  facet normal 0 1 0
    outer loop
      vertex 27.8451 2.5 26.8515
      vertex 27.8833 2.5 12.1281
      vertex 27.8451 2.5 12.2805
    endloop
  endfacet
  facet normal 0 1 0
    outer loop
      vertex 29.919 2.5 35.004
      vertex 27.9063 2.5 11.9728
      vertex 27.8833 2.5 12.1281
    endloop
  endfacet
  facet normal 0 1 -0
    outer loop
      vertex 29.5511 2.5 0.00999928
      vertex 27.9063 2.5 11.9728
      vertex 29.919 2.5 35.004
    endloop
  endfacet
  facet normal 0 1 0
    outer loop
      vertex 27.9063 2.5 11.9728
      vertex 29.5511 2.5 0.00999928
      vertex 27.914 2.5 11.816
    endloop
  endfacet
  facet normal 0 1 0
    outer loop
      vertex 29.5511 2.5 0.00999928
      vertex 26.314 2.5 10.216
      vertex 26.4708 2.5 10.2237
    endloop
  endfacet
  facet normal 0 1 0
    outer loop
      vertex 26.314 2.5 10.216
      vertex 0 2.5 4.56
      vertex 0.359985 2.5 8.40099
    endloop
  endfacet
  facet normal 0 1 0
    outer loop
      vertex 29.5511 2.5 0.00999928
      vertex 26.4708 2.5 10.2237
      vertex 26.6261 2.5 10.2467
    endloop
  endfacet
  facet normal 0 1 0
    outer loop
      vertex 26.314 2.5 10.216
      vertex 0 2.5 3.506
      vertex 0 2.5 4.56
    endloop
  endfacet
  facet normal 0 1 0
    outer loop
      vertex 29.5511 2.5 0.00999928
      vertex 26.6261 2.5 10.2467
      vertex 26.7785 2.5 10.2849
    endloop
  endfacet
  facet normal 0 1 0
    outer loop
      vertex 26.314 2.5 10.216
      vertex 0.00999451 2.5 2.543
      vertex 0 2.5 3.506
    endloop
  endfacet
  facet normal 0 1 0
    outer loop
      vertex 26.314 2.5 10.216
      vertex 0.0249939 2.5 1.69699
      vertex 0.00999451 2.5 2.543
    endloop
  endfacet
  facet normal 0 1 0
    outer loop
      vertex 26.314 2.5 10.216
      vertex 0.0439911 2.5 0.992996
      vertex 0.0249939 2.5 1.69699
    endloop
  endfacet
  facet normal -0 1 0
    outer loop
      vertex 0.0609894 2.5 0.459
      vertex 26.314 2.5 10.216
      vertex 29.5511 2.5 0.00999928
    endloop
  endfacet
  facet normal 0 1 0
    outer loop
      vertex 29.5511 2.5 0.00999928
      vertex 26.7785 2.5 10.2849
      vertex 26.9263 2.5 10.3378
    endloop
  endfacet
  facet normal 0 1 0
    outer loop
      vertex 26.314 2.5 10.216
      vertex 0.0609894 2.5 0.459
      vertex 0.0439911 2.5 0.992996
    endloop
  endfacet
  facet normal 0 1 0
    outer loop
      vertex 27.914 2.5 11.816
      vertex 29.5511 2.5 0.00999928
      vertex 27.9063 2.5 11.6592
    endloop
  endfacet
  facet normal 0 1 0
    outer loop
      vertex 29.5511 2.5 0.00999928
      vertex 27.8833 2.5 11.5039
      vertex 27.9063 2.5 11.6592
    endloop
  endfacet
  facet normal 0 1 0
    outer loop
      vertex 29.5511 2.5 0.00999928
      vertex 27.8451 2.5 11.3515
      vertex 27.8833 2.5 11.5039
    endloop
  endfacet
  facet normal 0 1 0
    outer loop
      vertex 29.5511 2.5 0.00999928
      vertex 27.7922 2.5 11.2037
      vertex 27.8451 2.5 11.3515
    endloop
  endfacet
  facet normal 0 1 0
    outer loop
      vertex 29.5511 2.5 0.00999928
      vertex 27.7251 2.5 11.0618
      vertex 27.7922 2.5 11.2037
    endloop
  endfacet
  facet normal 0 1 0
    outer loop
      vertex 29.5511 2.5 0.00999928
      vertex 27.6444 2.5 10.9271
      vertex 27.7251 2.5 11.0618
    endloop
  endfacet
  facet normal 0 1 0
    outer loop
      vertex 29.5511 2.5 0.00999928
      vertex 27.5508 2.5 10.801
      vertex 27.6444 2.5 10.9271
    endloop
  endfacet
  facet normal 0 1 0
    outer loop
      vertex 29.5511 2.5 0.00999928
      vertex 27.4454 2.5 10.6846
      vertex 27.5508 2.5 10.801
    endloop
  endfacet
  facet normal 0 1 0
    outer loop
      vertex 29.5511 2.5 0.00999928
      vertex 27.329 2.5 10.5792
      vertex 27.4454 2.5 10.6846
    endloop
  endfacet
  facet normal 0 1 0
    outer loop
      vertex 29.5511 2.5 0.00999928
      vertex 27.2029 2.5 10.4856
      vertex 27.329 2.5 10.5792
    endloop
  endfacet
  facet normal 0 1 0
    outer loop
      vertex 29.5511 2.5 0.00999928
      vertex 27.0682 2.5 10.4049
      vertex 27.2029 2.5 10.4856
    endloop
  endfacet
  facet normal 0 1 0
    outer loop
      vertex 29.5511 2.5 0.00999928
      vertex 26.9263 2.5 10.3378
      vertex 27.0682 2.5 10.4049
    endloop
  endfacet
  facet normal 0 1 0
    outer loop
      vertex 0.0609894 2.5 0.459
      vertex 29.5511 2.5 0.00999928
      vertex 0.0739899 2.5 0.118988
    endloop
  endfacet
  facet normal 0 1 0
    outer loop
      vertex 0.0739899 2.5 0.118988
      vertex 29.5511 2.5 0.00999928
      vertex 0.0794826 2.5 0.00999928
    endloop
  endfacet
  facet normal 0 1 0
    outer loop
      vertex 26.506 2.5 35
      vertex 26.0019 2.5 28.8853
      vertex 23.617 2.5 34.603
    endloop
  endfacet
  facet normal 0 1 -0
    outer loop
      vertex 25.7017 2.5 28.7942
      vertex 23.617 2.5 34.603
      vertex 25.8495 2.5 28.8471
    endloop
  endfacet
  facet normal 0 1 -0
    outer loop
      vertex 25.5598 2.5 28.7271
      vertex 23.617 2.5 34.603
      vertex 25.7017 2.5 28.7942
    endloop
  endfacet
  facet normal 0 1 -0
    outer loop
      vertex 25.299 2.5 28.5528
      vertex 23.617 2.5 34.603
      vertex 25.4251 2.5 28.6464
    endloop
  endfacet
  facet normal 0 1 0
    outer loop
      vertex 23.617 2.5 34.603
      vertex 25.299 2.5 28.5528
      vertex 20.638 2.5 33.513
    endloop
  endfacet
  facet normal 0 1 -0
    outer loop
      vertex 25.1826 2.5 28.4474
      vertex 20.638 2.5 33.513
      vertex 25.299 2.5 28.5528
    endloop
  endfacet
  facet normal 0 1 -0
    outer loop
      vertex 25.0772 2.5 28.331
      vertex 20.638 2.5 33.513
      vertex 25.1826 2.5 28.4474
    endloop
  endfacet
  facet normal 0 1 -0
    outer loop
      vertex 24.9836 2.5 28.2049
      vertex 20.638 2.5 33.513
      vertex 25.0772 2.5 28.331
    endloop
  endfacet
  facet normal 0 1 -0
    outer loop
      vertex 24.9029 2.5 28.0702
      vertex 20.638 2.5 33.513
      vertex 24.9836 2.5 28.2049
    endloop
  endfacet
  facet normal 0 1 -0
    outer loop
      vertex 24.8358 2.5 27.9283
      vertex 20.638 2.5 33.513
      vertex 24.9029 2.5 28.0702
    endloop
  endfacet
  facet normal 0 1 0
    outer loop
      vertex 20.638 2.5 33.513
      vertex 24.8358 2.5 27.9283
      vertex 17.632 2.5 31.826
    endloop
  endfacet
  facet normal 0 1 -0
    outer loop
      vertex 24.7829 2.5 27.7805
      vertex 17.632 2.5 31.826
      vertex 24.8358 2.5 27.9283
    endloop
  endfacet
  facet normal 0 1 -0
    outer loop
      vertex 24.7447 2.5 27.6281
      vertex 17.632 2.5 31.826
      vertex 24.7829 2.5 27.7805
    endloop
  endfacet
  facet normal 0 1 -0
    outer loop
      vertex 24.7217 2.5 27.4728
      vertex 17.632 2.5 31.826
      vertex 24.7447 2.5 27.6281
    endloop
  endfacet
  facet normal 0 1 -0
    outer loop
      vertex 24.714 2.5 27.316
      vertex 17.632 2.5 31.826
      vertex 24.7217 2.5 27.4728
    endloop
  endfacet
  facet normal 0 1 0
    outer loop
      vertex 24.7217 2.5 27.1592
      vertex 17.632 2.5 31.826
      vertex 24.714 2.5 27.316
    endloop
  endfacet
  facet normal 0 1 0
    outer loop
      vertex 17.632 2.5 31.826
      vertex 24.7217 2.5 27.1592
      vertex 14.664 2.5 29.638
    endloop
  endfacet
  facet normal 0 1 0
    outer loop
      vertex 24.7447 2.5 27.0039
      vertex 14.664 2.5 29.638
      vertex 24.7217 2.5 27.1592
    endloop
  endfacet
  facet normal 0 1 0
    outer loop
      vertex 24.7829 2.5 26.8515
      vertex 14.664 2.5 29.638
      vertex 24.7447 2.5 27.0039
    endloop
  endfacet
  facet normal 0 1 0
    outer loop
      vertex 24.8358 2.5 26.7037
      vertex 14.664 2.5 29.638
      vertex 24.7829 2.5 26.8515
    endloop
  endfacet
  facet normal 0 1 0
    outer loop
      vertex 24.9029 2.5 26.5618
      vertex 14.664 2.5 29.638
      vertex 24.8358 2.5 26.7037
    endloop
  endfacet
  facet normal 0 1 0
    outer loop
      vertex 14.664 2.5 29.638
      vertex 24.9029 2.5 26.5618
      vertex 11.798 2.5 27.045
    endloop
  endfacet
  facet normal 0 1 0
    outer loop
      vertex 24.9836 2.5 26.4271
      vertex 11.798 2.5 27.045
      vertex 24.9029 2.5 26.5618
    endloop
  endfacet
  facet normal 0 1 0
    outer loop
      vertex 25.0772 2.5 26.301
      vertex 11.798 2.5 27.045
      vertex 24.9836 2.5 26.4271
    endloop
  endfacet
  facet normal 0 1 0
    outer loop
      vertex 25.1826 2.5 26.1846
      vertex 11.798 2.5 27.045
      vertex 25.0772 2.5 26.301
    endloop
  endfacet
  facet normal 0 1 0
    outer loop
      vertex 9.099 2.5 24.145
      vertex 25.1826 2.5 26.1846
      vertex 25.299 2.5 26.0792
    endloop
  endfacet
  facet normal 0 1 0
    outer loop
      vertex 9.099 2.5 24.145
      vertex 25.299 2.5 26.0792
      vertex 25.4251 2.5 25.9856
    endloop
  endfacet
  facet normal 0 1 0
    outer loop
      vertex 9.099 2.5 24.145
      vertex 25.4251 2.5 25.9856
      vertex 25.5598 2.5 25.9049
    endloop
  endfacet
  facet normal 0 1 0
    outer loop
      vertex 9.099 2.5 24.145
      vertex 25.5598 2.5 25.9049
      vertex 25.7017 2.5 25.8378
    endloop
  endfacet
  facet normal 0 1 0
    outer loop
      vertex 9.099 2.5 24.145
      vertex 25.7017 2.5 25.8378
      vertex 25.8495 2.5 25.7849
    endloop
  endfacet
  facet normal 0 1 0
    outer loop
      vertex 9.099 2.5 24.145
      vertex 25.8495 2.5 25.7849
      vertex 26.0019 2.5 25.7467
    endloop
  endfacet
  facet normal 0 1 0
    outer loop
      vertex 9.099 2.5 24.145
      vertex 26.0019 2.5 25.7467
      vertex 26.1572 2.5 25.7237
    endloop
  endfacet
  facet normal 0 1 0
    outer loop
      vertex 25.1826 2.5 26.1846
      vertex 9.099 2.5 24.145
      vertex 11.798 2.5 27.045
    endloop
  endfacet
  facet normal 0 1 0
    outer loop
      vertex 9.099 2.5 24.145
      vertex 26.1572 2.5 25.7237
      vertex 26.314 2.5 25.716
    endloop
  endfacet
  facet normal 0 1 0
    outer loop
      vertex 26.314 2.5 25.716
      vertex 26.1572 2.5 13.4083
      vertex 26.0019 2.5 13.3853
    endloop
  endfacet
  facet normal 0 1 0
    outer loop
      vertex 26.314 2.5 25.716
      vertex 26.0019 2.5 13.3853
      vertex 25.8495 2.5 13.3471
    endloop
  endfacet
  facet normal 0 1 0
    outer loop
      vertex 26.314 2.5 25.716
      vertex 25.8495 2.5 13.3471
      vertex 25.7017 2.5 13.2942
    endloop
  endfacet
  facet normal 0 1 0
    outer loop
      vertex 26.314 2.5 25.716
      vertex 25.7017 2.5 13.2942
      vertex 25.5598 2.5 13.2271
    endloop
  endfacet
  facet normal 0 1 0
    outer loop
      vertex 26.314 2.5 25.716
      vertex 25.5598 2.5 13.2271
      vertex 25.4251 2.5 13.1464
    endloop
  endfacet
  facet normal 0 1 0
    outer loop
      vertex 26.314 2.5 25.716
      vertex 25.4251 2.5 13.1464
      vertex 25.299 2.5 13.0528
    endloop
  endfacet
  facet normal 0 1 0
    outer loop
      vertex 26.314 2.5 25.716
      vertex 25.299 2.5 13.0528
      vertex 25.1826 2.5 12.9474
    endloop
  endfacet
  facet normal 0 1 -0
    outer loop
      vertex 24.9836 2.5 12.7049
      vertex 9.099 2.5 24.145
      vertex 25.0772 2.5 12.831
    endloop
  endfacet
  facet normal 0 1 -0
    outer loop
      vertex 24.8358 2.5 12.4283
      vertex 9.099 2.5 24.145
      vertex 24.9029 2.5 12.5702
    endloop
  endfacet
  facet normal 0 1 0
    outer loop
      vertex 9.099 2.5 24.145
      vertex 24.8358 2.5 12.4283
      vertex 6.631 2.5 21.034
    endloop
  endfacet
  facet normal 0 1 -0
    outer loop
      vertex 24.7829 2.5 12.2805
      vertex 6.631 2.5 21.034
      vertex 24.8358 2.5 12.4283
    endloop
  endfacet
  facet normal 0 1 -0
    outer loop
      vertex 24.7447 2.5 12.1281
      vertex 6.631 2.5 21.034
      vertex 24.7829 2.5 12.2805
    endloop
  endfacet
  facet normal 0 1 0
    outer loop
      vertex 6.631 2.5 21.034
      vertex 24.7447 2.5 12.1281
      vertex 4.459 2.5 17.807
    endloop
  endfacet
  facet normal 0 1 -0
    outer loop
      vertex 24.7217 2.5 11.9728
      vertex 4.459 2.5 17.807
      vertex 24.7447 2.5 12.1281
    endloop
  endfacet
  facet normal 0 1 -0
    outer loop
      vertex 24.714 2.5 11.816
      vertex 4.459 2.5 17.807
      vertex 24.7217 2.5 11.9728
    endloop
  endfacet
  facet normal 0 1 0
    outer loop
      vertex 24.7217 2.5 11.6592
      vertex 4.459 2.5 17.807
      vertex 24.714 2.5 11.816
    endloop
  endfacet
  facet normal 0 1 0
    outer loop
      vertex 4.459 2.5 17.807
      vertex 24.7217 2.5 11.6592
      vertex 2.646 2.5 14.562
    endloop
  endfacet
  facet normal 0 1 0
    outer loop
      vertex 24.7447 2.5 11.5039
      vertex 2.646 2.5 14.562
      vertex 24.7217 2.5 11.6592
    endloop
  endfacet
  facet normal 0 1 0
    outer loop
      vertex 24.7829 2.5 11.3515
      vertex 2.646 2.5 14.562
      vertex 24.7447 2.5 11.5039
    endloop
  endfacet
  facet normal 0 1 0
    outer loop
      vertex 2.646 2.5 14.562
      vertex 24.7829 2.5 11.3515
      vertex 1.25899 2.5 11.394
    endloop
  endfacet
  facet normal 0 1 0
    outer loop
      vertex 24.8358 2.5 11.2037
      vertex 1.25899 2.5 11.394
      vertex 24.7829 2.5 11.3515
    endloop
  endfacet
  facet normal 0 1 0
    outer loop
      vertex 0.359985 2.5 8.40099
      vertex 24.8358 2.5 11.2037
      vertex 24.9029 2.5 11.0618
    endloop
  endfacet
  facet normal 0 1 0
    outer loop
      vertex 0.359985 2.5 8.40099
      vertex 24.9029 2.5 11.0618
      vertex 24.9836 2.5 10.9271
    endloop
  endfacet
  facet normal 0 1 0
    outer loop
      vertex 0.359985 2.5 8.40099
      vertex 24.9836 2.5 10.9271
      vertex 25.0772 2.5 10.801
    endloop
  endfacet
  facet normal 0 1 0
    outer loop
      vertex 0.359985 2.5 8.40099
      vertex 25.0772 2.5 10.801
      vertex 25.1826 2.5 10.6846
    endloop
  endfacet
  facet normal 0 1 0
    outer loop
      vertex 0.359985 2.5 8.40099
      vertex 25.1826 2.5 10.6846
      vertex 25.299 2.5 10.5792
    endloop
  endfacet
  facet normal 0 1 0
    outer loop
      vertex 0.359985 2.5 8.40099
      vertex 25.299 2.5 10.5792
      vertex 25.4251 2.5 10.4856
    endloop
  endfacet
  facet normal 0 1 0
    outer loop
      vertex 0.359985 2.5 8.40099
      vertex 25.4251 2.5 10.4856
      vertex 25.5598 2.5 10.4049
    endloop
  endfacet
  facet normal 0 1 0
    outer loop
      vertex 0.359985 2.5 8.40099
      vertex 25.5598 2.5 10.4049
      vertex 25.7017 2.5 10.3378
    endloop
  endfacet
  facet normal 0 1 0
    outer loop
      vertex 0.359985 2.5 8.40099
      vertex 25.7017 2.5 10.3378
      vertex 25.8495 2.5 10.2849
    endloop
  endfacet
  facet normal 0 1 0
    outer loop
      vertex 0.359985 2.5 8.40099
      vertex 25.8495 2.5 10.2849
      vertex 26.0019 2.5 10.2467
    endloop
  endfacet
  facet normal 0 1 0
    outer loop
      vertex 0.359985 2.5 8.40099
      vertex 26.0019 2.5 10.2467
      vertex 26.1572 2.5 10.2237
    endloop
  endfacet
  facet normal 0 1 0
    outer loop
      vertex 0.359985 2.5 8.40099
      vertex 26.1572 2.5 10.2237
      vertex 26.314 2.5 10.216
    endloop
  endfacet
  facet normal 0 1 0
    outer loop
      vertex 24.8358 2.5 11.2037
      vertex 0.359985 2.5 8.40099
      vertex 1.25899 2.5 11.394
    endloop
  endfacet
  facet normal 0.0139602 0 -0.999903
    outer loop
      vertex 30.661 0 35.012
      vertex 31.234 2.5 35.02
      vertex 31.234 0 35.02
    endloop
  endfacet
  facet normal 0.0139602 0 -0.999903
    outer loop
      vertex 31.234 2.5 35.02
      vertex 30.661 0 35.012
      vertex 30.661 2.5 35.012
    endloop
  endfacet
  facet normal 0.010781 0 -0.999942
    outer loop
      vertex 29.919 0 35.004
      vertex 30.661 2.5 35.012
      vertex 30.661 0 35.012
    endloop
  endfacet
  facet normal 0.010781 0 -0.999942
    outer loop
      vertex 30.661 2.5 35.012
      vertex 29.919 0 35.004
      vertex 29.919 2.5 35.004
    endloop
  endfacet
  facet normal 0.999945 0 -0.0105126
    outer loop
      vertex 29.919 0 35.004
      vertex 29.5511 2.5 0.00999928
      vertex 29.919 2.5 35.004
    endloop
  endfacet
  facet normal 0.999945 0 -0.0105126
    outer loop
      vertex 29.5511 2.5 0.00999928
      vertex 29.919 0 35.004
      vertex 29.5511 0 0.00999928
    endloop
  endfacet
  facet normal -0.998732 0 -0.0503331
    outer loop
      vertex 0.0794826 0 0.00999928
      vertex 0.0739899 2.5 0.118988
      vertex 0.0794826 2.5 0.00999928
    endloop
  endfacet
  facet normal -0.998732 -0 -0.0503331
    outer loop
      vertex 0.0739899 2.5 0.118988
      vertex 0.0794826 0 0.00999928
      vertex 0.0739899 0 0.118988
    endloop
  endfacet
  facet normal -0.99927 0 -0.0382075
    outer loop
      vertex 0.0739899 0 0.118988
      vertex 0.0609894 2.5 0.459
      vertex 0.0739899 2.5 0.118988
    endloop
  endfacet
  facet normal -0.99927 -0 -0.0382075
    outer loop
      vertex 0.0609894 2.5 0.459
      vertex 0.0739899 0 0.118988
      vertex 0.0609894 0 0.459
    endloop
  endfacet
  facet normal -0.999494 0 -0.0318161
    outer loop
      vertex 0.0609894 0 0.459
      vertex 0.0439911 2.5 0.992996
      vertex 0.0609894 2.5 0.459
    endloop
  endfacet
  facet normal -0.999494 -0 -0.0318161
    outer loop
      vertex 0.0439911 2.5 0.992996
      vertex 0.0609894 0 0.459
      vertex 0.0439911 0 0.992996
    endloop
  endfacet
  facet normal -0.999636 0 -0.0269751
    outer loop
      vertex 0.0439911 0 0.992996
      vertex 0.0249939 2.5 1.69699
      vertex 0.0439911 2.5 0.992996
    endloop
  endfacet
  facet normal -0.999636 -0 -0.0269751
    outer loop
      vertex 0.0249939 2.5 1.69699
      vertex 0.0439911 0 0.992996
      vertex 0.0249939 0 1.69699
    endloop
  endfacet
  facet normal -0.999843 0 -0.0177268
    outer loop
      vertex 0.0249939 0 1.69699
      vertex 0.00999451 2.5 2.543
      vertex 0.0249939 2.5 1.69699
    endloop
  endfacet
  facet normal -0.999843 -0 -0.0177268
    outer loop
      vertex 0.00999451 2.5 2.543
      vertex 0.0249939 0 1.69699
      vertex 0.00999451 0 2.543
    endloop
  endfacet
  facet normal -0.999946 0 -0.010378
    outer loop
      vertex 0.00999451 0 2.543
      vertex 0 2.5 3.506
      vertex 0.00999451 2.5 2.543
    endloop
  endfacet
  facet normal -0.999946 -0 -0.010378
    outer loop
      vertex 0 2.5 3.506
      vertex 0.00999451 0 2.543
      vertex 0 0 3.506
    endloop
  endfacet
  facet normal -1 0 0
    outer loop
      vertex 0 0 3.506
      vertex 0 2.5 4.56
      vertex 0 2.5 3.506
    endloop
  endfacet
  facet normal -1 -0 0
    outer loop
      vertex 0 2.5 4.56
      vertex 0 0 3.506
      vertex 0 0 4.56
    endloop
  endfacet
  facet normal -0.995637 0 0.093313
    outer loop
      vertex 0 0 4.56
      vertex 0.359985 2.5 8.40099
      vertex 0 2.5 4.56
    endloop
  endfacet
  facet normal -0.995637 0 0.093313
    outer loop
      vertex 0.359985 2.5 8.40099
      vertex 0 0 4.56
      vertex 0.359985 0 8.40099
    endloop
  endfacet
  facet normal -0.957729 0 0.287671
    outer loop
      vertex 0.359985 0 8.40099
      vertex 1.25899 2.5 11.394
      vertex 0.359985 2.5 8.40099
    endloop
  endfacet
  facet normal -0.957729 0 0.287671
    outer loop
      vertex 1.25899 2.5 11.394
      vertex 0.359985 0 8.40099
      vertex 1.25899 0 11.394
    endloop
  endfacet
  facet normal -0.91605 0 0.401064
    outer loop
      vertex 1.25899 0 11.394
      vertex 2.646 2.5 14.562
      vertex 1.25899 2.5 11.394
    endloop
  endfacet
  facet normal -0.91605 0 0.401064
    outer loop
      vertex 2.646 2.5 14.562
      vertex 1.25899 0 11.394
      vertex 2.646 0 14.562
    endloop
  endfacet
  facet normal -0.872987 0 0.487743
    outer loop
      vertex 2.646 0 14.562
      vertex 4.459 2.5 17.807
      vertex 2.646 2.5 14.562
    endloop
  endfacet
  facet normal -0.872987 0 0.487743
    outer loop
      vertex 4.459 2.5 17.807
      vertex 2.646 0 14.562
      vertex 4.459 0 17.807
    endloop
  endfacet
  facet normal -0.82959 0 0.558373
    outer loop
      vertex 4.459 0 17.807
      vertex 6.631 2.5 21.034
      vertex 4.459 2.5 17.807
    endloop
  endfacet
  facet normal -0.82959 0 0.558373
    outer loop
      vertex 6.631 2.5 21.034
      vertex 4.459 0 17.807
      vertex 6.631 0 21.034
    endloop
  endfacet
  facet normal -0.783417 0 0.621496
    outer loop
      vertex 6.631 0 21.034
      vertex 9.099 2.5 24.145
      vertex 6.631 2.5 21.034
    endloop
  endfacet
  facet normal -0.783417 0 0.621496
    outer loop
      vertex 9.099 2.5 24.145
      vertex 6.631 0 21.034
      vertex 9.099 0 24.145
    endloop
  endfacet
  facet normal -0.73202 0 0.681283
    outer loop
      vertex 9.099 0 24.145
      vertex 11.798 2.5 27.045
      vertex 9.099 2.5 24.145
    endloop
  endfacet
  facet normal -0.73202 0 0.681283
    outer loop
      vertex 11.798 2.5 27.045
      vertex 9.099 0 24.145
      vertex 11.798 0 27.045
    endloop
  endfacet
  facet normal -0.670907 0 0.741542
    outer loop
      vertex 11.798 2.5 27.045
      vertex 14.664 0 29.638
      vertex 14.664 2.5 29.638
    endloop
  endfacet
  facet normal -0.670907 0 0.741542
    outer loop
      vertex 14.664 0 29.638
      vertex 11.798 2.5 27.045
      vertex 11.798 0 27.045
    endloop
  endfacet
  facet normal -0.593384 0 0.804919
    outer loop
      vertex 14.664 2.5 29.638
      vertex 17.632 0 31.826
      vertex 17.632 2.5 31.826
    endloop
  endfacet
  facet normal -0.593384 0 0.804919
    outer loop
      vertex 17.632 0 31.826
      vertex 14.664 2.5 29.638
      vertex 14.664 0 29.638
    endloop
  endfacet
  facet normal -0.489407 0 0.872055
    outer loop
      vertex 17.632 2.5 31.826
      vertex 20.638 0 33.513
      vertex 20.638 2.5 33.513
    endloop
  endfacet
  facet normal -0.489407 0 0.872055
    outer loop
      vertex 20.638 0 33.513
      vertex 17.632 2.5 31.826
      vertex 17.632 0 31.826
    endloop
  endfacet
  facet normal -0.343615 0 0.93911
    outer loop
      vertex 20.638 2.5 33.513
      vertex 23.617 0 34.603
      vertex 23.617 2.5 34.603
    endloop
  endfacet
  facet normal -0.343615 0 0.93911
    outer loop
      vertex 23.617 0 34.603
      vertex 20.638 2.5 33.513
      vertex 20.638 0 33.513
    endloop
  endfacet
  facet normal -0.136138 0 0.99069
    outer loop
      vertex 23.617 2.5 34.603
      vertex 26.506 0 35
      vertex 26.506 2.5 35
    endloop
  endfacet
  facet normal -0.136138 0 0.99069
    outer loop
      vertex 26.506 0 35
      vertex 23.617 2.5 34.603
      vertex 23.617 0 34.603
    endloop
  endfacet
  facet normal -0.00594855 0 0.999982
    outer loop
      vertex 26.506 2.5 35
      vertex 29.7 0 35.019
      vertex 29.7 2.5 35.019
    endloop
  endfacet
  facet normal -0.00594855 0 0.999982
    outer loop
      vertex 29.7 0 35.019
      vertex 26.506 2.5 35
      vertex 26.506 0 35
    endloop
  endfacet
  facet normal -0.00358421 0 0.999994
    outer loop
      vertex 29.7 2.5 35.019
      vertex 31.095 0 35.024
      vertex 31.095 2.5 35.024
    endloop
  endfacet
  facet normal -0.00358421 0 0.999994
    outer loop
      vertex 31.095 0 35.024
      vertex 29.7 2.5 35.019
      vertex 29.7 0 35.019
    endloop
  endfacet
  facet normal 0.0287651 0 0.999586
    outer loop
      vertex 31.095 2.5 35.024
      vertex 31.234 0 35.02
      vertex 31.234 2.5 35.02
    endloop
  endfacet
  facet normal 0.0287651 0 0.999586
    outer loop
      vertex 31.234 0 35.02
      vertex 31.095 2.5 35.024
      vertex 31.095 0 35.024
    endloop
  endfacet
  facet normal -1 0 0
    outer loop
      vertex 0 0 -2.5
      vertex 0 28.373 0.00999928
      vertex 0 28.373 -2.5
    endloop
  endfacet
  facet normal -1 -0 0
    outer loop
      vertex 0 28.373 0.00999928
      vertex 0 0 -2.5
      vertex 0 0 0.00999928
    endloop
  endfacet
  facet normal -0 0 1
    outer loop
      vertex 10.3735 11.5165 0.00999928
      vertex 29.5511 2.5 0.00999928
      vertex 31.6585 11.5165 0.00999928
    endloop
  endfacet
  facet normal 0 0 1
    outer loop
      vertex 0.0794826 2.5 0.00999928
      vertex 10.3735 11.5165 0.00999928
      vertex 10.1118 11.5294 0.00999928
    endloop
  endfacet
  facet normal 0 0 1
    outer loop
      vertex 0.0794826 2.5 0.00999928
      vertex 10.1118 11.5294 0.00999928
      vertex 9.85261 11.5678 0.00999928
    endloop
  endfacet
  facet normal 0 0 1
    outer loop
      vertex 0.0794826 2.5 0.00999928
      vertex 9.85261 11.5678 0.00999928
      vertex 9.59844 11.6315 0.00999928
    endloop
  endfacet
  facet normal 0 0 1
    outer loop
      vertex 0.0794826 2.5 0.00999928
      vertex 9.59844 11.6315 0.00999928
      vertex 9.35174 11.7197 0.00999928
    endloop
  endfacet
  facet normal 0 0 1
    outer loop
      vertex 10.3735 11.5165 0.00999928
      vertex 0.0794826 2.5 0.00999928
      vertex 29.5511 2.5 0.00999928
    endloop
  endfacet
  facet normal 0 0 1
    outer loop
      vertex 9.11487 11.8318 0.00999928
      vertex 0.0794826 2.5 0.00999928
      vertex 9.35174 11.7197 0.00999928
    endloop
  endfacet
  facet normal 0 0 1
    outer loop
      vertex 8.89013 11.9665 0.00999928
      vertex 0.0794826 2.5 0.00999928
      vertex 9.11487 11.8318 0.00999928
    endloop
  endfacet
  facet normal 0 0 1
    outer loop
      vertex 8.67967 12.1226 0.00999928
      vertex 0.0794826 2.5 0.00999928
      vertex 8.89013 11.9665 0.00999928
    endloop
  endfacet
  facet normal 0 0 1
    outer loop
      vertex 8.48552 12.2985 0.00999928
      vertex 0.0794826 2.5 0.00999928
      vertex 8.67967 12.1226 0.00999928
    endloop
  endfacet
  facet normal 0 0 1
    outer loop
      vertex 8.30956 12.4927 0.00999928
      vertex 0.0794826 2.5 0.00999928
      vertex 8.48552 12.2985 0.00999928
    endloop
  endfacet
  facet normal 0 0 1
    outer loop
      vertex 8.15348 12.7031 0.00999928
      vertex 0.0794826 2.5 0.00999928
      vertex 8.30956 12.4927 0.00999928
    endloop
  endfacet
  facet normal 0 0 1
    outer loop
      vertex 8.01877 12.9279 0.00999928
      vertex 0.0794826 2.5 0.00999928
      vertex 8.15348 12.7031 0.00999928
    endloop
  endfacet
  facet normal 0 0 1
    outer loop
      vertex 7.90674 13.1647 0.00999928
      vertex 0.0794826 2.5 0.00999928
      vertex 8.01877 12.9279 0.00999928
    endloop
  endfacet
  facet normal 0 0 1
    outer loop
      vertex 7.81847 13.4114 0.00999928
      vertex 0.0794826 2.5 0.00999928
      vertex 7.90674 13.1647 0.00999928
    endloop
  endfacet
  facet normal 0 0 1
    outer loop
      vertex 7.7548 13.6656 0.00999928
      vertex 0.0794826 2.5 0.00999928
      vertex 7.81847 13.4114 0.00999928
    endloop
  endfacet
  facet normal 0 0 1
    outer loop
      vertex 7.71636 13.9248 0.00999928
      vertex 0.0794826 2.5 0.00999928
      vertex 7.7548 13.6656 0.00999928
    endloop
  endfacet
  facet normal 0 0 1
    outer loop
      vertex 0.0794826 2.5 0.00999928
      vertex 7.71636 13.9248 0.00999928
      vertex 7.7035 14.1865 0.00999928
    endloop
  endfacet
  facet normal 0 0 1
    outer loop
      vertex 40.08 28.373 0.00999928
      vertex 34.3285 14.1865 0.00999928
      vertex 40.08 0 0.00999928
    endloop
  endfacet
  facet normal 0 0 1
    outer loop
      vertex 40.08 28.373 0.00999928
      vertex 34.3156 14.4482 0.00999928
      vertex 34.3285 14.1865 0.00999928
    endloop
  endfacet
  facet normal 0 0 1
    outer loop
      vertex 40.08 28.373 0.00999928
      vertex 34.2772 14.7074 0.00999928
      vertex 34.3156 14.4482 0.00999928
    endloop
  endfacet
  facet normal 0 0 1
    outer loop
      vertex 40.08 28.373 0.00999928
      vertex 34.2135 14.9616 0.00999928
      vertex 34.2772 14.7074 0.00999928
    endloop
  endfacet
  facet normal 0 0 1
    outer loop
      vertex 40.08 28.373 0.00999928
      vertex 34.1253 15.2083 0.00999928
      vertex 34.2135 14.9616 0.00999928
    endloop
  endfacet
  facet normal 0 0 1
    outer loop
      vertex 40.08 28.373 0.00999928
      vertex 34.0132 15.4451 0.00999928
      vertex 34.1253 15.2083 0.00999928
    endloop
  endfacet
  facet normal 0 0 1
    outer loop
      vertex 40.08 28.373 0.00999928
      vertex 33.8785 15.6699 0.00999928
      vertex 34.0132 15.4451 0.00999928
    endloop
  endfacet
  facet normal 0 0 1
    outer loop
      vertex 40.08 28.373 0.00999928
      vertex 33.7224 15.8803 0.00999928
      vertex 33.8785 15.6699 0.00999928
    endloop
  endfacet
  facet normal 0 0 1
    outer loop
      vertex 40.08 28.373 0.00999928
      vertex 33.5465 16.0745 0.00999928
      vertex 33.7224 15.8803 0.00999928
    endloop
  endfacet
  facet normal 0 0 1
    outer loop
      vertex 40.08 28.373 0.00999928
      vertex 33.3523 16.2504 0.00999928
      vertex 33.5465 16.0745 0.00999928
    endloop
  endfacet
  facet normal 0 0 1
    outer loop
      vertex 40.08 28.373 0.00999928
      vertex 33.1419 16.4065 0.00999928
      vertex 33.3523 16.2504 0.00999928
    endloop
  endfacet
  facet normal 0 0 1
    outer loop
      vertex 40.08 28.373 0.00999928
      vertex 32.9171 16.5412 0.00999928
      vertex 33.1419 16.4065 0.00999928
    endloop
  endfacet
  facet normal 0 0 1
    outer loop
      vertex 40.08 28.373 0.00999928
      vertex 32.6803 16.6533 0.00999928
      vertex 32.9171 16.5412 0.00999928
    endloop
  endfacet
  facet normal 0 0 1
    outer loop
      vertex 40.08 28.373 0.00999928
      vertex 32.4336 16.7415 0.00999928
      vertex 32.6803 16.6533 0.00999928
    endloop
  endfacet
  facet normal 0 0 1
    outer loop
      vertex 40.08 28.373 0.00999928
      vertex 32.1794 16.8052 0.00999928
      vertex 32.4336 16.7415 0.00999928
    endloop
  endfacet
  facet normal 0 0 1
    outer loop
      vertex 40.08 28.373 0.00999928
      vertex 31.9202 16.8436 0.00999928
      vertex 32.1794 16.8052 0.00999928
    endloop
  endfacet
  facet normal 0 0 1
    outer loop
      vertex 40.08 28.373 0.00999928
      vertex 31.6585 16.8565 0.00999928
      vertex 31.9202 16.8436 0.00999928
    endloop
  endfacet
  facet normal 0 0 1
    outer loop
      vertex 40.08 28.373 0.00999928
      vertex 10.3735 16.8565 0.00999928
      vertex 31.6585 16.8565 0.00999928
    endloop
  endfacet
  facet normal -0 0 1
    outer loop
      vertex 0 28.373 0.00999928
      vertex 10.3735 16.8565 0.00999928
      vertex 40.08 28.373 0.00999928
    endloop
  endfacet
  facet normal 0 0 1
    outer loop
      vertex 10.3735 16.8565 0.00999928
      vertex 0 28.373 0.00999928
      vertex 10.1118 16.8436 0.00999928
    endloop
  endfacet
  facet normal 0 0 1
    outer loop
      vertex 10.1118 16.8436 0.00999928
      vertex 0 28.373 0.00999928
      vertex 9.85261 16.8052 0.00999928
    endloop
  endfacet
  facet normal 0 0 1
    outer loop
      vertex 9.85261 16.8052 0.00999928
      vertex 0 28.373 0.00999928
      vertex 9.59844 16.7415 0.00999928
    endloop
  endfacet
  facet normal 0 0 1
    outer loop
      vertex 7.71636 14.4482 0.00999928
      vertex 0.0794826 2.5 0.00999928
      vertex 7.7035 14.1865 0.00999928
    endloop
  endfacet
  facet normal 0 0 1
    outer loop
      vertex 0 28.373 0.00999928
      vertex 7.71636 14.4482 0.00999928
      vertex 7.7548 14.7074 0.00999928
    endloop
  endfacet
  facet normal 0 0 1
    outer loop
      vertex 0 28.373 0.00999928
      vertex 7.7548 14.7074 0.00999928
      vertex 7.81847 14.9616 0.00999928
    endloop
  endfacet
  facet normal 0 0 1
    outer loop
      vertex 0 28.373 0.00999928
      vertex 7.81847 14.9616 0.00999928
      vertex 7.90674 15.2083 0.00999928
    endloop
  endfacet
  facet normal 0 0 1
    outer loop
      vertex 0 28.373 0.00999928
      vertex 7.90674 15.2083 0.00999928
      vertex 8.01877 15.4451 0.00999928
    endloop
  endfacet
  facet normal 0 0 1
    outer loop
      vertex 0 28.373 0.00999928
      vertex 8.01877 15.4451 0.00999928
      vertex 8.15348 15.6699 0.00999928
    endloop
  endfacet
  facet normal 0 0 1
    outer loop
      vertex 9.59844 16.7415 0.00999928
      vertex 0 28.373 0.00999928
      vertex 9.35174 16.6533 0.00999928
    endloop
  endfacet
  facet normal 0 0 1
    outer loop
      vertex 0 28.373 0.00999928
      vertex 9.11487 16.5412 0.00999928
      vertex 9.35174 16.6533 0.00999928
    endloop
  endfacet
  facet normal 0 0 1
    outer loop
      vertex 0 28.373 0.00999928
      vertex 8.89013 16.4065 0.00999928
      vertex 9.11487 16.5412 0.00999928
    endloop
  endfacet
  facet normal 0 0 1
    outer loop
      vertex 0 28.373 0.00999928
      vertex 8.67967 16.2504 0.00999928
      vertex 8.89013 16.4065 0.00999928
    endloop
  endfacet
  facet normal 0 0 1
    outer loop
      vertex 0 28.373 0.00999928
      vertex 8.48552 16.0745 0.00999928
      vertex 8.67967 16.2504 0.00999928
    endloop
  endfacet
  facet normal 0 0 1
    outer loop
      vertex 0 28.373 0.00999928
      vertex 8.30956 15.8803 0.00999928
      vertex 8.48552 16.0745 0.00999928
    endloop
  endfacet
  facet normal 0 0 1
    outer loop
      vertex 0 28.373 0.00999928
      vertex 8.15348 15.6699 0.00999928
      vertex 8.30956 15.8803 0.00999928
    endloop
  endfacet
  facet normal 0 0 1
    outer loop
      vertex 7.71636 14.4482 0.00999928
      vertex 0 28.373 0.00999928
      vertex 0.0794826 2.5 0.00999928
    endloop
  endfacet
  facet normal 0 0 1
    outer loop
      vertex 0 0 0.00999928
      vertex 0.0794826 2.5 0.00999928
      vertex 0 28.373 0.00999928
    endloop
  endfacet
  facet normal 0 0 1
    outer loop
      vertex 0.0794826 2.5 0.00999928
      vertex 0 0 0.00999928
      vertex 0.0794826 0 0.00999928
    endloop
  endfacet
  facet normal -0 0 1
    outer loop
      vertex 34.3156 13.9248 0.00999928
      vertex 40.08 0 0.00999928
      vertex 34.3285 14.1865 0.00999928
    endloop
  endfacet
  facet normal -0 0 1
    outer loop
      vertex 34.2772 13.6656 0.00999928
      vertex 40.08 0 0.00999928
      vertex 34.3156 13.9248 0.00999928
    endloop
  endfacet
  facet normal -0 0 1
    outer loop
      vertex 34.2135 13.4114 0.00999928
      vertex 40.08 0 0.00999928
      vertex 34.2772 13.6656 0.00999928
    endloop
  endfacet
  facet normal -0 0 1
    outer loop
      vertex 34.1253 13.1647 0.00999928
      vertex 40.08 0 0.00999928
      vertex 34.2135 13.4114 0.00999928
    endloop
  endfacet
  facet normal -0 0 1
    outer loop
      vertex 34.0132 12.9279 0.00999928
      vertex 40.08 0 0.00999928
      vertex 34.1253 13.1647 0.00999928
    endloop
  endfacet
  facet normal -0 0 1
    outer loop
      vertex 33.8785 12.7031 0.00999928
      vertex 40.08 0 0.00999928
      vertex 34.0132 12.9279 0.00999928
    endloop
  endfacet
  facet normal -0 0 1
    outer loop
      vertex 33.7224 12.4927 0.00999928
      vertex 40.08 0 0.00999928
      vertex 33.8785 12.7031 0.00999928
    endloop
  endfacet
  facet normal -0 0 1
    outer loop
      vertex 33.5465 12.2985 0.00999928
      vertex 40.08 0 0.00999928
      vertex 33.7224 12.4927 0.00999928
    endloop
  endfacet
  facet normal -0 0 1
    outer loop
      vertex 33.3523 12.1226 0.00999928
      vertex 40.08 0 0.00999928
      vertex 33.5465 12.2985 0.00999928
    endloop
  endfacet
  facet normal -0 0 1
    outer loop
      vertex 33.1419 11.9665 0.00999928
      vertex 40.08 0 0.00999928
      vertex 33.3523 12.1226 0.00999928
    endloop
  endfacet
  facet normal -0 0 1
    outer loop
      vertex 32.9171 11.8318 0.00999928
      vertex 40.08 0 0.00999928
      vertex 33.1419 11.9665 0.00999928
    endloop
  endfacet
  facet normal -0 0 1
    outer loop
      vertex 32.6803 11.7197 0.00999928
      vertex 40.08 0 0.00999928
      vertex 32.9171 11.8318 0.00999928
    endloop
  endfacet
  facet normal 0 0 1
    outer loop
      vertex 29.5511 2.5 0.00999928
      vertex 32.6803 11.7197 0.00999928
      vertex 32.4336 11.6315 0.00999928
    endloop
  endfacet
  facet normal 0 0 1
    outer loop
      vertex 29.5511 2.5 0.00999928
      vertex 32.4336 11.6315 0.00999928
      vertex 32.1794 11.5678 0.00999928
    endloop
  endfacet
  facet normal 0 0 1
    outer loop
      vertex 29.5511 2.5 0.00999928
      vertex 32.1794 11.5678 0.00999928
      vertex 31.9202 11.5294 0.00999928
    endloop
  endfacet
  facet normal 0 0 1
    outer loop
      vertex 29.5511 2.5 0.00999928
      vertex 31.9202 11.5294 0.00999928
      vertex 31.6585 11.5165 0.00999928
    endloop
  endfacet
  facet normal 0 0 1
    outer loop
      vertex 32.6803 11.7197 0.00999928
      vertex 29.5511 2.5 0.00999928
      vertex 40.08 0 0.00999928
    endloop
  endfacet
  facet normal 0 0 1
    outer loop
      vertex 40.08 0 0.00999928
      vertex 29.5511 2.5 0.00999928
      vertex 29.5511 0 0.00999928
    endloop
  endfacet
  facet normal 1 -0 0
    outer loop
      vertex 40.08 0 0.00999928
      vertex 40.08 28.373 -2.5
      vertex 40.08 28.373 0.00999928
    endloop
  endfacet
  facet normal 1 0 0
    outer loop
      vertex 40.08 28.373 -2.5
      vertex 40.08 0 0.00999928
      vertex 40.08 0 -2.5
    endloop
  endfacet
  facet normal 0 1 -0
    outer loop
      vertex 40.08 28.373 -2.5
      vertex 0 28.373 0.00999928
      vertex 40.08 28.373 0.00999928
    endloop
  endfacet
  facet normal 0 1 0
    outer loop
      vertex 0 28.373 0.00999928
      vertex 40.08 28.373 -2.5
      vertex 0 28.373 -2.5
    endloop
  endfacet
  facet normal 0 0 -1
    outer loop
      vertex 40.08 0 -2.5
      vertex 34.3285 14.1865 -2.5
      vertex 40.08 28.373 -2.5
    endloop
  endfacet
  facet normal 0 0 -1
    outer loop
      vertex 40.08 0 -2.5
      vertex 34.3156 13.9248 -2.5
      vertex 34.3285 14.1865 -2.5
    endloop
  endfacet
  facet normal 0 0 -1
    outer loop
      vertex 40.08 0 -2.5
      vertex 34.2772 13.6656 -2.5
      vertex 34.3156 13.9248 -2.5
    endloop
  endfacet
  facet normal 0 0 -1
    outer loop
      vertex 40.08 0 -2.5
      vertex 34.2135 13.4114 -2.5
      vertex 34.2772 13.6656 -2.5
    endloop
  endfacet
  facet normal 0 0 -1
    outer loop
      vertex 40.08 0 -2.5
      vertex 34.1253 13.1647 -2.5
      vertex 34.2135 13.4114 -2.5
    endloop
  endfacet
  facet normal 0 0 -1
    outer loop
      vertex 40.08 0 -2.5
      vertex 34.0132 12.9279 -2.5
      vertex 34.1253 13.1647 -2.5
    endloop
  endfacet
  facet normal 0 0 -1
    outer loop
      vertex 40.08 0 -2.5
      vertex 33.8785 12.7031 -2.5
      vertex 34.0132 12.9279 -2.5
    endloop
  endfacet
  facet normal 0 0 -1
    outer loop
      vertex 40.08 0 -2.5
      vertex 33.7224 12.4927 -2.5
      vertex 33.8785 12.7031 -2.5
    endloop
  endfacet
  facet normal 0 0 -1
    outer loop
      vertex 40.08 0 -2.5
      vertex 33.5465 12.2985 -2.5
      vertex 33.7224 12.4927 -2.5
    endloop
  endfacet
  facet normal 0 0 -1
    outer loop
      vertex 40.08 0 -2.5
      vertex 33.3523 12.1226 -2.5
      vertex 33.5465 12.2985 -2.5
    endloop
  endfacet
  facet normal 0 0 -1
    outer loop
      vertex 40.08 0 -2.5
      vertex 33.1419 11.9665 -2.5
      vertex 33.3523 12.1226 -2.5
    endloop
  endfacet
  facet normal 0 0 -1
    outer loop
      vertex 40.08 0 -2.5
      vertex 32.9171 11.8318 -2.5
      vertex 33.1419 11.9665 -2.5
    endloop
  endfacet
  facet normal 0 0 -1
    outer loop
      vertex 40.08 0 -2.5
      vertex 32.6803 11.7197 -2.5
      vertex 32.9171 11.8318 -2.5
    endloop
  endfacet
  facet normal 0 0 -1
    outer loop
      vertex 40.08 0 -2.5
      vertex 32.4336 11.6315 -2.5
      vertex 32.6803 11.7197 -2.5
    endloop
  endfacet
  facet normal 0 0 -1
    outer loop
      vertex 40.08 0 -2.5
      vertex 32.1794 11.5678 -2.5
      vertex 32.4336 11.6315 -2.5
    endloop
  endfacet
  facet normal 0 0 -1
    outer loop
      vertex 40.08 0 -2.5
      vertex 31.9202 11.5294 -2.5
      vertex 32.1794 11.5678 -2.5
    endloop
  endfacet
  facet normal 0 0 -1
    outer loop
      vertex 40.08 0 -2.5
      vertex 31.6585 11.5165 -2.5
      vertex 31.9202 11.5294 -2.5
    endloop
  endfacet
  facet normal 0 0 -1
    outer loop
      vertex 40.08 0 -2.5
      vertex 10.3735 11.5165 -2.5
      vertex 31.6585 11.5165 -2.5
    endloop
  endfacet
  facet normal 0 0 -1
    outer loop
      vertex 0 0 -2.5
      vertex 10.3735 11.5165 -2.5
      vertex 40.08 0 -2.5
    endloop
  endfacet
  facet normal -0 0 -1
    outer loop
      vertex 10.3735 11.5165 -2.5
      vertex 0 0 -2.5
      vertex 10.1118 11.5294 -2.5
    endloop
  endfacet
  facet normal -0 0 -1
    outer loop
      vertex 10.1118 11.5294 -2.5
      vertex 0 0 -2.5
      vertex 9.85261 11.5678 -2.5
    endloop
  endfacet
  facet normal -0 0 -1
    outer loop
      vertex 9.85261 11.5678 -2.5
      vertex 0 0 -2.5
      vertex 9.59844 11.6315 -2.5
    endloop
  endfacet
  facet normal -0 0 -1
    outer loop
      vertex 7.71636 13.9248 -2.5
      vertex 0 0 -2.5
      vertex 7.7035 14.1865 -2.5
    endloop
  endfacet
  facet normal -0 0 -1
    outer loop
      vertex 7.7548 13.6656 -2.5
      vertex 0 0 -2.5
      vertex 7.71636 13.9248 -2.5
    endloop
  endfacet
  facet normal -0 0 -1
    outer loop
      vertex 7.81847 13.4114 -2.5
      vertex 0 0 -2.5
      vertex 7.7548 13.6656 -2.5
    endloop
  endfacet
  facet normal -0 0 -1
    outer loop
      vertex 7.90674 13.1647 -2.5
      vertex 0 0 -2.5
      vertex 7.81847 13.4114 -2.5
    endloop
  endfacet
  facet normal -0 0 -1
    outer loop
      vertex 8.01877 12.9279 -2.5
      vertex 0 0 -2.5
      vertex 7.90674 13.1647 -2.5
    endloop
  endfacet
  facet normal -0 0 -1
    outer loop
      vertex 8.15348 12.7031 -2.5
      vertex 0 0 -2.5
      vertex 8.01877 12.9279 -2.5
    endloop
  endfacet
  facet normal -0 0 -1
    outer loop
      vertex 8.30956 12.4927 -2.5
      vertex 0 0 -2.5
      vertex 8.15348 12.7031 -2.5
    endloop
  endfacet
  facet normal -0 0 -1
    outer loop
      vertex 8.48552 12.2985 -2.5
      vertex 0 0 -2.5
      vertex 8.30956 12.4927 -2.5
    endloop
  endfacet
  facet normal -0 0 -1
    outer loop
      vertex 8.67967 12.1226 -2.5
      vertex 0 0 -2.5
      vertex 8.48552 12.2985 -2.5
    endloop
  endfacet
  facet normal -0 0 -1
    outer loop
      vertex 8.89013 11.9665 -2.5
      vertex 0 0 -2.5
      vertex 8.67967 12.1226 -2.5
    endloop
  endfacet
  facet normal -0 0 -1
    outer loop
      vertex 9.11487 11.8318 -2.5
      vertex 0 0 -2.5
      vertex 8.89013 11.9665 -2.5
    endloop
  endfacet
  facet normal -0 0 -1
    outer loop
      vertex 9.35174 11.7197 -2.5
      vertex 0 0 -2.5
      vertex 9.11487 11.8318 -2.5
    endloop
  endfacet
  facet normal -0 0 -1
    outer loop
      vertex 9.59844 11.6315 -2.5
      vertex 0 0 -2.5
      vertex 9.35174 11.7197 -2.5
    endloop
  endfacet
  facet normal 0 0 -1
    outer loop
      vertex 34.3156 14.4482 -2.5
      vertex 40.08 28.373 -2.5
      vertex 34.3285 14.1865 -2.5
    endloop
  endfacet
  facet normal 0 0 -1
    outer loop
      vertex 34.2772 14.7074 -2.5
      vertex 40.08 28.373 -2.5
      vertex 34.3156 14.4482 -2.5
    endloop
  endfacet
  facet normal 0 0 -1
    outer loop
      vertex 34.2135 14.9616 -2.5
      vertex 40.08 28.373 -2.5
      vertex 34.2772 14.7074 -2.5
    endloop
  endfacet
  facet normal 0 0 -1
    outer loop
      vertex 34.1253 15.2083 -2.5
      vertex 40.08 28.373 -2.5
      vertex 34.2135 14.9616 -2.5
    endloop
  endfacet
  facet normal 0 0 -1
    outer loop
      vertex 34.0132 15.4451 -2.5
      vertex 40.08 28.373 -2.5
      vertex 34.1253 15.2083 -2.5
    endloop
  endfacet
  facet normal 0 0 -1
    outer loop
      vertex 33.8785 15.6699 -2.5
      vertex 40.08 28.373 -2.5
      vertex 34.0132 15.4451 -2.5
    endloop
  endfacet
  facet normal 0 0 -1
    outer loop
      vertex 33.7224 15.8803 -2.5
      vertex 40.08 28.373 -2.5
      vertex 33.8785 15.6699 -2.5
    endloop
  endfacet
  facet normal 0 0 -1
    outer loop
      vertex 33.5465 16.0745 -2.5
      vertex 40.08 28.373 -2.5
      vertex 33.7224 15.8803 -2.5
    endloop
  endfacet
  facet normal 0 0 -1
    outer loop
      vertex 33.3523 16.2504 -2.5
      vertex 40.08 28.373 -2.5
      vertex 33.5465 16.0745 -2.5
    endloop
  endfacet
  facet normal 0 0 -1
    outer loop
      vertex 33.1419 16.4065 -2.5
      vertex 40.08 28.373 -2.5
      vertex 33.3523 16.2504 -2.5
    endloop
  endfacet
  facet normal 0 0 -1
    outer loop
      vertex 32.9171 16.5412 -2.5
      vertex 40.08 28.373 -2.5
      vertex 33.1419 16.4065 -2.5
    endloop
  endfacet
  facet normal 0 0 -1
    outer loop
      vertex 32.6803 16.6533 -2.5
      vertex 40.08 28.373 -2.5
      vertex 32.9171 16.5412 -2.5
    endloop
  endfacet
  facet normal 0 0 -1
    outer loop
      vertex 32.4336 16.7415 -2.5
      vertex 40.08 28.373 -2.5
      vertex 32.6803 16.6533 -2.5
    endloop
  endfacet
  facet normal 0 0 -1
    outer loop
      vertex 32.1794 16.8052 -2.5
      vertex 40.08 28.373 -2.5
      vertex 32.4336 16.7415 -2.5
    endloop
  endfacet
  facet normal 0 0 -1
    outer loop
      vertex 31.9202 16.8436 -2.5
      vertex 40.08 28.373 -2.5
      vertex 32.1794 16.8052 -2.5
    endloop
  endfacet
  facet normal 0 0 -1
    outer loop
      vertex 31.6585 16.8565 -2.5
      vertex 40.08 28.373 -2.5
      vertex 31.9202 16.8436 -2.5
    endloop
  endfacet
  facet normal 0 0 -1
    outer loop
      vertex 10.3735 16.8565 -2.5
      vertex 40.08 28.373 -2.5
      vertex 31.6585 16.8565 -2.5
    endloop
  endfacet
  facet normal 0 0 -1
    outer loop
      vertex 0 28.373 -2.5
      vertex 10.3735 16.8565 -2.5
      vertex 10.1118 16.8436 -2.5
    endloop
  endfacet
  facet normal 0 0 -1
    outer loop
      vertex 0 28.373 -2.5
      vertex 10.1118 16.8436 -2.5
      vertex 9.85261 16.8052 -2.5
    endloop
  endfacet
  facet normal 0 0 -1
    outer loop
      vertex 0 28.373 -2.5
      vertex 9.85261 16.8052 -2.5
      vertex 9.59844 16.7415 -2.5
    endloop
  endfacet
  facet normal 0 0 -1
    outer loop
      vertex 0 28.373 -2.5
      vertex 9.59844 16.7415 -2.5
      vertex 9.35174 16.6533 -2.5
    endloop
  endfacet
  facet normal 0 0 -1
    outer loop
      vertex 0 28.373 -2.5
      vertex 7.7035 14.1865 -2.5
      vertex 0 0 -2.5
    endloop
  endfacet
  facet normal 0 0 -1
    outer loop
      vertex 7.7035 14.1865 -2.5
      vertex 0 28.373 -2.5
      vertex 7.71636 14.4482 -2.5
    endloop
  endfacet
  facet normal 0 0 -1
    outer loop
      vertex 7.71636 14.4482 -2.5
      vertex 0 28.373 -2.5
      vertex 7.7548 14.7074 -2.5
    endloop
  endfacet
  facet normal 0 0 -1
    outer loop
      vertex 7.7548 14.7074 -2.5
      vertex 0 28.373 -2.5
      vertex 7.81847 14.9616 -2.5
    endloop
  endfacet
  facet normal 0 0 -1
    outer loop
      vertex 7.81847 14.9616 -2.5
      vertex 0 28.373 -2.5
      vertex 7.90674 15.2083 -2.5
    endloop
  endfacet
  facet normal 0 0 -1
    outer loop
      vertex 10.3735 16.8565 -2.5
      vertex 0 28.373 -2.5
      vertex 40.08 28.373 -2.5
    endloop
  endfacet
  facet normal 0 0 -1
    outer loop
      vertex 9.11487 16.5412 -2.5
      vertex 0 28.373 -2.5
      vertex 9.35174 16.6533 -2.5
    endloop
  endfacet
  facet normal 0 0 -1
    outer loop
      vertex 8.89013 16.4065 -2.5
      vertex 0 28.373 -2.5
      vertex 9.11487 16.5412 -2.5
    endloop
  endfacet
  facet normal 0 0 -1
    outer loop
      vertex 8.67967 16.2504 -2.5
      vertex 0 28.373 -2.5
      vertex 8.89013 16.4065 -2.5
    endloop
  endfacet
  facet normal 0 0 -1
    outer loop
      vertex 8.48552 16.0745 -2.5
      vertex 0 28.373 -2.5
      vertex 8.67967 16.2504 -2.5
    endloop
  endfacet
  facet normal 0 0 -1
    outer loop
      vertex 8.30956 15.8803 -2.5
      vertex 0 28.373 -2.5
      vertex 8.48552 16.0745 -2.5
    endloop
  endfacet
  facet normal 0 0 -1
    outer loop
      vertex 8.15348 15.6699 -2.5
      vertex 0 28.373 -2.5
      vertex 8.30956 15.8803 -2.5
    endloop
  endfacet
  facet normal 0 0 -1
    outer loop
      vertex 8.01877 15.4451 -2.5
      vertex 0 28.373 -2.5
      vertex 8.15348 15.6699 -2.5
    endloop
  endfacet
  facet normal 0 0 -1
    outer loop
      vertex 7.90674 15.2083 -2.5
      vertex 0 28.373 -2.5
      vertex 8.01877 15.4451 -2.5
    endloop
  endfacet
  facet normal 0.998795 -0.049081 0
    outer loop
      vertex 7.7035 14.1865 0.00999928
      vertex 7.71636 14.4482 -2.5
      vertex 7.71636 14.4482 0.00999928
    endloop
  endfacet
  facet normal 0.998795 -0.049081 0
    outer loop
      vertex 7.71636 14.4482 -2.5
      vertex 7.7035 14.1865 0.00999928
      vertex 7.7035 14.1865 -2.5
    endloop
  endfacet
  facet normal 0.941545 -0.336888 0
    outer loop
      vertex 7.81847 14.9616 0.00999928
      vertex 7.90674 15.2083 -2.5
      vertex 7.90674 15.2083 0.00999928
    endloop
  endfacet
  facet normal 0.941545 -0.336888 0
    outer loop
      vertex 7.90674 15.2083 -2.5
      vertex 7.81847 14.9616 0.00999928
      vertex 7.81847 14.9616 -2.5
    endloop
  endfacet
  facet normal 0.989181 -0.146698 0
    outer loop
      vertex 7.71636 14.4482 0.00999928
      vertex 7.7548 14.7074 -2.5
      vertex 7.7548 14.7074 0.00999928
    endloop
  endfacet
  facet normal 0.989181 -0.146698 0
    outer loop
      vertex 7.7548 14.7074 -2.5
      vertex 7.71636 14.4482 0.00999928
      vertex 7.71636 14.4482 -2.5
    endloop
  endfacet
  facet normal -0.0492333 0.998787 0
    outer loop
      vertex 31.9202 11.5294 -2.5
      vertex 31.6585 11.5165 0.00999928
      vertex 31.9202 11.5294 0.00999928
    endloop
  endfacet
  facet normal -0.0492333 0.998787 0
    outer loop
      vertex 31.6585 11.5165 0.00999928
      vertex 31.9202 11.5294 -2.5
      vertex 31.6585 11.5165 -2.5
    endloop
  endfacet
  facet normal 0.741051 0.671449 0
    outer loop
      vertex 8.48552 12.2985 0.00999928
      vertex 8.30956 12.4927 -2.5
      vertex 8.30956 12.4927 0.00999928
    endloop
  endfacet
  facet normal 0.741051 0.671449 0
    outer loop
      vertex 8.30956 12.4927 -2.5
      vertex 8.48552 12.2985 0.00999928
      vertex 8.48552 12.2985 -2.5
    endloop
  endfacet
  facet normal 0.970035 -0.242967 0
    outer loop
      vertex 7.7548 14.7074 0.00999928
      vertex 7.81847 14.9616 -2.5
      vertex 7.81847 14.9616 0.00999928
    endloop
  endfacet
  facet normal 0.970035 -0.242967 0
    outer loop
      vertex 7.81847 14.9616 -2.5
      vertex 7.7548 14.7074 0.00999928
      vertex 7.7548 14.7074 -2.5
    endloop
  endfacet
  facet normal 0.903942 -0.427655 0
    outer loop
      vertex 7.90674 15.2083 0.00999928
      vertex 8.01877 15.4451 -2.5
      vertex 8.01877 15.4451 0.00999928
    endloop
  endfacet
  facet normal 0.903942 -0.427655 0
    outer loop
      vertex 8.01877 15.4451 -2.5
      vertex 7.90674 15.2083 0.00999928
      vertex 7.90674 15.2083 -2.5
    endloop
  endfacet
  facet normal 0 -1 0
    outer loop
      vertex 10.3735 16.8565 -2.5
      vertex 31.6585 16.8565 0.00999928
      vertex 10.3735 16.8565 0.00999928
    endloop
  endfacet
  facet normal 0 -1 -0
    outer loop
      vertex 31.6585 16.8565 0.00999928
      vertex 10.3735 16.8565 -2.5
      vertex 31.6585 16.8565 -2.5
    endloop
  endfacet
  facet normal -0.989203 -0.146549 0
    outer loop
      vertex 34.3156 14.4482 -2.5
      vertex 34.2772 14.7074 0.00999928
      vertex 34.2772 14.7074 -2.5
    endloop
  endfacet
  facet normal -0.989203 -0.146549 0
    outer loop
      vertex 34.2772 14.7074 0.00999928
      vertex 34.3156 14.4482 -2.5
      vertex 34.3156 14.4482 0.00999928
    endloop
  endfacet
  facet normal 0 1 -0
    outer loop
      vertex 31.6585 11.5165 -2.5
      vertex 10.3735 11.5165 0.00999928
      vertex 31.6585 11.5165 0.00999928
    endloop
  endfacet
  facet normal 0 1 0
    outer loop
      vertex 10.3735 11.5165 0.00999928
      vertex 31.6585 11.5165 -2.5
      vertex 10.3735 11.5165 -2.5
    endloop
  endfacet
  facet normal 0.857779 -0.514019 0
    outer loop
      vertex 8.01877 15.4451 0.00999928
      vertex 8.15348 15.6699 -2.5
      vertex 8.15348 15.6699 0.00999928
    endloop
  endfacet
  facet normal 0.857779 -0.514019 0
    outer loop
      vertex 8.15348 15.6699 -2.5
      vertex 8.01877 15.4451 0.00999928
      vertex 8.01877 15.4451 -2.5
    endloop
  endfacet
  facet normal 0.243101 -0.970001 0
    outer loop
      vertex 9.59844 16.7415 -2.5
      vertex 9.85261 16.8052 0.00999928
      vertex 9.59844 16.7415 0.00999928
    endloop
  endfacet
  facet normal 0.243101 -0.970001 0
    outer loop
      vertex 9.85261 16.8052 0.00999928
      vertex 9.59844 16.7415 -2.5
      vertex 9.85261 16.8052 -2.5
    endloop
  endfacet
  facet normal -0.0492333 -0.998787 0
    outer loop
      vertex 31.6585 16.8565 -2.5
      vertex 31.9202 16.8436 0.00999928
      vertex 31.6585 16.8565 0.00999928
    endloop
  endfacet
  facet normal -0.0492333 -0.998787 -0
    outer loop
      vertex 31.9202 16.8436 0.00999928
      vertex 31.6585 16.8565 -2.5
      vertex 31.9202 16.8436 -2.5
    endloop
  endfacet
  facet normal -0.857796 -0.513991 0
    outer loop
      vertex 34.0132 15.4451 -2.5
      vertex 33.8785 15.6699 0.00999928
      vertex 33.8785 15.6699 -2.5
    endloop
  endfacet
  facet normal -0.857796 -0.513991 0
    outer loop
      vertex 33.8785 15.6699 0.00999928
      vertex 34.0132 15.4451 -2.5
      vertex 34.0132 15.4451 0.00999928
    endloop
  endfacet
  facet normal -0.989203 0.146549 0
    outer loop
      vertex 34.2772 13.6656 -2.5
      vertex 34.3156 13.9248 0.00999928
      vertex 34.3156 13.9248 -2.5
    endloop
  endfacet
  facet normal -0.989203 0.146549 0
    outer loop
      vertex 34.3156 13.9248 0.00999928
      vertex 34.2772 13.6656 -2.5
      vertex 34.2772 13.6656 0.00999928
    endloop
  endfacet
  facet normal 0.595729 -0.803185 0
    outer loop
      vertex 8.67967 16.2504 -2.5
      vertex 8.89013 16.4065 0.00999928
      vertex 8.67967 16.2504 0.00999928
    endloop
  endfacet
  facet normal 0.595729 -0.803185 0
    outer loop
      vertex 8.89013 16.4065 0.00999928
      vertex 8.67967 16.2504 -2.5
      vertex 8.89013 16.4065 -2.5
    endloop
  endfacet
  facet normal 0.0492333 -0.998787 0
    outer loop
      vertex 10.1118 16.8436 -2.5
      vertex 10.3735 16.8565 0.00999928
      vertex 10.1118 16.8436 0.00999928
    endloop
  endfacet
  facet normal 0.0492333 -0.998787 0
    outer loop
      vertex 10.3735 16.8565 0.00999928
      vertex 10.1118 16.8436 -2.5
      vertex 10.3735 16.8565 -2.5
    endloop
  endfacet
  facet normal -0.671323 -0.741165 0
    outer loop
      vertex 33.3523 16.2504 -2.5
      vertex 33.5465 16.0745 0.00999928
      vertex 33.3523 16.2504 0.00999928
    endloop
  endfacet
  facet normal -0.671323 -0.741165 -0
    outer loop
      vertex 33.5465 16.0745 0.00999928
      vertex 33.3523 16.2504 -2.5
      vertex 33.5465 16.0745 -2.5
    endloop
  endfacet
  facet normal -0.998787 -0.0492333 0
    outer loop
      vertex 34.3285 14.1865 -2.5
      vertex 34.3156 14.4482 0.00999928
      vertex 34.3156 14.4482 -2.5
    endloop
  endfacet
  facet normal -0.998787 -0.0492333 0
    outer loop
      vertex 34.3156 14.4482 0.00999928
      vertex 34.3285 14.1865 -2.5
      vertex 34.3285 14.1865 0.00999928
    endloop
  endfacet
  facet normal -0.998787 0.0492333 0
    outer loop
      vertex 34.3156 13.9248 -2.5
      vertex 34.3285 14.1865 0.00999928
      vertex 34.3285 14.1865 -2.5
    endloop
  endfacet
  facet normal -0.998787 0.0492333 0
    outer loop
      vertex 34.3285 14.1865 0.00999928
      vertex 34.3156 13.9248 -2.5
      vertex 34.3156 13.9248 0.00999928
    endloop
  endfacet
  facet normal -0.427873 0.903839 0
    outer loop
      vertex 32.9171 11.8318 -2.5
      vertex 32.6803 11.7197 0.00999928
      vertex 32.9171 11.8318 0.00999928
    endloop
  endfacet
  facet normal -0.427873 0.903839 0
    outer loop
      vertex 32.6803 11.7197 0.00999928
      vertex 32.9171 11.8318 -2.5
      vertex 32.6803 11.7197 -2.5
    endloop
  endfacet
  facet normal -0.595839 0.803104 0
    outer loop
      vertex 33.3523 12.1226 -2.5
      vertex 33.1419 11.9665 0.00999928
      vertex 33.3523 12.1226 0.00999928
    endloop
  endfacet
  facet normal -0.595839 0.803104 0
    outer loop
      vertex 33.1419 11.9665 0.00999928
      vertex 33.3523 12.1226 -2.5
      vertex 33.1419 11.9665 -2.5
    endloop
  endfacet
  facet normal -0.146549 0.989203 0
    outer loop
      vertex 32.1794 11.5678 -2.5
      vertex 31.9202 11.5294 0.00999928
      vertex 32.1794 11.5678 0.00999928
    endloop
  endfacet
  facet normal -0.146549 0.989203 0
    outer loop
      vertex 31.9202 11.5294 0.00999928
      vertex 32.1794 11.5678 -2.5
      vertex 31.9202 11.5294 -2.5
    endloop
  endfacet
  facet normal -0.857796 0.513991 0
    outer loop
      vertex 33.8785 12.7031 -2.5
      vertex 34.0132 12.9279 0.00999928
      vertex 34.0132 12.9279 -2.5
    endloop
  endfacet
  facet normal -0.857796 0.513991 0
    outer loop
      vertex 34.0132 12.9279 0.00999928
      vertex 33.8785 12.7031 -2.5
      vertex 33.8785 12.7031 0.00999928
    endloop
  endfacet
  facet normal -0.803104 0.595839 0
    outer loop
      vertex 33.7224 12.4927 -2.5
      vertex 33.8785 12.7031 0.00999928
      vertex 33.8785 12.7031 -2.5
    endloop
  endfacet
  facet normal -0.803104 0.595839 0
    outer loop
      vertex 33.8785 12.7031 0.00999928
      vertex 33.7224 12.4927 -2.5
      vertex 33.7224 12.4927 0.00999928
    endloop
  endfacet
  facet normal 0.80314 -0.59579 0
    outer loop
      vertex 8.15348 15.6699 0.00999928
      vertex 8.30956 15.8803 -2.5
      vertex 8.30956 15.8803 0.00999928
    endloop
  endfacet
  facet normal 0.80314 -0.59579 0
    outer loop
      vertex 8.30956 15.8803 -2.5
      vertex 8.15348 15.6699 0.00999928
      vertex 8.15348 15.6699 -2.5
    endloop
  endfacet
  facet normal 0.741051 -0.671449 0
    outer loop
      vertex 8.30956 15.8803 0.00999928
      vertex 8.48552 16.0745 -2.5
      vertex 8.48552 16.0745 0.00999928
    endloop
  endfacet
  facet normal 0.741051 -0.671449 0
    outer loop
      vertex 8.48552 16.0745 -2.5
      vertex 8.30956 15.8803 0.00999928
      vertex 8.30956 15.8803 -2.5
    endloop
  endfacet
  facet normal 0.671418 -0.741079 0
    outer loop
      vertex 8.48552 16.0745 -2.5
      vertex 8.67967 16.2504 0.00999928
      vertex 8.48552 16.0745 0.00999928
    endloop
  endfacet
  facet normal 0.671418 -0.741079 0
    outer loop
      vertex 8.67967 16.2504 0.00999928
      vertex 8.48552 16.0745 -2.5
      vertex 8.67967 16.2504 -2.5
    endloop
  endfacet
  facet normal 0.514092 -0.857735 0
    outer loop
      vertex 8.89013 16.4065 -2.5
      vertex 9.11487 16.5412 0.00999928
      vertex 8.89013 16.4065 0.00999928
    endloop
  endfacet
  facet normal 0.514092 -0.857735 0
    outer loop
      vertex 9.11487 16.5412 0.00999928
      vertex 8.89013 16.4065 -2.5
      vertex 9.11487 16.5412 -2.5
    endloop
  endfacet
  facet normal 0.42777 -0.903888 0
    outer loop
      vertex 9.11487 16.5412 -2.5
      vertex 9.35174 16.6533 0.00999928
      vertex 9.11487 16.5412 0.00999928
    endloop
  endfacet
  facet normal 0.42777 -0.903888 0
    outer loop
      vertex 9.35174 16.6533 0.00999928
      vertex 9.11487 16.5412 -2.5
      vertex 9.35174 16.6533 -2.5
    endloop
  endfacet
  facet normal 0.336651 -0.94163 0
    outer loop
      vertex 9.35174 16.6533 -2.5
      vertex 9.59844 16.7415 0.00999928
      vertex 9.35174 16.6533 0.00999928
    endloop
  endfacet
  facet normal 0.336651 -0.94163 0
    outer loop
      vertex 9.59844 16.7415 0.00999928
      vertex 9.35174 16.6533 -2.5
      vertex 9.59844 16.7415 -2.5
    endloop
  endfacet
  facet normal 0.146554 -0.989203 0
    outer loop
      vertex 9.85261 16.8052 -2.5
      vertex 10.1118 16.8436 0.00999928
      vertex 9.85261 16.8052 0.00999928
    endloop
  endfacet
  facet normal 0.146554 -0.989203 0
    outer loop
      vertex 10.1118 16.8436 0.00999928
      vertex 9.85261 16.8052 -2.5
      vertex 10.1118 16.8436 -2.5
    endloop
  endfacet
  facet normal -0.595839 -0.803104 0
    outer loop
      vertex 33.1419 16.4065 -2.5
      vertex 33.3523 16.2504 0.00999928
      vertex 33.1419 16.4065 0.00999928
    endloop
  endfacet
  facet normal -0.595839 -0.803104 -0
    outer loop
      vertex 33.3523 16.2504 0.00999928
      vertex 33.1419 16.4065 -2.5
      vertex 33.3523 16.2504 -2.5
    endloop
  endfacet
  facet normal -0.243074 0.970008 0
    outer loop
      vertex 32.4336 11.6315 -2.5
      vertex 32.1794 11.5678 0.00999928
      vertex 32.4336 11.6315 0.00999928
    endloop
  endfacet
  facet normal -0.243074 0.970008 0
    outer loop
      vertex 32.1794 11.5678 0.00999928
      vertex 32.4336 11.6315 -2.5
      vertex 32.1794 11.5678 -2.5
    endloop
  endfacet
  facet normal -0.336651 0.94163 0
    outer loop
      vertex 32.6803 11.7197 -2.5
      vertex 32.4336 11.6315 0.00999928
      vertex 32.6803 11.7197 0.00999928
    endloop
  endfacet
  facet normal -0.336651 0.94163 0
    outer loop
      vertex 32.4336 11.6315 0.00999928
      vertex 32.6803 11.7197 -2.5
      vertex 32.4336 11.6315 -2.5
    endloop
  endfacet
  facet normal 0.998795 0.049081 0
    outer loop
      vertex 7.71636 13.9248 0.00999928
      vertex 7.7035 14.1865 -2.5
      vertex 7.7035 14.1865 0.00999928
    endloop
  endfacet
  facet normal 0.998795 0.049081 0
    outer loop
      vertex 7.7035 14.1865 -2.5
      vertex 7.71636 13.9248 0.00999928
      vertex 7.71636 13.9248 -2.5
    endloop
  endfacet
  facet normal 0.0492333 0.998787 -0
    outer loop
      vertex 10.3735 11.5165 -2.5
      vertex 10.1118 11.5294 0.00999928
      vertex 10.3735 11.5165 0.00999928
    endloop
  endfacet
  facet normal 0.0492333 0.998787 0
    outer loop
      vertex 10.1118 11.5294 0.00999928
      vertex 10.3735 11.5165 -2.5
      vertex 10.1118 11.5294 -2.5
    endloop
  endfacet
  facet normal -0.94163 0.336651 0
    outer loop
      vertex 34.1253 13.1647 -2.5
      vertex 34.2135 13.4114 0.00999928
      vertex 34.2135 13.4114 -2.5
    endloop
  endfacet
  facet normal -0.94163 0.336651 0
    outer loop
      vertex 34.2135 13.4114 0.00999928
      vertex 34.1253 13.1647 -2.5
      vertex 34.1253 13.1647 0.00999928
    endloop
  endfacet
  facet normal -0.903839 0.427873 0
    outer loop
      vertex 34.0132 12.9279 -2.5
      vertex 34.1253 13.1647 0.00999928
      vertex 34.1253 13.1647 -2.5
    endloop
  endfacet
  facet normal -0.903839 0.427873 0
    outer loop
      vertex 34.1253 13.1647 0.00999928
      vertex 34.0132 12.9279 -2.5
      vertex 34.0132 12.9279 0.00999928
    endloop
  endfacet
  facet normal -0.970008 0.243074 0
    outer loop
      vertex 34.2135 13.4114 -2.5
      vertex 34.2772 13.6656 0.00999928
      vertex 34.2772 13.6656 -2.5
    endloop
  endfacet
  facet normal -0.970008 0.243074 0
    outer loop
      vertex 34.2772 13.6656 0.00999928
      vertex 34.2135 13.4114 -2.5
      vertex 34.2135 13.4114 0.00999928
    endloop
  endfacet
  facet normal -0.671323 0.741165 0
    outer loop
      vertex 33.5465 12.2985 -2.5
      vertex 33.3523 12.1226 0.00999928
      vertex 33.5465 12.2985 0.00999928
    endloop
  endfacet
  facet normal -0.671323 0.741165 0
    outer loop
      vertex 33.3523 12.1226 0.00999928
      vertex 33.5465 12.2985 -2.5
      vertex 33.3523 12.1226 -2.5
    endloop
  endfacet
  facet normal -0.741165 -0.671323 0
    outer loop
      vertex 33.7224 15.8803 -2.5
      vertex 33.5465 16.0745 0.00999928
      vertex 33.5465 16.0745 -2.5
    endloop
  endfacet
  facet normal -0.741165 -0.671323 0
    outer loop
      vertex 33.5465 16.0745 0.00999928
      vertex 33.7224 15.8803 -2.5
      vertex 33.7224 15.8803 0.00999928
    endloop
  endfacet
  facet normal -0.803104 -0.595839 0
    outer loop
      vertex 33.8785 15.6699 -2.5
      vertex 33.7224 15.8803 0.00999928
      vertex 33.7224 15.8803 -2.5
    endloop
  endfacet
  facet normal -0.803104 -0.595839 0
    outer loop
      vertex 33.7224 15.8803 0.00999928
      vertex 33.8785 15.6699 -2.5
      vertex 33.8785 15.6699 0.00999928
    endloop
  endfacet
  facet normal -0.903839 -0.427873 0
    outer loop
      vertex 34.1253 15.2083 -2.5
      vertex 34.0132 15.4451 0.00999928
      vertex 34.0132 15.4451 -2.5
    endloop
  endfacet
  facet normal -0.903839 -0.427873 0
    outer loop
      vertex 34.0132 15.4451 0.00999928
      vertex 34.1253 15.2083 -2.5
      vertex 34.1253 15.2083 0.00999928
    endloop
  endfacet
  facet normal -0.94163 -0.336651 0
    outer loop
      vertex 34.2135 14.9616 -2.5
      vertex 34.1253 15.2083 0.00999928
      vertex 34.1253 15.2083 -2.5
    endloop
  endfacet
  facet normal -0.94163 -0.336651 0
    outer loop
      vertex 34.1253 15.2083 0.00999928
      vertex 34.2135 14.9616 -2.5
      vertex 34.2135 14.9616 0.00999928
    endloop
  endfacet
  facet normal -0.970008 -0.243074 0
    outer loop
      vertex 34.2772 14.7074 -2.5
      vertex 34.2135 14.9616 0.00999928
      vertex 34.2135 14.9616 -2.5
    endloop
  endfacet
  facet normal -0.970008 -0.243074 0
    outer loop
      vertex 34.2135 14.9616 0.00999928
      vertex 34.2772 14.7074 -2.5
      vertex 34.2772 14.7074 0.00999928
    endloop
  endfacet
  facet normal -0.336651 -0.94163 0
    outer loop
      vertex 32.4336 16.7415 -2.5
      vertex 32.6803 16.6533 0.00999928
      vertex 32.4336 16.7415 0.00999928
    endloop
  endfacet
  facet normal -0.336651 -0.94163 -0
    outer loop
      vertex 32.6803 16.6533 0.00999928
      vertex 32.4336 16.7415 -2.5
      vertex 32.6803 16.6533 -2.5
    endloop
  endfacet
  facet normal -0.146549 -0.989203 0
    outer loop
      vertex 31.9202 16.8436 -2.5
      vertex 32.1794 16.8052 0.00999928
      vertex 31.9202 16.8436 0.00999928
    endloop
  endfacet
  facet normal -0.146549 -0.989203 -0
    outer loop
      vertex 32.1794 16.8052 0.00999928
      vertex 31.9202 16.8436 -2.5
      vertex 32.1794 16.8052 -2.5
    endloop
  endfacet
  facet normal -0.513991 0.857796 0
    outer loop
      vertex 33.1419 11.9665 -2.5
      vertex 32.9171 11.8318 0.00999928
      vertex 33.1419 11.9665 0.00999928
    endloop
  endfacet
  facet normal -0.513991 0.857796 0
    outer loop
      vertex 32.9171 11.8318 0.00999928
      vertex 33.1419 11.9665 -2.5
      vertex 32.9171 11.8318 -2.5
    endloop
  endfacet
  facet normal 0.336651 0.94163 -0
    outer loop
      vertex 9.59844 11.6315 -2.5
      vertex 9.35174 11.7197 0.00999928
      vertex 9.59844 11.6315 0.00999928
    endloop
  endfacet
  facet normal 0.336651 0.94163 0
    outer loop
      vertex 9.35174 11.7197 0.00999928
      vertex 9.59844 11.6315 -2.5
      vertex 9.35174 11.7197 -2.5
    endloop
  endfacet
  facet normal 0.243101 0.970001 -0
    outer loop
      vertex 9.85261 11.5678 -2.5
      vertex 9.59844 11.6315 0.00999928
      vertex 9.85261 11.5678 0.00999928
    endloop
  endfacet
  facet normal 0.243101 0.970001 0
    outer loop
      vertex 9.59844 11.6315 0.00999928
      vertex 9.85261 11.5678 -2.5
      vertex 9.59844 11.6315 -2.5
    endloop
  endfacet
  facet normal 0.146554 0.989203 -0
    outer loop
      vertex 10.1118 11.5294 -2.5
      vertex 9.85261 11.5678 0.00999928
      vertex 10.1118 11.5294 0.00999928
    endloop
  endfacet
  facet normal 0.146554 0.989203 0
    outer loop
      vertex 9.85261 11.5678 0.00999928
      vertex 10.1118 11.5294 -2.5
      vertex 9.85261 11.5678 -2.5
    endloop
  endfacet
  facet normal -0.741165 0.671323 0
    outer loop
      vertex 33.5465 12.2985 -2.5
      vertex 33.7224 12.4927 0.00999928
      vertex 33.7224 12.4927 -2.5
    endloop
  endfacet
  facet normal -0.741165 0.671323 0
    outer loop
      vertex 33.7224 12.4927 0.00999928
      vertex 33.5465 12.2985 -2.5
      vertex 33.5465 12.2985 0.00999928
    endloop
  endfacet
  facet normal -0.427873 -0.903839 0
    outer loop
      vertex 32.6803 16.6533 -2.5
      vertex 32.9171 16.5412 0.00999928
      vertex 32.6803 16.6533 0.00999928
    endloop
  endfacet
  facet normal -0.427873 -0.903839 -0
    outer loop
      vertex 32.9171 16.5412 0.00999928
      vertex 32.6803 16.6533 -2.5
      vertex 32.9171 16.5412 -2.5
    endloop
  endfacet
  facet normal -0.513991 -0.857796 0
    outer loop
      vertex 32.9171 16.5412 -2.5
      vertex 33.1419 16.4065 0.00999928
      vertex 32.9171 16.5412 0.00999928
    endloop
  endfacet
  facet normal -0.513991 -0.857796 -0
    outer loop
      vertex 33.1419 16.4065 0.00999928
      vertex 32.9171 16.5412 -2.5
      vertex 33.1419 16.4065 -2.5
    endloop
  endfacet
  facet normal -0.243074 -0.970008 0
    outer loop
      vertex 32.1794 16.8052 -2.5
      vertex 32.4336 16.7415 0.00999928
      vertex 32.1794 16.8052 0.00999928
    endloop
  endfacet
  facet normal -0.243074 -0.970008 -0
    outer loop
      vertex 32.4336 16.7415 0.00999928
      vertex 32.1794 16.8052 -2.5
      vertex 32.4336 16.7415 -2.5
    endloop
  endfacet
  facet normal 0.857779 0.514019 0
    outer loop
      vertex 8.15348 12.7031 0.00999928
      vertex 8.01877 12.9279 -2.5
      vertex 8.01877 12.9279 0.00999928
    endloop
  endfacet
  facet normal 0.857779 0.514019 0
    outer loop
      vertex 8.01877 12.9279 -2.5
      vertex 8.15348 12.7031 0.00999928
      vertex 8.15348 12.7031 -2.5
    endloop
  endfacet
  facet normal 0.903942 0.427655 0
    outer loop
      vertex 8.01877 12.9279 0.00999928
      vertex 7.90674 13.1647 -2.5
      vertex 7.90674 13.1647 0.00999928
    endloop
  endfacet
  facet normal 0.903942 0.427655 0
    outer loop
      vertex 7.90674 13.1647 -2.5
      vertex 8.01877 12.9279 0.00999928
      vertex 8.01877 12.9279 -2.5
    endloop
  endfacet
  facet normal 0.941545 0.336888 0
    outer loop
      vertex 7.90674 13.1647 0.00999928
      vertex 7.81847 13.4114 -2.5
      vertex 7.81847 13.4114 0.00999928
    endloop
  endfacet
  facet normal 0.941545 0.336888 0
    outer loop
      vertex 7.81847 13.4114 -2.5
      vertex 7.90674 13.1647 0.00999928
      vertex 7.90674 13.1647 -2.5
    endloop
  endfacet
  facet normal 0.970035 0.242967 0
    outer loop
      vertex 7.81847 13.4114 0.00999928
      vertex 7.7548 13.6656 -2.5
      vertex 7.7548 13.6656 0.00999928
    endloop
  endfacet
  facet normal 0.970035 0.242967 0
    outer loop
      vertex 7.7548 13.6656 -2.5
      vertex 7.81847 13.4114 0.00999928
      vertex 7.81847 13.4114 -2.5
    endloop
  endfacet
  facet normal 0.989181 0.146698 0
    outer loop
      vertex 7.7548 13.6656 0.00999928
      vertex 7.71636 13.9248 -2.5
      vertex 7.71636 13.9248 0.00999928
    endloop
  endfacet
  facet normal 0.989181 0.146698 0
    outer loop
      vertex 7.71636 13.9248 -2.5
      vertex 7.7548 13.6656 0.00999928
      vertex 7.7548 13.6656 -2.5
    endloop
  endfacet
  facet normal 0.42777 0.903888 -0
    outer loop
      vertex 9.35174 11.7197 -2.5
      vertex 9.11487 11.8318 0.00999928
      vertex 9.35174 11.7197 0.00999928
    endloop
  endfacet
  facet normal 0.42777 0.903888 0
    outer loop
      vertex 9.11487 11.8318 0.00999928
      vertex 9.35174 11.7197 -2.5
      vertex 9.11487 11.8318 -2.5
    endloop
  endfacet
  facet normal 0.514092 0.857735 -0
    outer loop
      vertex 9.11487 11.8318 -2.5
      vertex 8.89013 11.9665 0.00999928
      vertex 9.11487 11.8318 0.00999928
    endloop
  endfacet
  facet normal 0.514092 0.857735 0
    outer loop
      vertex 8.89013 11.9665 0.00999928
      vertex 9.11487 11.8318 -2.5
      vertex 8.89013 11.9665 -2.5
    endloop
  endfacet
  facet normal 0.595729 0.803185 -0
    outer loop
      vertex 8.89013 11.9665 -2.5
      vertex 8.67967 12.1226 0.00999928
      vertex 8.89013 11.9665 0.00999928
    endloop
  endfacet
  facet normal 0.595729 0.803185 0
    outer loop
      vertex 8.67967 12.1226 0.00999928
      vertex 8.89013 11.9665 -2.5
      vertex 8.67967 12.1226 -2.5
    endloop
  endfacet
  facet normal 0.671418 0.741079 -0
    outer loop
      vertex 8.67967 12.1226 -2.5
      vertex 8.48552 12.2985 0.00999928
      vertex 8.67967 12.1226 0.00999928
    endloop
  endfacet
  facet normal 0.671418 0.741079 0
    outer loop
      vertex 8.48552 12.2985 0.00999928
      vertex 8.67967 12.1226 -2.5
      vertex 8.48552 12.2985 -2.5
    endloop
  endfacet
  facet normal 0.80314 0.59579 0
    outer loop
      vertex 8.30956 12.4927 0.00999928
      vertex 8.15348 12.7031 -2.5
      vertex 8.15348 12.7031 0.00999928
    endloop
  endfacet
  facet normal 0.80314 0.59579 0
    outer loop
      vertex 8.15348 12.7031 -2.5
      vertex 8.30956 12.4927 0.00999928
      vertex 8.30956 12.4927 -2.5
    endloop
  endfacet
endsolid OpenSCAD_Model
