solid OpenSCAD_Model
  facet normal 0.956944 -0.290274 0
    outer loop
      vertex 3.05284 12.5365 6
      vertex 3.20933 13.0524 0
      vertex 3.20933 13.0524 6
    endloop
  endfacet
  facet normal 0.956944 -0.290274 0
    outer loop
      vertex 3.20933 13.0524 0
      vertex 3.05284 12.5365 6
      vertex 3.05284 12.5365 0
    endloop
  endfacet
  facet normal 0.995185 -0.098016 0
    outer loop
      vertex 3 12 6
      vertex 3.05284 12.5365 0
      vertex 3.05284 12.5365 6
    endloop
  endfacet
  facet normal 0.995185 -0.098016 0
    outer loop
      vertex 3.05284 12.5365 0
      vertex 3 12 6
      vertex 3 12 0
    endloop
  endfacet
  facet normal 0.995185 0.098016 0
    outer loop
      vertex 3.05284 11.4635 6
      vertex 3 12 0
      vertex 3 12 6
    endloop
  endfacet
  facet normal 0.995185 0.098016 0
    outer loop
      vertex 3 12 0
      vertex 3.05284 11.4635 6
      vertex 3.05284 11.4635 0
    endloop
  endfacet
  facet normal -0.0979425 -0.995192 0
    outer loop
      vertex 14.25 14.75 0
      vertex 14.7865 14.6972 6
      vertex 14.25 14.75 6
    endloop
  endfacet
  facet normal -0.0979425 -0.995192 -0
    outer loop
      vertex 14.7865 14.6972 6
      vertex 14.25 14.75 0
      vertex 14.7865 14.6972 0
    endloop
  endfacet
  facet normal 0.0979425 -0.995192 0
    outer loop
      vertex 5.2135 14.6972 0
      vertex 5.75 14.75 6
      vertex 5.2135 14.6972 6
    endloop
  endfacet
  facet normal 0.0979425 -0.995192 0
    outer loop
      vertex 5.75 14.75 6
      vertex 5.2135 14.6972 0
      vertex 5.75 14.75 0
    endloop
  endfacet
  facet normal -0.098016 0.995185 0
    outer loop
      vertex 14.7865 9.30284 0
      vertex 14.25 9.25 6
      vertex 14.7865 9.30284 6
    endloop
  endfacet
  facet normal -0.098016 0.995185 0
    outer loop
      vertex 14.25 9.25 6
      vertex 14.7865 9.30284 0
      vertex 14.25 9.25 0
    endloop
  endfacet
  facet normal -0.995192 0.0979425 0
    outer loop
      vertex 16.9472 11.4635 0
      vertex 17 12 6
      vertex 17 12 0
    endloop
  endfacet
  facet normal -0.995192 0.0979425 0
    outer loop
      vertex 17 12 6
      vertex 16.9472 11.4635 0
      vertex 16.9472 11.4635 6
    endloop
  endfacet
  facet normal -0.772989 -0.634419 0
    outer loop
      vertex 16.5365 13.5278 0
      vertex 16.1945 13.9445 6
      vertex 16.1945 13.9445 0
    endloop
  endfacet
  facet normal -0.772989 -0.634419 0
    outer loop
      vertex 16.1945 13.9445 6
      vertex 16.5365 13.5278 0
      vertex 16.5365 13.5278 6
    endloop
  endfacet
  facet normal 0 -1 0
    outer loop
      vertex 5.75 14.75 0
      vertex 14.25 14.75 6
      vertex 5.75 14.75 6
    endloop
  endfacet
  facet normal 0 -1 -0
    outer loop
      vertex 14.25 14.75 6
      vertex 5.75 14.75 0
      vertex 14.25 14.75 0
    endloop
  endfacet
  facet normal 0.634401 -0.773004 0
    outer loop
      vertex 3.80546 13.9445 0
      vertex 4.22218 14.2865 6
      vertex 3.80546 13.9445 6
    endloop
  endfacet
  facet normal 0.634401 -0.773004 0
    outer loop
      vertex 4.22218 14.2865 6
      vertex 3.80546 13.9445 0
      vertex 4.22218 14.2865 0
    endloop
  endfacet
  facet normal -0.772989 0.634419 0
    outer loop
      vertex 16.1945 10.0555 0
      vertex 16.5365 10.4722 6
      vertex 16.5365 10.4722 0
    endloop
  endfacet
  facet normal -0.772989 0.634419 0
    outer loop
      vertex 16.5365 10.4722 6
      vertex 16.1945 10.0555 0
      vertex 16.1945 10.0555 6
    endloop
  endfacet
  facet normal 0.098016 0.995185 -0
    outer loop
      vertex 5.75 9.25 0
      vertex 5.2135 9.30284 6
      vertex 5.75 9.25 6
    endloop
  endfacet
  facet normal 0.098016 0.995185 0
    outer loop
      vertex 5.2135 9.30284 6
      vertex 5.75 9.25 0
      vertex 5.2135 9.30284 0
    endloop
  endfacet
  facet normal 0 1 -0
    outer loop
      vertex 14.25 9.25 0
      vertex 5.75 9.25 6
      vertex 14.25 9.25 6
    endloop
  endfacet
  facet normal 0 1 0
    outer loop
      vertex 5.75 9.25 6
      vertex 14.25 9.25 0
      vertex 5.75 9.25 0
    endloop
  endfacet
  facet normal 0.772989 0.634419 0
    outer loop
      vertex 3.80546 10.0555 6
      vertex 3.46346 10.4722 0
      vertex 3.46346 10.4722 6
    endloop
  endfacet
  facet normal 0.772989 0.634419 0
    outer loop
      vertex 3.46346 10.4722 0
      vertex 3.80546 10.0555 6
      vertex 3.80546 10.0555 0
    endloop
  endfacet
  facet normal -0.956939 -0.290291 0
    outer loop
      vertex 16.9472 12.5365 0
      vertex 16.7907 13.0524 6
      vertex 16.7907 13.0524 0
    endloop
  endfacet
  facet normal -0.956939 -0.290291 0
    outer loop
      vertex 16.7907 13.0524 6
      vertex 16.9472 12.5365 0
      vertex 16.9472 12.5365 6
    endloop
  endfacet
  facet normal -0.995192 -0.0979425 0
    outer loop
      vertex 17 12 0
      vertex 16.9472 12.5365 6
      vertex 16.9472 12.5365 0
    endloop
  endfacet
  facet normal -0.995192 -0.0979425 0
    outer loop
      vertex 16.9472 12.5365 6
      vertex 17 12 0
      vertex 17 12 6
    endloop
  endfacet
  facet normal -0.881849 -0.471531 0
    outer loop
      vertex 16.7907 13.0524 0
      vertex 16.5365 13.5278 6
      vertex 16.5365 13.5278 0
    endloop
  endfacet
  facet normal -0.881849 -0.471531 0
    outer loop
      vertex 16.5365 13.5278 6
      vertex 16.7907 13.0524 0
      vertex 16.7907 13.0524 6
    endloop
  endfacet
  facet normal -0.471531 -0.881849 0
    outer loop
      vertex 15.3024 14.5407 0
      vertex 15.7778 14.2865 6
      vertex 15.3024 14.5407 6
    endloop
  endfacet
  facet normal -0.471531 -0.881849 -0
    outer loop
      vertex 15.7778 14.2865 6
      vertex 15.3024 14.5407 0
      vertex 15.7778 14.2865 0
    endloop
  endfacet
  facet normal -0.290291 -0.956939 0
    outer loop
      vertex 14.7865 14.6972 0
      vertex 15.3024 14.5407 6
      vertex 14.7865 14.6972 6
    endloop
  endfacet
  facet normal -0.290291 -0.956939 -0
    outer loop
      vertex 15.3024 14.5407 6
      vertex 14.7865 14.6972 0
      vertex 15.3024 14.5407 0
    endloop
  endfacet
  facet normal -0.634419 -0.772989 0
    outer loop
      vertex 15.7778 14.2865 0
      vertex 16.1945 13.9445 6
      vertex 15.7778 14.2865 6
    endloop
  endfacet
  facet normal -0.634419 -0.772989 -0
    outer loop
      vertex 16.1945 13.9445 6
      vertex 15.7778 14.2865 0
      vertex 16.1945 13.9445 0
    endloop
  endfacet
  facet normal 0.772989 -0.634419 0
    outer loop
      vertex 3.46346 13.5278 6
      vertex 3.80546 13.9445 0
      vertex 3.80546 13.9445 6
    endloop
  endfacet
  facet normal 0.772989 -0.634419 0
    outer loop
      vertex 3.80546 13.9445 0
      vertex 3.46346 13.5278 6
      vertex 3.46346 13.5278 0
    endloop
  endfacet
  facet normal -0.956939 0.290291 0
    outer loop
      vertex 16.7907 10.9476 0
      vertex 16.9472 11.4635 6
      vertex 16.9472 11.4635 0
    endloop
  endfacet
  facet normal -0.956939 0.290291 0
    outer loop
      vertex 16.9472 11.4635 6
      vertex 16.7907 10.9476 0
      vertex 16.7907 10.9476 6
    endloop
  endfacet
  facet normal -0.471431 0.881903 0
    outer loop
      vertex 15.7778 9.71346 0
      vertex 15.3024 9.45933 6
      vertex 15.7778 9.71346 6
    endloop
  endfacet
  facet normal -0.471431 0.881903 0
    outer loop
      vertex 15.3024 9.45933 6
      vertex 15.7778 9.71346 0
      vertex 15.3024 9.45933 0
    endloop
  endfacet
  facet normal -0.634463 0.772953 0
    outer loop
      vertex 16.1945 10.0555 0
      vertex 15.7778 9.71346 6
      vertex 16.1945 10.0555 6
    endloop
  endfacet
  facet normal -0.634463 0.772953 0
    outer loop
      vertex 15.7778 9.71346 6
      vertex 16.1945 10.0555 0
      vertex 15.7778 9.71346 0
    endloop
  endfacet
  facet normal 0.471501 -0.881866 0
    outer loop
      vertex 4.22218 14.2865 0
      vertex 4.69762 14.5407 6
      vertex 4.22218 14.2865 6
    endloop
  endfacet
  facet normal 0.471501 -0.881866 0
    outer loop
      vertex 4.69762 14.5407 6
      vertex 4.22218 14.2865 0
      vertex 4.69762 14.5407 0
    endloop
  endfacet
  facet normal 0.290301 -0.956935 0
    outer loop
      vertex 4.69762 14.5407 0
      vertex 5.2135 14.6972 6
      vertex 4.69762 14.5407 6
    endloop
  endfacet
  facet normal 0.290301 -0.956935 0
    outer loop
      vertex 5.2135 14.6972 6
      vertex 4.69762 14.5407 0
      vertex 5.2135 14.6972 0
    endloop
  endfacet
  facet normal 0.881903 -0.471431 0
    outer loop
      vertex 3.20933 13.0524 6
      vertex 3.46346 13.5278 0
      vertex 3.46346 13.5278 6
    endloop
  endfacet
  facet normal 0.881903 -0.471431 0
    outer loop
      vertex 3.46346 13.5278 0
      vertex 3.20933 13.0524 6
      vertex 3.20933 13.0524 0
    endloop
  endfacet
  facet normal -0.881849 0.471531 0
    outer loop
      vertex 16.5365 10.4722 0
      vertex 16.7907 10.9476 6
      vertex 16.7907 10.9476 0
    endloop
  endfacet
  facet normal -0.881849 0.471531 0
    outer loop
      vertex 16.7907 10.9476 6
      vertex 16.5365 10.4722 0
      vertex 16.5365 10.4722 6
    endloop
  endfacet
  facet normal -0.290274 0.956944 0
    outer loop
      vertex 15.3024 9.45933 0
      vertex 14.7865 9.30284 6
      vertex 15.3024 9.45933 6
    endloop
  endfacet
  facet normal -0.290274 0.956944 0
    outer loop
      vertex 14.7865 9.30284 6
      vertex 15.3024 9.45933 0
      vertex 14.7865 9.30284 0
    endloop
  endfacet
  facet normal 0.4714 0.88192 -0
    outer loop
      vertex 4.69762 9.45933 0
      vertex 4.22218 9.71346 6
      vertex 4.69762 9.45933 6
    endloop
  endfacet
  facet normal 0.4714 0.88192 0
    outer loop
      vertex 4.22218 9.71346 6
      vertex 4.69762 9.45933 0
      vertex 4.22218 9.71346 0
    endloop
  endfacet
  facet normal 0.290284 0.956941 -0
    outer loop
      vertex 5.2135 9.30284 0
      vertex 4.69762 9.45933 6
      vertex 5.2135 9.30284 6
    endloop
  endfacet
  facet normal 0.290284 0.956941 0
    outer loop
      vertex 4.69762 9.45933 6
      vertex 5.2135 9.30284 0
      vertex 4.69762 9.45933 0
    endloop
  endfacet
  facet normal 0.881903 0.471431 0
    outer loop
      vertex 3.46346 10.4722 6
      vertex 3.20933 10.9476 0
      vertex 3.20933 10.9476 6
    endloop
  endfacet
  facet normal 0.881903 0.471431 0
    outer loop
      vertex 3.20933 10.9476 0
      vertex 3.46346 10.4722 6
      vertex 3.46346 10.4722 0
    endloop
  endfacet
  facet normal 0.956944 0.290274 0
    outer loop
      vertex 3.20933 10.9476 6
      vertex 3.05284 11.4635 0
      vertex 3.05284 11.4635 6
    endloop
  endfacet
  facet normal 0.956944 0.290274 0
    outer loop
      vertex 3.05284 11.4635 0
      vertex 3.20933 10.9476 6
      vertex 3.20933 10.9476 0
    endloop
  endfacet
  facet normal 0.634445 0.772968 -0
    outer loop
      vertex 4.22218 9.71346 0
      vertex 3.80546 10.0555 6
      vertex 4.22218 9.71346 6
    endloop
  endfacet
  facet normal 0.634445 0.772968 0
    outer loop
      vertex 3.80546 10.0555 6
      vertex 4.22218 9.71346 0
      vertex 3.80546 10.0555 0
    endloop
  endfacet
  facet normal 0.956944 -0.290274 0
    outer loop
      vertex 3.05284 42.5365 6
      vertex 3.20933 43.0524 0
      vertex 3.20933 43.0524 6
    endloop
  endfacet
  facet normal 0.956944 -0.290274 0
    outer loop
      vertex 3.20933 43.0524 0
      vertex 3.05284 42.5365 6
      vertex 3.05284 42.5365 0
    endloop
  endfacet
  facet normal 0.995185 -0.098016 0
    outer loop
      vertex 3 42 6
      vertex 3.05284 42.5365 0
      vertex 3.05284 42.5365 6
    endloop
  endfacet
  facet normal 0.995185 -0.098016 0
    outer loop
      vertex 3.05284 42.5365 0
      vertex 3 42 6
      vertex 3 42 0
    endloop
  endfacet
  facet normal 0.995185 0.098016 0
    outer loop
      vertex 3.05284 41.4635 6
      vertex 3 42 0
      vertex 3 42 6
    endloop
  endfacet
  facet normal 0.995185 0.098016 0
    outer loop
      vertex 3 42 0
      vertex 3.05284 41.4635 6
      vertex 3.05284 41.4635 0
    endloop
  endfacet
  facet normal -0.0979425 -0.995192 0
    outer loop
      vertex 14.25 44.75 0
      vertex 14.7865 44.6972 6
      vertex 14.25 44.75 6
    endloop
  endfacet
  facet normal -0.0979425 -0.995192 -0
    outer loop
      vertex 14.7865 44.6972 6
      vertex 14.25 44.75 0
      vertex 14.7865 44.6972 0
    endloop
  endfacet
  facet normal 0.0979425 -0.995192 0
    outer loop
      vertex 5.2135 44.6972 0
      vertex 5.75 44.75 6
      vertex 5.2135 44.6972 6
    endloop
  endfacet
  facet normal 0.0979425 -0.995192 0
    outer loop
      vertex 5.75 44.75 6
      vertex 5.2135 44.6972 0
      vertex 5.75 44.75 0
    endloop
  endfacet
  facet normal -0.0979425 0.995192 0
    outer loop
      vertex 14.7865 39.3028 0
      vertex 14.25 39.25 6
      vertex 14.7865 39.3028 6
    endloop
  endfacet
  facet normal -0.0979425 0.995192 0
    outer loop
      vertex 14.25 39.25 6
      vertex 14.7865 39.3028 0
      vertex 14.25 39.25 0
    endloop
  endfacet
  facet normal -0.995192 0.0979425 0
    outer loop
      vertex 16.9472 41.4635 0
      vertex 17 42 6
      vertex 17 42 0
    endloop
  endfacet
  facet normal -0.995192 0.0979425 0
    outer loop
      vertex 17 42 6
      vertex 16.9472 41.4635 0
      vertex 16.9472 41.4635 6
    endloop
  endfacet
  facet normal -0.772989 -0.634419 0
    outer loop
      vertex 16.5365 43.5278 0
      vertex 16.1945 43.9445 6
      vertex 16.1945 43.9445 0
    endloop
  endfacet
  facet normal -0.772989 -0.634419 0
    outer loop
      vertex 16.1945 43.9445 6
      vertex 16.5365 43.5278 0
      vertex 16.5365 43.5278 6
    endloop
  endfacet
  facet normal 0 -1 0
    outer loop
      vertex 5.75 44.75 0
      vertex 14.25 44.75 6
      vertex 5.75 44.75 6
    endloop
  endfacet
  facet normal 0 -1 -0
    outer loop
      vertex 14.25 44.75 6
      vertex 5.75 44.75 0
      vertex 14.25 44.75 0
    endloop
  endfacet
  facet normal 0.634401 -0.773004 0
    outer loop
      vertex 3.80546 43.9445 0
      vertex 4.22218 44.2865 6
      vertex 3.80546 43.9445 6
    endloop
  endfacet
  facet normal 0.634401 -0.773004 0
    outer loop
      vertex 4.22218 44.2865 6
      vertex 3.80546 43.9445 0
      vertex 4.22218 44.2865 0
    endloop
  endfacet
  facet normal -0.772989 0.634419 0
    outer loop
      vertex 16.1945 40.0555 0
      vertex 16.5365 40.4722 6
      vertex 16.5365 40.4722 0
    endloop
  endfacet
  facet normal -0.772989 0.634419 0
    outer loop
      vertex 16.5365 40.4722 6
      vertex 16.1945 40.0555 0
      vertex 16.1945 40.0555 6
    endloop
  endfacet
  facet normal 0.0979425 0.995192 -0
    outer loop
      vertex 5.75 39.25 0
      vertex 5.2135 39.3028 6
      vertex 5.75 39.25 6
    endloop
  endfacet
  facet normal 0.0979425 0.995192 0
    outer loop
      vertex 5.2135 39.3028 6
      vertex 5.75 39.25 0
      vertex 5.2135 39.3028 0
    endloop
  endfacet
  facet normal 0 1 -0
    outer loop
      vertex 14.25 39.25 0
      vertex 5.75 39.25 6
      vertex 14.25 39.25 6
    endloop
  endfacet
  facet normal 0 1 0
    outer loop
      vertex 5.75 39.25 6
      vertex 14.25 39.25 0
      vertex 5.75 39.25 0
    endloop
  endfacet
  facet normal 0.772989 0.634419 0
    outer loop
      vertex 3.80546 40.0555 6
      vertex 3.46346 40.4722 0
      vertex 3.46346 40.4722 6
    endloop
  endfacet
  facet normal 0.772989 0.634419 0
    outer loop
      vertex 3.46346 40.4722 0
      vertex 3.80546 40.0555 6
      vertex 3.80546 40.0555 0
    endloop
  endfacet
  facet normal -0.956939 -0.290291 0
    outer loop
      vertex 16.9472 42.5365 0
      vertex 16.7907 43.0524 6
      vertex 16.7907 43.0524 0
    endloop
  endfacet
  facet normal -0.956939 -0.290291 0
    outer loop
      vertex 16.7907 43.0524 6
      vertex 16.9472 42.5365 0
      vertex 16.9472 42.5365 6
    endloop
  endfacet
  facet normal -0.995192 -0.0979425 0
    outer loop
      vertex 17 42 0
      vertex 16.9472 42.5365 6
      vertex 16.9472 42.5365 0
    endloop
  endfacet
  facet normal -0.995192 -0.0979425 0
    outer loop
      vertex 16.9472 42.5365 6
      vertex 17 42 0
      vertex 17 42 6
    endloop
  endfacet
  facet normal -0.881849 -0.471531 0
    outer loop
      vertex 16.7907 43.0524 0
      vertex 16.5365 43.5278 6
      vertex 16.5365 43.5278 0
    endloop
  endfacet
  facet normal -0.881849 -0.471531 0
    outer loop
      vertex 16.5365 43.5278 6
      vertex 16.7907 43.0524 0
      vertex 16.7907 43.0524 6
    endloop
  endfacet
  facet normal -0.471531 -0.881849 0
    outer loop
      vertex 15.3024 44.5407 0
      vertex 15.7778 44.2865 6
      vertex 15.3024 44.5407 6
    endloop
  endfacet
  facet normal -0.471531 -0.881849 -0
    outer loop
      vertex 15.7778 44.2865 6
      vertex 15.3024 44.5407 0
      vertex 15.7778 44.2865 0
    endloop
  endfacet
  facet normal -0.290291 -0.956939 0
    outer loop
      vertex 14.7865 44.6972 0
      vertex 15.3024 44.5407 6
      vertex 14.7865 44.6972 6
    endloop
  endfacet
  facet normal -0.290291 -0.956939 -0
    outer loop
      vertex 15.3024 44.5407 6
      vertex 14.7865 44.6972 0
      vertex 15.3024 44.5407 0
    endloop
  endfacet
  facet normal -0.634419 -0.772989 0
    outer loop
      vertex 15.7778 44.2865 0
      vertex 16.1945 43.9445 6
      vertex 15.7778 44.2865 6
    endloop
  endfacet
  facet normal -0.634419 -0.772989 -0
    outer loop
      vertex 16.1945 43.9445 6
      vertex 15.7778 44.2865 0
      vertex 16.1945 43.9445 0
    endloop
  endfacet
  facet normal 0.471501 -0.881866 0
    outer loop
      vertex 4.22218 44.2865 0
      vertex 4.69762 44.5407 6
      vertex 4.22218 44.2865 6
    endloop
  endfacet
  facet normal 0.471501 -0.881866 0
    outer loop
      vertex 4.69762 44.5407 6
      vertex 4.22218 44.2865 0
      vertex 4.69762 44.5407 0
    endloop
  endfacet
  facet normal 0.772989 -0.634419 0
    outer loop
      vertex 3.46346 43.5278 6
      vertex 3.80546 43.9445 0
      vertex 3.80546 43.9445 6
    endloop
  endfacet
  facet normal 0.772989 -0.634419 0
    outer loop
      vertex 3.80546 43.9445 0
      vertex 3.46346 43.5278 6
      vertex 3.46346 43.5278 0
    endloop
  endfacet
  facet normal -0.956939 0.290291 0
    outer loop
      vertex 16.7907 40.9476 0
      vertex 16.9472 41.4635 6
      vertex 16.9472 41.4635 0
    endloop
  endfacet
  facet normal -0.956939 0.290291 0
    outer loop
      vertex 16.9472 41.4635 6
      vertex 16.7907 40.9476 0
      vertex 16.7907 40.9476 6
    endloop
  endfacet
  facet normal -0.471531 0.881849 0
    outer loop
      vertex 15.7778 39.7135 0
      vertex 15.3024 39.4593 6
      vertex 15.7778 39.7135 6
    endloop
  endfacet
  facet normal -0.471531 0.881849 0
    outer loop
      vertex 15.3024 39.4593 6
      vertex 15.7778 39.7135 0
      vertex 15.3024 39.4593 0
    endloop
  endfacet
  facet normal -0.634419 0.772989 0
    outer loop
      vertex 16.1945 40.0555 0
      vertex 15.7778 39.7135 6
      vertex 16.1945 40.0555 6
    endloop
  endfacet
  facet normal -0.634419 0.772989 0
    outer loop
      vertex 15.7778 39.7135 6
      vertex 16.1945 40.0555 0
      vertex 15.7778 39.7135 0
    endloop
  endfacet
  facet normal 0.881903 -0.471431 0
    outer loop
      vertex 3.20933 43.0524 6
      vertex 3.46346 43.5278 0
      vertex 3.46346 43.5278 6
    endloop
  endfacet
  facet normal 0.881903 -0.471431 0
    outer loop
      vertex 3.46346 43.5278 0
      vertex 3.20933 43.0524 6
      vertex 3.20933 43.0524 0
    endloop
  endfacet
  facet normal -0.881849 0.471531 0
    outer loop
      vertex 16.5365 40.4722 0
      vertex 16.7907 40.9476 6
      vertex 16.7907 40.9476 0
    endloop
  endfacet
  facet normal -0.881849 0.471531 0
    outer loop
      vertex 16.7907 40.9476 6
      vertex 16.5365 40.4722 0
      vertex 16.5365 40.4722 6
    endloop
  endfacet
  facet normal -0.290291 0.956939 0
    outer loop
      vertex 15.3024 39.4593 0
      vertex 14.7865 39.3028 6
      vertex 15.3024 39.4593 6
    endloop
  endfacet
  facet normal -0.290291 0.956939 0
    outer loop
      vertex 14.7865 39.3028 6
      vertex 15.3024 39.4593 0
      vertex 14.7865 39.3028 0
    endloop
  endfacet
  facet normal 0.471501 0.881866 -0
    outer loop
      vertex 4.69762 39.4593 0
      vertex 4.22218 39.7135 6
      vertex 4.69762 39.4593 6
    endloop
  endfacet
  facet normal 0.471501 0.881866 0
    outer loop
      vertex 4.22218 39.7135 6
      vertex 4.69762 39.4593 0
      vertex 4.22218 39.7135 0
    endloop
  endfacet
  facet normal 0.290301 -0.956935 0
    outer loop
      vertex 4.69762 44.5407 0
      vertex 5.2135 44.6972 6
      vertex 4.69762 44.5407 6
    endloop
  endfacet
  facet normal 0.290301 -0.956935 0
    outer loop
      vertex 5.2135 44.6972 6
      vertex 4.69762 44.5407 0
      vertex 5.2135 44.6972 0
    endloop
  endfacet
  facet normal 0.290301 0.956935 -0
    outer loop
      vertex 5.2135 39.3028 0
      vertex 4.69762 39.4593 6
      vertex 5.2135 39.3028 6
    endloop
  endfacet
  facet normal 0.290301 0.956935 0
    outer loop
      vertex 4.69762 39.4593 6
      vertex 5.2135 39.3028 0
      vertex 4.69762 39.4593 0
    endloop
  endfacet
  facet normal 0.634401 0.773004 -0
    outer loop
      vertex 4.22218 39.7135 0
      vertex 3.80546 40.0555 6
      vertex 4.22218 39.7135 6
    endloop
  endfacet
  facet normal 0.634401 0.773004 0
    outer loop
      vertex 3.80546 40.0555 6
      vertex 4.22218 39.7135 0
      vertex 3.80546 40.0555 0
    endloop
  endfacet
  facet normal 0.881903 0.471431 0
    outer loop
      vertex 3.46346 40.4722 6
      vertex 3.20933 40.9476 0
      vertex 3.20933 40.9476 6
    endloop
  endfacet
  facet normal 0.881903 0.471431 0
    outer loop
      vertex 3.20933 40.9476 0
      vertex 3.46346 40.4722 6
      vertex 3.46346 40.4722 0
    endloop
  endfacet
  facet normal 0.956944 0.290274 0
    outer loop
      vertex 3.20933 40.9476 6
      vertex 3.05284 41.4635 0
      vertex 3.05284 41.4635 6
    endloop
  endfacet
  facet normal 0.956944 0.290274 0
    outer loop
      vertex 3.05284 41.4635 0
      vertex 3.20933 40.9476 6
      vertex 3.20933 40.9476 0
    endloop
  endfacet
  facet normal 0.995192 -0.0979425 0
    outer loop
      vertex 23 12 6
      vertex 23.0528 12.5365 0
      vertex 23.0528 12.5365 6
    endloop
  endfacet
  facet normal 0.995192 -0.0979425 0
    outer loop
      vertex 23.0528 12.5365 0
      vertex 23 12 6
      vertex 23 12 0
    endloop
  endfacet
  facet normal 0.995192 0.0979425 0
    outer loop
      vertex 23.0528 11.4635 6
      vertex 23 12 0
      vertex 23 12 6
    endloop
  endfacet
  facet normal 0.995192 0.0979425 0
    outer loop
      vertex 23 12 0
      vertex 23.0528 11.4635 6
      vertex 23.0528 11.4635 0
    endloop
  endfacet
  facet normal -0.634419 -0.772989 0
    outer loop
      vertex 35.7778 14.2865 0
      vertex 36.1945 13.9445 6
      vertex 35.7778 14.2865 6
    endloop
  endfacet
  facet normal -0.634419 -0.772989 -0
    outer loop
      vertex 36.1945 13.9445 6
      vertex 35.7778 14.2865 0
      vertex 36.1945 13.9445 0
    endloop
  endfacet
  facet normal 0.0979425 -0.995192 0
    outer loop
      vertex 25.2135 14.6972 0
      vertex 25.75 14.75 6
      vertex 25.2135 14.6972 6
    endloop
  endfacet
  facet normal 0.0979425 -0.995192 0
    outer loop
      vertex 25.75 14.75 6
      vertex 25.2135 14.6972 0
      vertex 25.75 14.75 0
    endloop
  endfacet
  facet normal 0.098016 0.995185 -0
    outer loop
      vertex 25.75 9.25 0
      vertex 25.2135 9.30284 6
      vertex 25.75 9.25 6
    endloop
  endfacet
  facet normal 0.098016 0.995185 0
    outer loop
      vertex 25.2135 9.30284 6
      vertex 25.75 9.25 0
      vertex 25.2135 9.30284 0
    endloop
  endfacet
  facet normal 0.290291 -0.956939 0
    outer loop
      vertex 24.6976 14.5407 0
      vertex 25.2135 14.6972 6
      vertex 24.6976 14.5407 6
    endloop
  endfacet
  facet normal 0.290291 -0.956939 0
    outer loop
      vertex 25.2135 14.6972 6
      vertex 24.6976 14.5407 0
      vertex 25.2135 14.6972 0
    endloop
  endfacet
  facet normal 0 -1 0
    outer loop
      vertex 25.75 14.75 0
      vertex 34.25 14.75 6
      vertex 25.75 14.75 6
    endloop
  endfacet
  facet normal 0 -1 -0
    outer loop
      vertex 34.25 14.75 6
      vertex 25.75 14.75 0
      vertex 34.25 14.75 0
    endloop
  endfacet
  facet normal 0.772989 -0.634419 0
    outer loop
      vertex 23.4635 13.5278 6
      vertex 23.8055 13.9445 0
      vertex 23.8055 13.9445 6
    endloop
  endfacet
  facet normal 0.772989 -0.634419 0
    outer loop
      vertex 23.8055 13.9445 0
      vertex 23.4635 13.5278 6
      vertex 23.4635 13.5278 0
    endloop
  endfacet
  facet normal -0.772989 0.634419 0
    outer loop
      vertex 36.1945 10.0555 0
      vertex 36.5365 10.4722 6
      vertex 36.5365 10.4722 0
    endloop
  endfacet
  facet normal -0.772989 0.634419 0
    outer loop
      vertex 36.5365 10.4722 6
      vertex 36.1945 10.0555 0
      vertex 36.1945 10.0555 6
    endloop
  endfacet
  facet normal -0.995192 -0.0979425 0
    outer loop
      vertex 37 12 0
      vertex 36.9472 12.5365 6
      vertex 36.9472 12.5365 0
    endloop
  endfacet
  facet normal -0.995192 -0.0979425 0
    outer loop
      vertex 36.9472 12.5365 6
      vertex 37 12 0
      vertex 37 12 6
    endloop
  endfacet
  facet normal -0.471531 -0.881849 0
    outer loop
      vertex 35.3024 14.5407 0
      vertex 35.7778 14.2865 6
      vertex 35.3024 14.5407 6
    endloop
  endfacet
  facet normal -0.471531 -0.881849 -0
    outer loop
      vertex 35.7778 14.2865 6
      vertex 35.3024 14.5407 0
      vertex 35.7778 14.2865 0
    endloop
  endfacet
  facet normal -0.0979425 -0.995192 0
    outer loop
      vertex 34.25 14.75 0
      vertex 34.7865 14.6972 6
      vertex 34.25 14.75 6
    endloop
  endfacet
  facet normal -0.0979425 -0.995192 -0
    outer loop
      vertex 34.7865 14.6972 6
      vertex 34.25 14.75 0
      vertex 34.7865 14.6972 0
    endloop
  endfacet
  facet normal -0.290291 -0.956939 0
    outer loop
      vertex 34.7865 14.6972 0
      vertex 35.3024 14.5407 6
      vertex 34.7865 14.6972 6
    endloop
  endfacet
  facet normal -0.290291 -0.956939 -0
    outer loop
      vertex 35.3024 14.5407 6
      vertex 34.7865 14.6972 0
      vertex 35.3024 14.5407 0
    endloop
  endfacet
  facet normal 0.634419 -0.772989 0
    outer loop
      vertex 23.8055 13.9445 0
      vertex 24.2222 14.2865 6
      vertex 23.8055 13.9445 6
    endloop
  endfacet
  facet normal 0.634419 -0.772989 0
    outer loop
      vertex 24.2222 14.2865 6
      vertex 23.8055 13.9445 0
      vertex 24.2222 14.2865 0
    endloop
  endfacet
  facet normal 0.881849 -0.471531 0
    outer loop
      vertex 23.2093 13.0524 6
      vertex 23.4635 13.5278 0
      vertex 23.4635 13.5278 6
    endloop
  endfacet
  facet normal 0.881849 -0.471531 0
    outer loop
      vertex 23.4635 13.5278 0
      vertex 23.2093 13.0524 6
      vertex 23.2093 13.0524 0
    endloop
  endfacet
  facet normal 0.956939 -0.290291 0
    outer loop
      vertex 23.0528 12.5365 6
      vertex 23.2093 13.0524 0
      vertex 23.2093 13.0524 6
    endloop
  endfacet
  facet normal 0.956939 -0.290291 0
    outer loop
      vertex 23.2093 13.0524 0
      vertex 23.0528 12.5365 6
      vertex 23.0528 12.5365 0
    endloop
  endfacet
  facet normal -0.098016 0.995185 0
    outer loop
      vertex 34.7865 9.30284 0
      vertex 34.25 9.25 6
      vertex 34.7865 9.30284 6
    endloop
  endfacet
  facet normal -0.098016 0.995185 0
    outer loop
      vertex 34.25 9.25 6
      vertex 34.7865 9.30284 0
      vertex 34.25 9.25 0
    endloop
  endfacet
  facet normal -0.634463 0.772953 0
    outer loop
      vertex 36.1945 10.0555 0
      vertex 35.7778 9.71346 6
      vertex 36.1945 10.0555 6
    endloop
  endfacet
  facet normal -0.634463 0.772953 0
    outer loop
      vertex 35.7778 9.71346 6
      vertex 36.1945 10.0555 0
      vertex 35.7778 9.71346 0
    endloop
  endfacet
  facet normal -0.471431 0.881903 0
    outer loop
      vertex 35.7778 9.71346 0
      vertex 35.3024 9.45933 6
      vertex 35.7778 9.71346 6
    endloop
  endfacet
  facet normal -0.471431 0.881903 0
    outer loop
      vertex 35.3024 9.45933 6
      vertex 35.7778 9.71346 0
      vertex 35.3024 9.45933 0
    endloop
  endfacet
  facet normal -0.956939 0.290291 0
    outer loop
      vertex 36.7907 10.9476 0
      vertex 36.9472 11.4635 6
      vertex 36.9472 11.4635 0
    endloop
  endfacet
  facet normal -0.956939 0.290291 0
    outer loop
      vertex 36.9472 11.4635 6
      vertex 36.7907 10.9476 0
      vertex 36.7907 10.9476 6
    endloop
  endfacet
  facet normal 0 1 -0
    outer loop
      vertex 34.25 9.25 0
      vertex 25.75 9.25 6
      vertex 34.25 9.25 6
    endloop
  endfacet
  facet normal 0 1 0
    outer loop
      vertex 25.75 9.25 6
      vertex 34.25 9.25 0
      vertex 25.75 9.25 0
    endloop
  endfacet
  facet normal 0.881849 0.471531 0
    outer loop
      vertex 23.4635 10.4722 6
      vertex 23.2093 10.9476 0
      vertex 23.2093 10.9476 6
    endloop
  endfacet
  facet normal 0.881849 0.471531 0
    outer loop
      vertex 23.2093 10.9476 0
      vertex 23.4635 10.4722 6
      vertex 23.4635 10.4722 0
    endloop
  endfacet
  facet normal -0.772989 -0.634419 0
    outer loop
      vertex 36.5365 13.5278 0
      vertex 36.1945 13.9445 6
      vertex 36.1945 13.9445 0
    endloop
  endfacet
  facet normal -0.772989 -0.634419 0
    outer loop
      vertex 36.1945 13.9445 6
      vertex 36.5365 13.5278 0
      vertex 36.5365 13.5278 6
    endloop
  endfacet
  facet normal -0.881849 -0.471531 0
    outer loop
      vertex 36.7907 13.0524 0
      vertex 36.5365 13.5278 6
      vertex 36.5365 13.5278 0
    endloop
  endfacet
  facet normal -0.881849 -0.471531 0
    outer loop
      vertex 36.5365 13.5278 6
      vertex 36.7907 13.0524 0
      vertex 36.7907 13.0524 6
    endloop
  endfacet
  facet normal -0.956939 -0.290291 0
    outer loop
      vertex 36.9472 12.5365 0
      vertex 36.7907 13.0524 6
      vertex 36.7907 13.0524 0
    endloop
  endfacet
  facet normal -0.956939 -0.290291 0
    outer loop
      vertex 36.7907 13.0524 6
      vertex 36.9472 12.5365 0
      vertex 36.9472 12.5365 6
    endloop
  endfacet
  facet normal 0.471531 -0.881849 0
    outer loop
      vertex 24.2222 14.2865 0
      vertex 24.6976 14.5407 6
      vertex 24.2222 14.2865 6
    endloop
  endfacet
  facet normal 0.471531 -0.881849 0
    outer loop
      vertex 24.6976 14.5407 6
      vertex 24.2222 14.2865 0
      vertex 24.6976 14.5407 0
    endloop
  endfacet
  facet normal -0.290274 0.956944 0
    outer loop
      vertex 35.3024 9.45933 0
      vertex 34.7865 9.30284 6
      vertex 35.3024 9.45933 6
    endloop
  endfacet
  facet normal -0.290274 0.956944 0
    outer loop
      vertex 34.7865 9.30284 6
      vertex 35.3024 9.45933 0
      vertex 34.7865 9.30284 0
    endloop
  endfacet
  facet normal -0.995192 0.0979425 0
    outer loop
      vertex 36.9472 11.4635 0
      vertex 37 12 6
      vertex 37 12 0
    endloop
  endfacet
  facet normal -0.995192 0.0979425 0
    outer loop
      vertex 37 12 6
      vertex 36.9472 11.4635 0
      vertex 36.9472 11.4635 6
    endloop
  endfacet
  facet normal -0.881849 0.471531 0
    outer loop
      vertex 36.5365 10.4722 0
      vertex 36.7907 10.9476 6
      vertex 36.7907 10.9476 0
    endloop
  endfacet
  facet normal -0.881849 0.471531 0
    outer loop
      vertex 36.7907 10.9476 6
      vertex 36.5365 10.4722 0
      vertex 36.5365 10.4722 6
    endloop
  endfacet
  facet normal 0.956939 0.290291 0
    outer loop
      vertex 23.2093 10.9476 6
      vertex 23.0528 11.4635 0
      vertex 23.0528 11.4635 6
    endloop
  endfacet
  facet normal 0.956939 0.290291 0
    outer loop
      vertex 23.0528 11.4635 0
      vertex 23.2093 10.9476 6
      vertex 23.2093 10.9476 0
    endloop
  endfacet
  facet normal 0.471431 0.881903 -0
    outer loop
      vertex 24.6976 9.45933 0
      vertex 24.2222 9.71346 6
      vertex 24.6976 9.45933 6
    endloop
  endfacet
  facet normal 0.471431 0.881903 0
    outer loop
      vertex 24.2222 9.71346 6
      vertex 24.6976 9.45933 0
      vertex 24.2222 9.71346 0
    endloop
  endfacet
  facet normal 0.772989 0.634419 0
    outer loop
      vertex 23.8055 10.0555 6
      vertex 23.4635 10.4722 0
      vertex 23.4635 10.4722 6
    endloop
  endfacet
  facet normal 0.772989 0.634419 0
    outer loop
      vertex 23.4635 10.4722 0
      vertex 23.8055 10.0555 6
      vertex 23.8055 10.0555 0
    endloop
  endfacet
  facet normal 0.634463 0.772953 -0
    outer loop
      vertex 24.2222 9.71346 0
      vertex 23.8055 10.0555 6
      vertex 24.2222 9.71346 6
    endloop
  endfacet
  facet normal 0.634463 0.772953 0
    outer loop
      vertex 23.8055 10.0555 6
      vertex 24.2222 9.71346 0
      vertex 23.8055 10.0555 0
    endloop
  endfacet
  facet normal 0.290274 0.956944 -0
    outer loop
      vertex 25.2135 9.30284 0
      vertex 24.6976 9.45933 6
      vertex 25.2135 9.30284 6
    endloop
  endfacet
  facet normal 0.290274 0.956944 0
    outer loop
      vertex 24.6976 9.45933 6
      vertex 25.2135 9.30284 0
      vertex 24.6976 9.45933 0
    endloop
  endfacet
  facet normal 0.995192 -0.0979425 0
    outer loop
      vertex 23 42 6
      vertex 23.0528 42.5365 0
      vertex 23.0528 42.5365 6
    endloop
  endfacet
  facet normal 0.995192 -0.0979425 0
    outer loop
      vertex 23.0528 42.5365 0
      vertex 23 42 6
      vertex 23 42 0
    endloop
  endfacet
  facet normal 0.995192 0.0979425 0
    outer loop
      vertex 23.0528 41.4635 6
      vertex 23 42 0
      vertex 23 42 6
    endloop
  endfacet
  facet normal 0.995192 0.0979425 0
    outer loop
      vertex 23 42 0
      vertex 23.0528 41.4635 6
      vertex 23.0528 41.4635 0
    endloop
  endfacet
  facet normal -0.634419 -0.772989 0
    outer loop
      vertex 35.7778 44.2865 0
      vertex 36.1945 43.9445 6
      vertex 35.7778 44.2865 6
    endloop
  endfacet
  facet normal -0.634419 -0.772989 -0
    outer loop
      vertex 36.1945 43.9445 6
      vertex 35.7778 44.2865 0
      vertex 36.1945 43.9445 0
    endloop
  endfacet
  facet normal 0.0979425 -0.995192 0
    outer loop
      vertex 25.2135 44.6972 0
      vertex 25.75 44.75 6
      vertex 25.2135 44.6972 6
    endloop
  endfacet
  facet normal 0.0979425 -0.995192 0
    outer loop
      vertex 25.75 44.75 6
      vertex 25.2135 44.6972 0
      vertex 25.75 44.75 0
    endloop
  endfacet
  facet normal 0.471531 -0.881849 0
    outer loop
      vertex 24.2222 44.2865 0
      vertex 24.6976 44.5407 6
      vertex 24.2222 44.2865 6
    endloop
  endfacet
  facet normal 0.471531 -0.881849 0
    outer loop
      vertex 24.6976 44.5407 6
      vertex 24.2222 44.2865 0
      vertex 24.6976 44.5407 0
    endloop
  endfacet
  facet normal 0.0979425 0.995192 -0
    outer loop
      vertex 25.75 39.25 0
      vertex 25.2135 39.3028 6
      vertex 25.75 39.25 6
    endloop
  endfacet
  facet normal 0.0979425 0.995192 0
    outer loop
      vertex 25.2135 39.3028 6
      vertex 25.75 39.25 0
      vertex 25.2135 39.3028 0
    endloop
  endfacet
  facet normal 0.290291 -0.956939 0
    outer loop
      vertex 24.6976 44.5407 0
      vertex 25.2135 44.6972 6
      vertex 24.6976 44.5407 6
    endloop
  endfacet
  facet normal 0.290291 -0.956939 0
    outer loop
      vertex 25.2135 44.6972 6
      vertex 24.6976 44.5407 0
      vertex 25.2135 44.6972 0
    endloop
  endfacet
  facet normal 0 -1 0
    outer loop
      vertex 25.75 44.75 0
      vertex 34.25 44.75 6
      vertex 25.75 44.75 6
    endloop
  endfacet
  facet normal 0 -1 -0
    outer loop
      vertex 34.25 44.75 6
      vertex 25.75 44.75 0
      vertex 34.25 44.75 0
    endloop
  endfacet
  facet normal -0.772989 0.634419 0
    outer loop
      vertex 36.1945 40.0555 0
      vertex 36.5365 40.4722 6
      vertex 36.5365 40.4722 0
    endloop
  endfacet
  facet normal -0.772989 0.634419 0
    outer loop
      vertex 36.5365 40.4722 6
      vertex 36.1945 40.0555 0
      vertex 36.1945 40.0555 6
    endloop
  endfacet
  facet normal -0.995192 -0.0979425 0
    outer loop
      vertex 37 42 0
      vertex 36.9472 42.5365 6
      vertex 36.9472 42.5365 0
    endloop
  endfacet
  facet normal -0.995192 -0.0979425 0
    outer loop
      vertex 36.9472 42.5365 6
      vertex 37 42 0
      vertex 37 42 6
    endloop
  endfacet
  facet normal -0.471531 -0.881849 0
    outer loop
      vertex 35.3024 44.5407 0
      vertex 35.7778 44.2865 6
      vertex 35.3024 44.5407 6
    endloop
  endfacet
  facet normal -0.471531 -0.881849 -0
    outer loop
      vertex 35.7778 44.2865 6
      vertex 35.3024 44.5407 0
      vertex 35.7778 44.2865 0
    endloop
  endfacet
  facet normal -0.0979425 -0.995192 0
    outer loop
      vertex 34.25 44.75 0
      vertex 34.7865 44.6972 6
      vertex 34.25 44.75 6
    endloop
  endfacet
  facet normal -0.0979425 -0.995192 -0
    outer loop
      vertex 34.7865 44.6972 6
      vertex 34.25 44.75 0
      vertex 34.7865 44.6972 0
    endloop
  endfacet
  facet normal 0.634419 -0.772989 0
    outer loop
      vertex 23.8055 43.9445 0
      vertex 24.2222 44.2865 6
      vertex 23.8055 43.9445 6
    endloop
  endfacet
  facet normal 0.634419 -0.772989 0
    outer loop
      vertex 24.2222 44.2865 6
      vertex 23.8055 43.9445 0
      vertex 24.2222 44.2865 0
    endloop
  endfacet
  facet normal 0.881849 -0.471531 0
    outer loop
      vertex 23.2093 43.0524 6
      vertex 23.4635 43.5278 0
      vertex 23.4635 43.5278 6
    endloop
  endfacet
  facet normal 0.881849 -0.471531 0
    outer loop
      vertex 23.4635 43.5278 0
      vertex 23.2093 43.0524 6
      vertex 23.2093 43.0524 0
    endloop
  endfacet
  facet normal 0.956939 -0.290291 0
    outer loop
      vertex 23.0528 42.5365 6
      vertex 23.2093 43.0524 0
      vertex 23.2093 43.0524 6
    endloop
  endfacet
  facet normal 0.956939 -0.290291 0
    outer loop
      vertex 23.2093 43.0524 0
      vertex 23.0528 42.5365 6
      vertex 23.0528 42.5365 0
    endloop
  endfacet
  facet normal -0.0979425 0.995192 0
    outer loop
      vertex 34.7865 39.3028 0
      vertex 34.25 39.25 6
      vertex 34.7865 39.3028 6
    endloop
  endfacet
  facet normal -0.0979425 0.995192 0
    outer loop
      vertex 34.25 39.25 6
      vertex 34.7865 39.3028 0
      vertex 34.25 39.25 0
    endloop
  endfacet
  facet normal -0.634419 0.772989 0
    outer loop
      vertex 36.1945 40.0555 0
      vertex 35.7778 39.7135 6
      vertex 36.1945 40.0555 6
    endloop
  endfacet
  facet normal -0.634419 0.772989 0
    outer loop
      vertex 35.7778 39.7135 6
      vertex 36.1945 40.0555 0
      vertex 35.7778 39.7135 0
    endloop
  endfacet
  facet normal -0.471531 0.881849 0
    outer loop
      vertex 35.7778 39.7135 0
      vertex 35.3024 39.4593 6
      vertex 35.7778 39.7135 6
    endloop
  endfacet
  facet normal -0.471531 0.881849 0
    outer loop
      vertex 35.3024 39.4593 6
      vertex 35.7778 39.7135 0
      vertex 35.3024 39.4593 0
    endloop
  endfacet
  facet normal -0.956939 0.290291 0
    outer loop
      vertex 36.7907 40.9476 0
      vertex 36.9472 41.4635 6
      vertex 36.9472 41.4635 0
    endloop
  endfacet
  facet normal -0.956939 0.290291 0
    outer loop
      vertex 36.9472 41.4635 6
      vertex 36.7907 40.9476 0
      vertex 36.7907 40.9476 6
    endloop
  endfacet
  facet normal 0 1 -0
    outer loop
      vertex 34.25 39.25 0
      vertex 25.75 39.25 6
      vertex 34.25 39.25 6
    endloop
  endfacet
  facet normal 0 1 0
    outer loop
      vertex 25.75 39.25 6
      vertex 34.25 39.25 0
      vertex 25.75 39.25 0
    endloop
  endfacet
  facet normal 0.471531 0.881849 -0
    outer loop
      vertex 24.6976 39.4593 0
      vertex 24.2222 39.7135 6
      vertex 24.6976 39.4593 6
    endloop
  endfacet
  facet normal 0.471531 0.881849 0
    outer loop
      vertex 24.2222 39.7135 6
      vertex 24.6976 39.4593 0
      vertex 24.2222 39.7135 0
    endloop
  endfacet
  facet normal -0.772989 -0.634419 0
    outer loop
      vertex 36.5365 43.5278 0
      vertex 36.1945 43.9445 6
      vertex 36.1945 43.9445 0
    endloop
  endfacet
  facet normal -0.772989 -0.634419 0
    outer loop
      vertex 36.1945 43.9445 6
      vertex 36.5365 43.5278 0
      vertex 36.5365 43.5278 6
    endloop
  endfacet
  facet normal -0.881849 -0.471531 0
    outer loop
      vertex 36.7907 43.0524 0
      vertex 36.5365 43.5278 6
      vertex 36.5365 43.5278 0
    endloop
  endfacet
  facet normal -0.881849 -0.471531 0
    outer loop
      vertex 36.5365 43.5278 6
      vertex 36.7907 43.0524 0
      vertex 36.7907 43.0524 6
    endloop
  endfacet
  facet normal -0.956939 -0.290291 0
    outer loop
      vertex 36.9472 42.5365 0
      vertex 36.7907 43.0524 6
      vertex 36.7907 43.0524 0
    endloop
  endfacet
  facet normal -0.956939 -0.290291 0
    outer loop
      vertex 36.7907 43.0524 6
      vertex 36.9472 42.5365 0
      vertex 36.9472 42.5365 6
    endloop
  endfacet
  facet normal -0.290291 -0.956939 0
    outer loop
      vertex 34.7865 44.6972 0
      vertex 35.3024 44.5407 6
      vertex 34.7865 44.6972 6
    endloop
  endfacet
  facet normal -0.290291 -0.956939 -0
    outer loop
      vertex 35.3024 44.5407 6
      vertex 34.7865 44.6972 0
      vertex 35.3024 44.5407 0
    endloop
  endfacet
  facet normal 0.772989 -0.634419 0
    outer loop
      vertex 23.4635 43.5278 6
      vertex 23.8055 43.9445 0
      vertex 23.8055 43.9445 6
    endloop
  endfacet
  facet normal 0.772989 -0.634419 0
    outer loop
      vertex 23.8055 43.9445 0
      vertex 23.4635 43.5278 6
      vertex 23.4635 43.5278 0
    endloop
  endfacet
  facet normal -0.290291 0.956939 0
    outer loop
      vertex 35.3024 39.4593 0
      vertex 34.7865 39.3028 6
      vertex 35.3024 39.4593 6
    endloop
  endfacet
  facet normal -0.290291 0.956939 0
    outer loop
      vertex 34.7865 39.3028 6
      vertex 35.3024 39.4593 0
      vertex 34.7865 39.3028 0
    endloop
  endfacet
  facet normal -0.995192 0.0979425 0
    outer loop
      vertex 36.9472 41.4635 0
      vertex 37 42 6
      vertex 37 42 0
    endloop
  endfacet
  facet normal -0.995192 0.0979425 0
    outer loop
      vertex 37 42 6
      vertex 36.9472 41.4635 0
      vertex 36.9472 41.4635 6
    endloop
  endfacet
  facet normal -0.881849 0.471531 0
    outer loop
      vertex 36.5365 40.4722 0
      vertex 36.7907 40.9476 6
      vertex 36.7907 40.9476 0
    endloop
  endfacet
  facet normal -0.881849 0.471531 0
    outer loop
      vertex 36.7907 40.9476 6
      vertex 36.5365 40.4722 0
      vertex 36.5365 40.4722 6
    endloop
  endfacet
  facet normal 0.956939 0.290291 0
    outer loop
      vertex 23.2093 40.9476 6
      vertex 23.0528 41.4635 0
      vertex 23.0528 41.4635 6
    endloop
  endfacet
  facet normal 0.956939 0.290291 0
    outer loop
      vertex 23.0528 41.4635 0
      vertex 23.2093 40.9476 6
      vertex 23.2093 40.9476 0
    endloop
  endfacet
  facet normal 0.772989 0.634419 0
    outer loop
      vertex 23.8055 40.0555 6
      vertex 23.4635 40.4722 0
      vertex 23.4635 40.4722 6
    endloop
  endfacet
  facet normal 0.772989 0.634419 0
    outer loop
      vertex 23.4635 40.4722 0
      vertex 23.8055 40.0555 6
      vertex 23.8055 40.0555 0
    endloop
  endfacet
  facet normal 0.881849 0.471531 0
    outer loop
      vertex 23.4635 40.4722 6
      vertex 23.2093 40.9476 0
      vertex 23.2093 40.9476 6
    endloop
  endfacet
  facet normal 0.881849 0.471531 0
    outer loop
      vertex 23.2093 40.9476 0
      vertex 23.4635 40.4722 6
      vertex 23.4635 40.4722 0
    endloop
  endfacet
  facet normal 0.634419 0.772989 -0
    outer loop
      vertex 24.2222 39.7135 0
      vertex 23.8055 40.0555 6
      vertex 24.2222 39.7135 6
    endloop
  endfacet
  facet normal 0.634419 0.772989 0
    outer loop
      vertex 23.8055 40.0555 6
      vertex 24.2222 39.7135 0
      vertex 23.8055 40.0555 0
    endloop
  endfacet
  facet normal 0.290291 0.956939 -0
    outer loop
      vertex 25.2135 39.3028 0
      vertex 24.6976 39.4593 6
      vertex 25.2135 39.3028 6
    endloop
  endfacet
  facet normal 0.290291 0.956939 0
    outer loop
      vertex 24.6976 39.4593 6
      vertex 25.2135 39.3028 0
      vertex 24.6976 39.4593 0
    endloop
  endfacet
  facet normal -1 0 0
    outer loop
      vertex 0 0 0
      vertex 0 54 6
      vertex 0 54 0
    endloop
  endfacet
  facet normal -1 -0 0
    outer loop
      vertex 0 54 6
      vertex 0 0 0
      vertex 0 0 6
    endloop
  endfacet
  facet normal -0 0 1
    outer loop
      vertex 36.9472 12.5365 6
      vertex 40 0 6
      vertex 36.9472 41.4635 6
    endloop
  endfacet
  facet normal 0 0 1
    outer loop
      vertex 40 0 6
      vertex 36.9472 12.5365 6
      vertex 37 12 6
    endloop
  endfacet
  facet normal -0 0 1
    outer loop
      vertex 36.7907 40.9476 6
      vertex 36.9472 12.5365 6
      vertex 36.9472 41.4635 6
    endloop
  endfacet
  facet normal 0 0 1
    outer loop
      vertex 36.7907 40.9476 6
      vertex 36.7907 13.0524 6
      vertex 36.9472 12.5365 6
    endloop
  endfacet
  facet normal -0 0 1
    outer loop
      vertex 36.5365 40.4722 6
      vertex 36.7907 13.0524 6
      vertex 36.7907 40.9476 6
    endloop
  endfacet
  facet normal 0 0 1
    outer loop
      vertex 36.5365 40.4722 6
      vertex 36.5365 13.5278 6
      vertex 36.7907 13.0524 6
    endloop
  endfacet
  facet normal -0 0 1
    outer loop
      vertex 36.1945 40.0555 6
      vertex 36.5365 13.5278 6
      vertex 36.5365 40.4722 6
    endloop
  endfacet
  facet normal 0 0 1
    outer loop
      vertex 36.1945 40.0555 6
      vertex 36.1945 13.9445 6
      vertex 36.5365 13.5278 6
    endloop
  endfacet
  facet normal 0 0 1
    outer loop
      vertex 32 32 6
      vertex 36.1945 40.0555 6
      vertex 35.7778 39.7135 6
    endloop
  endfacet
  facet normal 0 0 1
    outer loop
      vertex 36.1945 40.0555 6
      vertex 32 32 6
      vertex 36.1945 13.9445 6
    endloop
  endfacet
  facet normal 0 0 1
    outer loop
      vertex 32 32 6
      vertex 35.7778 39.7135 6
      vertex 35.3024 39.4593 6
    endloop
  endfacet
  facet normal -0 0 1
    outer loop
      vertex 32 22 6
      vertex 36.1945 13.9445 6
      vertex 32 32 6
    endloop
  endfacet
  facet normal 0 0 1
    outer loop
      vertex 32 32 6
      vertex 35.3024 39.4593 6
      vertex 34.7865 39.3028 6
    endloop
  endfacet
  facet normal 0 0 1
    outer loop
      vertex 36.1945 13.9445 6
      vertex 32 22 6
      vertex 35.7778 14.2865 6
    endloop
  endfacet
  facet normal 0 0 1
    outer loop
      vertex 32 32 6
      vertex 34.7865 39.3028 6
      vertex 34.25 39.25 6
    endloop
  endfacet
  facet normal 0 0 1
    outer loop
      vertex 35.7778 14.2865 6
      vertex 32 22 6
      vertex 35.3024 14.5407 6
    endloop
  endfacet
  facet normal 0 0 1
    outer loop
      vertex 35.3024 14.5407 6
      vertex 32 22 6
      vertex 34.7865 14.6972 6
    endloop
  endfacet
  facet normal -0 0 1
    outer loop
      vertex 25.75 39.25 6
      vertex 32 32 6
      vertex 34.25 39.25 6
    endloop
  endfacet
  facet normal 0 0 1
    outer loop
      vertex 25.2135 39.3028 6
      vertex 32 32 6
      vertex 25.75 39.25 6
    endloop
  endfacet
  facet normal 0 0 1
    outer loop
      vertex 24.6976 39.4593 6
      vertex 32 32 6
      vertex 25.2135 39.3028 6
    endloop
  endfacet
  facet normal 0 0 1
    outer loop
      vertex 15.3024 39.4593 6
      vertex 24.6976 39.4593 6
      vertex 24.2222 39.7135 6
    endloop
  endfacet
  facet normal 0 0 1
    outer loop
      vertex 15.7778 39.7135 6
      vertex 24.2222 39.7135 6
      vertex 23.8055 40.0555 6
    endloop
  endfacet
  facet normal -0 0 1
    outer loop
      vertex 17 42 6
      vertex 23.0528 41.4635 6
      vertex 23 42 6
    endloop
  endfacet
  facet normal 0 0 1
    outer loop
      vertex 16.9472 41.4635 6
      vertex 23.0528 41.4635 6
      vertex 17 42 6
    endloop
  endfacet
  facet normal 0 0 1
    outer loop
      vertex 23.0528 41.4635 6
      vertex 16.9472 41.4635 6
      vertex 23.2093 40.9476 6
    endloop
  endfacet
  facet normal 0 0 1
    outer loop
      vertex 16.7907 40.9476 6
      vertex 23.2093 40.9476 6
      vertex 16.9472 41.4635 6
    endloop
  endfacet
  facet normal 0 0 1
    outer loop
      vertex 23.2093 40.9476 6
      vertex 16.7907 40.9476 6
      vertex 23.4635 40.4722 6
    endloop
  endfacet
  facet normal 0 0 1
    outer loop
      vertex 16.5365 40.4722 6
      vertex 23.4635 40.4722 6
      vertex 16.7907 40.9476 6
    endloop
  endfacet
  facet normal 0 0 1
    outer loop
      vertex 23.4635 40.4722 6
      vertex 16.5365 40.4722 6
      vertex 23.8055 40.0555 6
    endloop
  endfacet
  facet normal 0 0 1
    outer loop
      vertex 16.1945 40.0555 6
      vertex 23.8055 40.0555 6
      vertex 16.5365 40.4722 6
    endloop
  endfacet
  facet normal 0 0 1
    outer loop
      vertex 15.7778 39.7135 6
      vertex 23.8055 40.0555 6
      vertex 16.1945 40.0555 6
    endloop
  endfacet
  facet normal 0 0 1
    outer loop
      vertex 24.2222 39.7135 6
      vertex 15.7778 39.7135 6
      vertex 15.3024 39.4593 6
    endloop
  endfacet
  facet normal 0 0 1
    outer loop
      vertex 24.6976 39.4593 6
      vertex 15.3024 39.4593 6
      vertex 32 32 6
    endloop
  endfacet
  facet normal 0 0 1
    outer loop
      vertex 8 32 6
      vertex 15.3024 39.4593 6
      vertex 14.7865 39.3028 6
    endloop
  endfacet
  facet normal 0 0 1
    outer loop
      vertex 8 32 6
      vertex 14.7865 39.3028 6
      vertex 14.25 39.25 6
    endloop
  endfacet
  facet normal 0 0 1
    outer loop
      vertex 15.3024 39.4593 6
      vertex 8 32 6
      vertex 32 32 6
    endloop
  endfacet
  facet normal 0 0 1
    outer loop
      vertex 5.2135 39.3028 6
      vertex 8 32 6
      vertex 5.75 39.25 6
    endloop
  endfacet
  facet normal -0 0 1
    outer loop
      vertex 5.75 39.25 6
      vertex 8 32 6
      vertex 14.25 39.25 6
    endloop
  endfacet
  facet normal 0 0 1
    outer loop
      vertex 36.9472 41.4635 6
      vertex 40 54 6
      vertex 37 42 6
    endloop
  endfacet
  facet normal 0 0 1
    outer loop
      vertex 40 54 6
      vertex 36.9472 42.5365 6
      vertex 37 42 6
    endloop
  endfacet
  facet normal 0 0 1
    outer loop
      vertex 40 54 6
      vertex 36.7907 43.0524 6
      vertex 36.9472 42.5365 6
    endloop
  endfacet
  facet normal 0 0 1
    outer loop
      vertex 40 54 6
      vertex 36.5365 43.5278 6
      vertex 36.7907 43.0524 6
    endloop
  endfacet
  facet normal 0 0 1
    outer loop
      vertex 40 54 6
      vertex 36.1945 43.9445 6
      vertex 36.5365 43.5278 6
    endloop
  endfacet
  facet normal 0 0 1
    outer loop
      vertex 40 54 6
      vertex 35.7778 44.2865 6
      vertex 36.1945 43.9445 6
    endloop
  endfacet
  facet normal 0 0 1
    outer loop
      vertex 40 54 6
      vertex 35.3024 44.5407 6
      vertex 35.7778 44.2865 6
    endloop
  endfacet
  facet normal 0 0 1
    outer loop
      vertex 40 54 6
      vertex 34.7865 44.6972 6
      vertex 35.3024 44.5407 6
    endloop
  endfacet
  facet normal 0 0 1
    outer loop
      vertex 40 54 6
      vertex 34.25 44.75 6
      vertex 34.7865 44.6972 6
    endloop
  endfacet
  facet normal 0 0 1
    outer loop
      vertex 40 54 6
      vertex 25.75 44.75 6
      vertex 34.25 44.75 6
    endloop
  endfacet
  facet normal 0 0 1
    outer loop
      vertex 40 54 6
      vertex 25.2135 44.6972 6
      vertex 25.75 44.75 6
    endloop
  endfacet
  facet normal 0 0 1
    outer loop
      vertex 14.7865 44.6972 6
      vertex 25.2135 44.6972 6
      vertex 40 54 6
    endloop
  endfacet
  facet normal 0 0 1
    outer loop
      vertex 25.2135 44.6972 6
      vertex 14.7865 44.6972 6
      vertex 24.6976 44.5407 6
    endloop
  endfacet
  facet normal 0 0 1
    outer loop
      vertex 23.0528 42.5365 6
      vertex 17 42 6
      vertex 23 42 6
    endloop
  endfacet
  facet normal 0 0 1
    outer loop
      vertex 16.9472 42.5365 6
      vertex 23.0528 42.5365 6
      vertex 23.2093 43.0524 6
    endloop
  endfacet
  facet normal 0 0 1
    outer loop
      vertex 16.7907 43.0524 6
      vertex 23.2093 43.0524 6
      vertex 23.4635 43.5278 6
    endloop
  endfacet
  facet normal 0 0 1
    outer loop
      vertex 16.5365 43.5278 6
      vertex 23.4635 43.5278 6
      vertex 23.8055 43.9445 6
    endloop
  endfacet
  facet normal 0 0 1
    outer loop
      vertex 16.1945 43.9445 6
      vertex 23.8055 43.9445 6
      vertex 24.2222 44.2865 6
    endloop
  endfacet
  facet normal 0 -0 1
    outer loop
      vertex 15.3024 44.5407 6
      vertex 24.6976 44.5407 6
      vertex 14.7865 44.6972 6
    endloop
  endfacet
  facet normal 0 0 1
    outer loop
      vertex 23.0528 42.5365 6
      vertex 16.9472 42.5365 6
      vertex 17 42 6
    endloop
  endfacet
  facet normal 0 0 1
    outer loop
      vertex 23.2093 43.0524 6
      vertex 16.7907 43.0524 6
      vertex 16.9472 42.5365 6
    endloop
  endfacet
  facet normal 0 0 1
    outer loop
      vertex 23.4635 43.5278 6
      vertex 16.5365 43.5278 6
      vertex 16.7907 43.0524 6
    endloop
  endfacet
  facet normal 0 0 1
    outer loop
      vertex 23.8055 43.9445 6
      vertex 16.1945 43.9445 6
      vertex 16.5365 43.5278 6
    endloop
  endfacet
  facet normal 0 0 1
    outer loop
      vertex 24.2222 44.2865 6
      vertex 15.7778 44.2865 6
      vertex 16.1945 43.9445 6
    endloop
  endfacet
  facet normal 0 0 1
    outer loop
      vertex 24.2222 44.2865 6
      vertex 15.3024 44.5407 6
      vertex 15.7778 44.2865 6
    endloop
  endfacet
  facet normal 0 0 1
    outer loop
      vertex 24.6976 44.5407 6
      vertex 15.3024 44.5407 6
      vertex 24.2222 44.2865 6
    endloop
  endfacet
  facet normal -0 0 1
    outer loop
      vertex 0 54 6
      vertex 14.7865 44.6972 6
      vertex 40 54 6
    endloop
  endfacet
  facet normal 0 0 1
    outer loop
      vertex 14.7865 44.6972 6
      vertex 0 54 6
      vertex 14.25 44.75 6
    endloop
  endfacet
  facet normal 0 0 1
    outer loop
      vertex 14.25 44.75 6
      vertex 0 54 6
      vertex 5.75 44.75 6
    endloop
  endfacet
  facet normal 0 0 1
    outer loop
      vertex 0 0 6
      vertex 3.05284 12.5365 6
      vertex 0 54 6
    endloop
  endfacet
  facet normal 0 0 1
    outer loop
      vertex 3.05284 42.5365 6
      vertex 0 54 6
      vertex 3 42 6
    endloop
  endfacet
  facet normal 0 0 1
    outer loop
      vertex 3.20933 43.0524 6
      vertex 0 54 6
      vertex 3.05284 42.5365 6
    endloop
  endfacet
  facet normal 0 0 1
    outer loop
      vertex 3.46346 43.5278 6
      vertex 0 54 6
      vertex 3.20933 43.0524 6
    endloop
  endfacet
  facet normal 0 0 1
    outer loop
      vertex 3.80546 43.9445 6
      vertex 0 54 6
      vertex 3.46346 43.5278 6
    endloop
  endfacet
  facet normal 0 0 1
    outer loop
      vertex 4.22218 44.2865 6
      vertex 0 54 6
      vertex 3.80546 43.9445 6
    endloop
  endfacet
  facet normal 0 0 1
    outer loop
      vertex 4.69762 44.5407 6
      vertex 0 54 6
      vertex 4.22218 44.2865 6
    endloop
  endfacet
  facet normal 0 0 1
    outer loop
      vertex 5.2135 44.6972 6
      vertex 0 54 6
      vertex 4.69762 44.5407 6
    endloop
  endfacet
  facet normal 0 0 1
    outer loop
      vertex 5.75 44.75 6
      vertex 0 54 6
      vertex 5.2135 44.6972 6
    endloop
  endfacet
  facet normal 0 0 1
    outer loop
      vertex 40 54 6
      vertex 36.9472 41.4635 6
      vertex 40 0 6
    endloop
  endfacet
  facet normal -0 0 1
    outer loop
      vertex 36.9472 11.4635 6
      vertex 40 0 6
      vertex 37 12 6
    endloop
  endfacet
  facet normal -0 0 1
    outer loop
      vertex 36.7907 10.9476 6
      vertex 40 0 6
      vertex 36.9472 11.4635 6
    endloop
  endfacet
  facet normal -0 0 1
    outer loop
      vertex 36.5365 10.4722 6
      vertex 40 0 6
      vertex 36.7907 10.9476 6
    endloop
  endfacet
  facet normal -0 0 1
    outer loop
      vertex 36.1945 10.0555 6
      vertex 40 0 6
      vertex 36.5365 10.4722 6
    endloop
  endfacet
  facet normal -0 0 1
    outer loop
      vertex 35.7778 9.71346 6
      vertex 40 0 6
      vertex 36.1945 10.0555 6
    endloop
  endfacet
  facet normal -0 0 1
    outer loop
      vertex 35.3024 9.45933 6
      vertex 40 0 6
      vertex 35.7778 9.71346 6
    endloop
  endfacet
  facet normal -0 0 1
    outer loop
      vertex 34.7865 9.30284 6
      vertex 40 0 6
      vertex 35.3024 9.45933 6
    endloop
  endfacet
  facet normal -0 0 1
    outer loop
      vertex 34.25 9.25 6
      vertex 40 0 6
      vertex 34.7865 9.30284 6
    endloop
  endfacet
  facet normal -0 0 1
    outer loop
      vertex 25.75 9.25 6
      vertex 40 0 6
      vertex 34.25 9.25 6
    endloop
  endfacet
  facet normal 0 0 1
    outer loop
      vertex 25.2135 9.30284 6
      vertex 40 0 6
      vertex 25.75 9.25 6
    endloop
  endfacet
  facet normal 0 0 1
    outer loop
      vertex 14.7865 9.30284 6
      vertex 25.2135 9.30284 6
      vertex 24.6976 9.45933 6
    endloop
  endfacet
  facet normal 0 0 1
    outer loop
      vertex 15.3024 9.45933 6
      vertex 24.6976 9.45933 6
      vertex 24.2222 9.71346 6
    endloop
  endfacet
  facet normal -0 0 1
    outer loop
      vertex 17 12 6
      vertex 23.0528 11.4635 6
      vertex 23 12 6
    endloop
  endfacet
  facet normal 0 0 1
    outer loop
      vertex 16.9472 11.4635 6
      vertex 23.0528 11.4635 6
      vertex 17 12 6
    endloop
  endfacet
  facet normal 0 0 1
    outer loop
      vertex 23.0528 11.4635 6
      vertex 16.9472 11.4635 6
      vertex 23.2093 10.9476 6
    endloop
  endfacet
  facet normal 0 0 1
    outer loop
      vertex 16.7907 10.9476 6
      vertex 23.2093 10.9476 6
      vertex 16.9472 11.4635 6
    endloop
  endfacet
  facet normal 0 0 1
    outer loop
      vertex 23.2093 10.9476 6
      vertex 16.7907 10.9476 6
      vertex 23.4635 10.4722 6
    endloop
  endfacet
  facet normal 0 0 1
    outer loop
      vertex 16.5365 10.4722 6
      vertex 23.4635 10.4722 6
      vertex 16.7907 10.9476 6
    endloop
  endfacet
  facet normal 0 0 1
    outer loop
      vertex 23.4635 10.4722 6
      vertex 16.5365 10.4722 6
      vertex 23.8055 10.0555 6
    endloop
  endfacet
  facet normal 0 0 1
    outer loop
      vertex 16.1945 10.0555 6
      vertex 23.8055 10.0555 6
      vertex 16.5365 10.4722 6
    endloop
  endfacet
  facet normal 0 0 1
    outer loop
      vertex 23.8055 10.0555 6
      vertex 16.1945 10.0555 6
      vertex 24.2222 9.71346 6
    endloop
  endfacet
  facet normal 0 0 1
    outer loop
      vertex 15.7778 9.71346 6
      vertex 24.2222 9.71346 6
      vertex 16.1945 10.0555 6
    endloop
  endfacet
  facet normal 0 0 1
    outer loop
      vertex 15.3024 9.45933 6
      vertex 24.2222 9.71346 6
      vertex 15.7778 9.71346 6
    endloop
  endfacet
  facet normal 0 0 1
    outer loop
      vertex 24.6976 9.45933 6
      vertex 15.3024 9.45933 6
      vertex 14.7865 9.30284 6
    endloop
  endfacet
  facet normal 0 0 1
    outer loop
      vertex 25.2135 9.30284 6
      vertex 14.7865 9.30284 6
      vertex 40 0 6
    endloop
  endfacet
  facet normal 0 0 1
    outer loop
      vertex 0 0 6
      vertex 14.7865 9.30284 6
      vertex 14.25 9.25 6
    endloop
  endfacet
  facet normal 0 0 1
    outer loop
      vertex 0 0 6
      vertex 14.25 9.25 6
      vertex 5.75 9.25 6
    endloop
  endfacet
  facet normal 0 0 1
    outer loop
      vertex 0 0 6
      vertex 5.75 9.25 6
      vertex 5.2135 9.30284 6
    endloop
  endfacet
  facet normal 0 0 1
    outer loop
      vertex 14.7865 9.30284 6
      vertex 0 0 6
      vertex 40 0 6
    endloop
  endfacet
  facet normal 0 0 1
    outer loop
      vertex 4.69762 9.45933 6
      vertex 0 0 6
      vertex 5.2135 9.30284 6
    endloop
  endfacet
  facet normal 0 0 1
    outer loop
      vertex 4.22218 9.71346 6
      vertex 0 0 6
      vertex 4.69762 9.45933 6
    endloop
  endfacet
  facet normal 0 0 1
    outer loop
      vertex 3.80546 10.0555 6
      vertex 0 0 6
      vertex 4.22218 9.71346 6
    endloop
  endfacet
  facet normal 0 0 1
    outer loop
      vertex 3.46346 10.4722 6
      vertex 0 0 6
      vertex 3.80546 10.0555 6
    endloop
  endfacet
  facet normal 0 0 1
    outer loop
      vertex 3.20933 10.9476 6
      vertex 0 0 6
      vertex 3.46346 10.4722 6
    endloop
  endfacet
  facet normal 0 0 1
    outer loop
      vertex 3.05284 11.4635 6
      vertex 0 0 6
      vertex 3.20933 10.9476 6
    endloop
  endfacet
  facet normal 0 0 1
    outer loop
      vertex 3 12 6
      vertex 0 0 6
      vertex 3.05284 11.4635 6
    endloop
  endfacet
  facet normal 0 0 1
    outer loop
      vertex 3.05284 12.5365 6
      vertex 0 0 6
      vertex 3 12 6
    endloop
  endfacet
  facet normal 0 0 1
    outer loop
      vertex 34.7865 14.6972 6
      vertex 32 22 6
      vertex 34.25 14.75 6
    endloop
  endfacet
  facet normal 0 0 1
    outer loop
      vertex 32 22 6
      vertex 25.75 14.75 6
      vertex 34.25 14.75 6
    endloop
  endfacet
  facet normal 0 0 1
    outer loop
      vertex 32 22 6
      vertex 25.2135 14.6972 6
      vertex 25.75 14.75 6
    endloop
  endfacet
  facet normal 0 0 1
    outer loop
      vertex 32 22 6
      vertex 24.6976 14.5407 6
      vertex 25.2135 14.6972 6
    endloop
  endfacet
  facet normal 0 0 1
    outer loop
      vertex 15.3024 14.5407 6
      vertex 24.6976 14.5407 6
      vertex 32 22 6
    endloop
  endfacet
  facet normal 0 0 1
    outer loop
      vertex 24.6976 14.5407 6
      vertex 15.3024 14.5407 6
      vertex 24.2222 14.2865 6
    endloop
  endfacet
  facet normal 0 0 1
    outer loop
      vertex 23.0528 12.5365 6
      vertex 17 12 6
      vertex 23 12 6
    endloop
  endfacet
  facet normal 0 0 1
    outer loop
      vertex 16.9472 12.5365 6
      vertex 23.0528 12.5365 6
      vertex 23.2093 13.0524 6
    endloop
  endfacet
  facet normal 0 0 1
    outer loop
      vertex 16.7907 13.0524 6
      vertex 23.2093 13.0524 6
      vertex 23.4635 13.5278 6
    endloop
  endfacet
  facet normal 0 0 1
    outer loop
      vertex 16.5365 13.5278 6
      vertex 23.4635 13.5278 6
      vertex 23.8055 13.9445 6
    endloop
  endfacet
  facet normal 0 -0 1
    outer loop
      vertex 15.7778 14.2865 6
      vertex 24.2222 14.2865 6
      vertex 15.3024 14.5407 6
    endloop
  endfacet
  facet normal 0 0 1
    outer loop
      vertex 23.0528 12.5365 6
      vertex 16.9472 12.5365 6
      vertex 17 12 6
    endloop
  endfacet
  facet normal 0 0 1
    outer loop
      vertex 23.2093 13.0524 6
      vertex 16.7907 13.0524 6
      vertex 16.9472 12.5365 6
    endloop
  endfacet
  facet normal 0 0 1
    outer loop
      vertex 23.4635 13.5278 6
      vertex 16.5365 13.5278 6
      vertex 16.7907 13.0524 6
    endloop
  endfacet
  facet normal 0 0 1
    outer loop
      vertex 23.8055 13.9445 6
      vertex 16.1945 13.9445 6
      vertex 16.5365 13.5278 6
    endloop
  endfacet
  facet normal 0 0 1
    outer loop
      vertex 23.8055 13.9445 6
      vertex 15.7778 14.2865 6
      vertex 16.1945 13.9445 6
    endloop
  endfacet
  facet normal 0 0 1
    outer loop
      vertex 24.2222 14.2865 6
      vertex 15.7778 14.2865 6
      vertex 23.8055 13.9445 6
    endloop
  endfacet
  facet normal -0 0 1
    outer loop
      vertex 8 22 6
      vertex 15.3024 14.5407 6
      vertex 32 22 6
    endloop
  endfacet
  facet normal 0 0 1
    outer loop
      vertex 15.3024 14.5407 6
      vertex 8 22 6
      vertex 14.7865 14.6972 6
    endloop
  endfacet
  facet normal 0 0 1
    outer loop
      vertex 14.7865 14.6972 6
      vertex 8 22 6
      vertex 14.25 14.75 6
    endloop
  endfacet
  facet normal 0 0 1
    outer loop
      vertex 8 22 6
      vertex 5.75 14.75 6
      vertex 14.25 14.75 6
    endloop
  endfacet
  facet normal 0 0 1
    outer loop
      vertex 4.69762 39.4593 6
      vertex 8 32 6
      vertex 5.2135 39.3028 6
    endloop
  endfacet
  facet normal 0 0 1
    outer loop
      vertex 4.22218 39.7135 6
      vertex 8 32 6
      vertex 4.69762 39.4593 6
    endloop
  endfacet
  facet normal 0 0 1
    outer loop
      vertex 8 22 6
      vertex 5.2135 14.6972 6
      vertex 5.75 14.75 6
    endloop
  endfacet
  facet normal 0 0 1
    outer loop
      vertex 3.80546 40.0555 6
      vertex 8 32 6
      vertex 4.22218 39.7135 6
    endloop
  endfacet
  facet normal 0 0 1
    outer loop
      vertex 8 22 6
      vertex 4.69762 14.5407 6
      vertex 5.2135 14.6972 6
    endloop
  endfacet
  facet normal 0 0 1
    outer loop
      vertex 8 32 6
      vertex 3.80546 40.0555 6
      vertex 8 22 6
    endloop
  endfacet
  facet normal 0 0 1
    outer loop
      vertex 8 22 6
      vertex 4.22218 14.2865 6
      vertex 4.69762 14.5407 6
    endloop
  endfacet
  facet normal 0 0 1
    outer loop
      vertex 3.80546 13.9445 6
      vertex 8 22 6
      vertex 3.80546 40.0555 6
    endloop
  endfacet
  facet normal 0 0 1
    outer loop
      vertex 8 22 6
      vertex 3.80546 13.9445 6
      vertex 4.22218 14.2865 6
    endloop
  endfacet
  facet normal 0 0 1
    outer loop
      vertex 3.46346 40.4722 6
      vertex 3.80546 13.9445 6
      vertex 3.80546 40.0555 6
    endloop
  endfacet
  facet normal 0 0 1
    outer loop
      vertex 3.46346 40.4722 6
      vertex 3.46346 13.5278 6
      vertex 3.80546 13.9445 6
    endloop
  endfacet
  facet normal 0 0 1
    outer loop
      vertex 3.20933 40.9476 6
      vertex 3.46346 13.5278 6
      vertex 3.46346 40.4722 6
    endloop
  endfacet
  facet normal 0 0 1
    outer loop
      vertex 3.20933 40.9476 6
      vertex 3.20933 13.0524 6
      vertex 3.46346 13.5278 6
    endloop
  endfacet
  facet normal 0 0 1
    outer loop
      vertex 3.05284 41.4635 6
      vertex 3.20933 13.0524 6
      vertex 3.20933 40.9476 6
    endloop
  endfacet
  facet normal 0 0 1
    outer loop
      vertex 3.05284 41.4635 6
      vertex 3.05284 12.5365 6
      vertex 3.20933 13.0524 6
    endloop
  endfacet
  facet normal 0 0 1
    outer loop
      vertex 0 54 6
      vertex 3.05284 41.4635 6
      vertex 3 42 6
    endloop
  endfacet
  facet normal 0 0 1
    outer loop
      vertex 3.05284 41.4635 6
      vertex 0 54 6
      vertex 3.05284 12.5365 6
    endloop
  endfacet
  facet normal 1 -0 0
    outer loop
      vertex 40 0 6
      vertex 40 54 0
      vertex 40 54 6
    endloop
  endfacet
  facet normal 1 0 0
    outer loop
      vertex 40 54 0
      vertex 40 0 6
      vertex 40 0 0
    endloop
  endfacet
  facet normal 0 0 -1
    outer loop
      vertex 15.7778 14.2865 0
      vertex 24.2222 14.2865 0
      vertex 16.1945 13.9445 0
    endloop
  endfacet
  facet normal 0 0 -1
    outer loop
      vertex 24.2222 39.7135 0
      vertex 16.9472 41.4635 0
      vertex 17 42 0
    endloop
  endfacet
  facet normal 0 0 -1
    outer loop
      vertex 24.2222 14.2865 0
      vertex 15.7778 14.2865 0
      vertex 24.6976 14.5407 0
    endloop
  endfacet
  facet normal 0 0 -1
    outer loop
      vertex 24.2222 39.7135 0
      vertex 16.7907 40.9476 0
      vertex 16.9472 41.4635 0
    endloop
  endfacet
  facet normal 0 0 -1
    outer loop
      vertex 15.3024 14.5407 0
      vertex 24.6976 14.5407 0
      vertex 15.7778 14.2865 0
    endloop
  endfacet
  facet normal 0 0 -1
    outer loop
      vertex 24.2222 39.7135 0
      vertex 16.5365 40.4722 0
      vertex 16.7907 40.9476 0
    endloop
  endfacet
  facet normal 0 0 -1
    outer loop
      vertex 24.6976 14.5407 0
      vertex 15.3024 14.5407 0
      vertex 24.6976 39.4593 0
    endloop
  endfacet
  facet normal 0 0 -1
    outer loop
      vertex 24.2222 39.7135 0
      vertex 16.1945 40.0555 0
      vertex 16.5365 40.4722 0
    endloop
  endfacet
  facet normal 0 0 -1
    outer loop
      vertex 15.3024 39.4593 0
      vertex 24.6976 39.4593 0
      vertex 15.3024 14.5407 0
    endloop
  endfacet
  facet normal 0 0 -1
    outer loop
      vertex 24.2222 39.7135 0
      vertex 15.7778 39.7135 0
      vertex 16.1945 40.0555 0
    endloop
  endfacet
  facet normal 0 0 -1
    outer loop
      vertex 24.6976 39.4593 0
      vertex 15.3024 39.4593 0
      vertex 24.2222 39.7135 0
    endloop
  endfacet
  facet normal -0 0 -1
    outer loop
      vertex 24.2222 39.7135 0
      vertex 15.3024 39.4593 0
      vertex 15.7778 39.7135 0
    endloop
  endfacet
  facet normal 0 0 -1
    outer loop
      vertex 14.7865 14.6972 0
      vertex 15.3024 39.4593 0
      vertex 15.3024 14.5407 0
    endloop
  endfacet
  facet normal 0 0 -1
    outer loop
      vertex 14.7865 14.6972 0
      vertex 14.7865 39.3028 0
      vertex 15.3024 39.4593 0
    endloop
  endfacet
  facet normal 0 0 -1
    outer loop
      vertex 14.25 14.75 0
      vertex 14.7865 39.3028 0
      vertex 14.7865 14.6972 0
    endloop
  endfacet
  facet normal 0 0 -1
    outer loop
      vertex 14.25 14.75 0
      vertex 14.25 39.25 0
      vertex 14.7865 39.3028 0
    endloop
  endfacet
  facet normal 0 0 -1
    outer loop
      vertex 5.75 14.75 0
      vertex 14.25 39.25 0
      vertex 14.25 14.75 0
    endloop
  endfacet
  facet normal 0 0 -1
    outer loop
      vertex 5.75 14.75 0
      vertex 5.75 39.25 0
      vertex 14.25 39.25 0
    endloop
  endfacet
  facet normal 0 0 -1
    outer loop
      vertex 5.2135 14.6972 0
      vertex 5.75 39.25 0
      vertex 5.75 14.75 0
    endloop
  endfacet
  facet normal 0 0 -1
    outer loop
      vertex 5.2135 14.6972 0
      vertex 5.2135 39.3028 0
      vertex 5.75 39.25 0
    endloop
  endfacet
  facet normal 0 0 -1
    outer loop
      vertex 4.69762 14.5407 0
      vertex 5.2135 39.3028 0
      vertex 5.2135 14.6972 0
    endloop
  endfacet
  facet normal 0 0 -1
    outer loop
      vertex 4.69762 14.5407 0
      vertex 4.69762 39.4593 0
      vertex 5.2135 39.3028 0
    endloop
  endfacet
  facet normal 0 0 -1
    outer loop
      vertex 4.22218 14.2865 0
      vertex 4.69762 39.4593 0
      vertex 4.69762 14.5407 0
    endloop
  endfacet
  facet normal 0 0 -1
    outer loop
      vertex 4.22218 14.2865 0
      vertex 4.22218 39.7135 0
      vertex 4.69762 39.4593 0
    endloop
  endfacet
  facet normal 0 0 -1
    outer loop
      vertex 3.80546 13.9445 0
      vertex 4.22218 39.7135 0
      vertex 4.22218 14.2865 0
    endloop
  endfacet
  facet normal 0 0 -1
    outer loop
      vertex 3.80546 13.9445 0
      vertex 3.80546 40.0555 0
      vertex 4.22218 39.7135 0
    endloop
  endfacet
  facet normal 0 0 -1
    outer loop
      vertex 3.46346 13.5278 0
      vertex 3.80546 40.0555 0
      vertex 3.80546 13.9445 0
    endloop
  endfacet
  facet normal 0 0 -1
    outer loop
      vertex 3.46346 13.5278 0
      vertex 3.46346 40.4722 0
      vertex 3.80546 40.0555 0
    endloop
  endfacet
  facet normal 0 0 -1
    outer loop
      vertex 3.20933 13.0524 0
      vertex 3.46346 40.4722 0
      vertex 3.46346 13.5278 0
    endloop
  endfacet
  facet normal 0 0 -1
    outer loop
      vertex 3.20933 13.0524 0
      vertex 3.20933 40.9476 0
      vertex 3.46346 40.4722 0
    endloop
  endfacet
  facet normal 0 0 -1
    outer loop
      vertex 3.05284 12.5365 0
      vertex 3.20933 40.9476 0
      vertex 3.20933 13.0524 0
    endloop
  endfacet
  facet normal 0 0 -1
    outer loop
      vertex 3.05284 12.5365 0
      vertex 3.05284 41.4635 0
      vertex 3.20933 40.9476 0
    endloop
  endfacet
  facet normal 0 0 -1
    outer loop
      vertex 0 0 0
      vertex 3.05284 12.5365 0
      vertex 3 12 0
    endloop
  endfacet
  facet normal -0 0 -1
    outer loop
      vertex 3.05284 12.5365 0
      vertex 0 0 0
      vertex 3.05284 41.4635 0
    endloop
  endfacet
  facet normal 0 0 -1
    outer loop
      vertex 36.9472 41.4635 0
      vertex 40 54 0
      vertex 36.9472 12.5365 0
    endloop
  endfacet
  facet normal 0 0 -1
    outer loop
      vertex 40 54 0
      vertex 36.9472 41.4635 0
      vertex 37 42 0
    endloop
  endfacet
  facet normal 0 0 -1
    outer loop
      vertex 36.7907 13.0524 0
      vertex 36.9472 41.4635 0
      vertex 36.9472 12.5365 0
    endloop
  endfacet
  facet normal 0 0 -1
    outer loop
      vertex 36.7907 13.0524 0
      vertex 36.7907 40.9476 0
      vertex 36.9472 41.4635 0
    endloop
  endfacet
  facet normal 0 0 -1
    outer loop
      vertex 36.5365 13.5278 0
      vertex 36.7907 40.9476 0
      vertex 36.7907 13.0524 0
    endloop
  endfacet
  facet normal 0 0 -1
    outer loop
      vertex 36.5365 13.5278 0
      vertex 36.5365 40.4722 0
      vertex 36.7907 40.9476 0
    endloop
  endfacet
  facet normal 0 0 -1
    outer loop
      vertex 36.1945 13.9445 0
      vertex 36.5365 40.4722 0
      vertex 36.5365 13.5278 0
    endloop
  endfacet
  facet normal 0 0 -1
    outer loop
      vertex 36.1945 13.9445 0
      vertex 36.1945 40.0555 0
      vertex 36.5365 40.4722 0
    endloop
  endfacet
  facet normal 0 0 -1
    outer loop
      vertex 35.7778 14.2865 0
      vertex 36.1945 40.0555 0
      vertex 36.1945 13.9445 0
    endloop
  endfacet
  facet normal 0 0 -1
    outer loop
      vertex 35.7778 14.2865 0
      vertex 35.7778 39.7135 0
      vertex 36.1945 40.0555 0
    endloop
  endfacet
  facet normal 0 0 -1
    outer loop
      vertex 35.3024 14.5407 0
      vertex 35.7778 39.7135 0
      vertex 35.7778 14.2865 0
    endloop
  endfacet
  facet normal 0 0 -1
    outer loop
      vertex 35.3024 14.5407 0
      vertex 35.3024 39.4593 0
      vertex 35.7778 39.7135 0
    endloop
  endfacet
  facet normal 0 0 -1
    outer loop
      vertex 34.7865 14.6972 0
      vertex 35.3024 39.4593 0
      vertex 35.3024 14.5407 0
    endloop
  endfacet
  facet normal 0 0 -1
    outer loop
      vertex 34.7865 14.6972 0
      vertex 34.7865 39.3028 0
      vertex 35.3024 39.4593 0
    endloop
  endfacet
  facet normal 0 0 -1
    outer loop
      vertex 34.25 14.75 0
      vertex 34.7865 39.3028 0
      vertex 34.7865 14.6972 0
    endloop
  endfacet
  facet normal 0 0 -1
    outer loop
      vertex 34.25 14.75 0
      vertex 34.25 39.25 0
      vertex 34.7865 39.3028 0
    endloop
  endfacet
  facet normal 0 0 -1
    outer loop
      vertex 25.75 14.75 0
      vertex 34.25 39.25 0
      vertex 34.25 14.75 0
    endloop
  endfacet
  facet normal 0 0 -1
    outer loop
      vertex 25.75 14.75 0
      vertex 25.75 39.25 0
      vertex 34.25 39.25 0
    endloop
  endfacet
  facet normal 0 0 -1
    outer loop
      vertex 25.2135 14.6972 0
      vertex 25.75 39.25 0
      vertex 25.75 14.75 0
    endloop
  endfacet
  facet normal 0 0 -1
    outer loop
      vertex 25.2135 14.6972 0
      vertex 25.2135 39.3028 0
      vertex 25.75 39.25 0
    endloop
  endfacet
  facet normal 0 0 -1
    outer loop
      vertex 24.6976 14.5407 0
      vertex 25.2135 39.3028 0
      vertex 25.2135 14.6972 0
    endloop
  endfacet
  facet normal 0 0 -1
    outer loop
      vertex 24.6976 14.5407 0
      vertex 24.6976 39.4593 0
      vertex 25.2135 39.3028 0
    endloop
  endfacet
  facet normal 0 0 -1
    outer loop
      vertex 16.1945 13.9445 0
      vertex 23.8055 13.9445 0
      vertex 16.5365 13.5278 0
    endloop
  endfacet
  facet normal 0 0 -1
    outer loop
      vertex 23.8055 13.9445 0
      vertex 16.1945 13.9445 0
      vertex 24.2222 14.2865 0
    endloop
  endfacet
  facet normal 0 0 -1
    outer loop
      vertex 23.2093 13.0524 0
      vertex 16.7907 13.0524 0
      vertex 23.4635 13.5278 0
    endloop
  endfacet
  facet normal 0 0 -1
    outer loop
      vertex 16.5365 13.5278 0
      vertex 23.4635 13.5278 0
      vertex 16.7907 13.0524 0
    endloop
  endfacet
  facet normal 0 0 -1
    outer loop
      vertex 16.7907 13.0524 0
      vertex 23.2093 13.0524 0
      vertex 16.9472 12.5365 0
    endloop
  endfacet
  facet normal 0 0 -1
    outer loop
      vertex 23.4635 13.5278 0
      vertex 16.5365 13.5278 0
      vertex 23.8055 13.9445 0
    endloop
  endfacet
  facet normal 0 0 -1
    outer loop
      vertex 23.0528 12.5365 0
      vertex 16.9472 12.5365 0
      vertex 23.2093 13.0524 0
    endloop
  endfacet
  facet normal 0 0 -1
    outer loop
      vertex 24.2222 39.7135 0
      vertex 17 42 0
      vertex 23.8055 40.0555 0
    endloop
  endfacet
  facet normal 0 0 -1
    outer loop
      vertex 16.9472 12.5365 0
      vertex 23.0528 12.5365 0
      vertex 17 12 0
    endloop
  endfacet
  facet normal 0 0 -1
    outer loop
      vertex 23.8055 40.0555 0
      vertex 17 42 0
      vertex 23.4635 40.4722 0
    endloop
  endfacet
  facet normal 0 0 -1
    outer loop
      vertex 17 12 0
      vertex 23.0528 12.5365 0
      vertex 23 12 0
    endloop
  endfacet
  facet normal 0 0 -1
    outer loop
      vertex 23.4635 40.4722 0
      vertex 17 42 0
      vertex 23.2093 40.9476 0
    endloop
  endfacet
  facet normal 0 0 -1
    outer loop
      vertex 36.9472 12.5365 0
      vertex 40 0 0
      vertex 37 12 0
    endloop
  endfacet
  facet normal 0 0 -1
    outer loop
      vertex 40 0 0
      vertex 36.9472 11.4635 0
      vertex 37 12 0
    endloop
  endfacet
  facet normal 0 0 -1
    outer loop
      vertex 40 0 0
      vertex 36.7907 10.9476 0
      vertex 36.9472 11.4635 0
    endloop
  endfacet
  facet normal 0 0 -1
    outer loop
      vertex 40 0 0
      vertex 36.5365 10.4722 0
      vertex 36.7907 10.9476 0
    endloop
  endfacet
  facet normal 0 0 -1
    outer loop
      vertex 40 0 0
      vertex 36.1945 10.0555 0
      vertex 36.5365 10.4722 0
    endloop
  endfacet
  facet normal 0 0 -1
    outer loop
      vertex 40 0 0
      vertex 35.7778 9.71346 0
      vertex 36.1945 10.0555 0
    endloop
  endfacet
  facet normal 0 0 -1
    outer loop
      vertex 40 0 0
      vertex 35.3024 9.45933 0
      vertex 35.7778 9.71346 0
    endloop
  endfacet
  facet normal 0 0 -1
    outer loop
      vertex 40 0 0
      vertex 34.7865 9.30284 0
      vertex 35.3024 9.45933 0
    endloop
  endfacet
  facet normal 0 0 -1
    outer loop
      vertex 40 0 0
      vertex 34.25 9.25 0
      vertex 34.7865 9.30284 0
    endloop
  endfacet
  facet normal 0 0 -1
    outer loop
      vertex 40 0 0
      vertex 25.75 9.25 0
      vertex 34.25 9.25 0
    endloop
  endfacet
  facet normal 0 0 -1
    outer loop
      vertex 40 0 0
      vertex 25.2135 9.30284 0
      vertex 25.75 9.25 0
    endloop
  endfacet
  facet normal 0 0 -1
    outer loop
      vertex 14.7865 9.30284 0
      vertex 25.2135 9.30284 0
      vertex 40 0 0
    endloop
  endfacet
  facet normal 0 0 -1
    outer loop
      vertex 25.2135 9.30284 0
      vertex 14.7865 9.30284 0
      vertex 24.6976 9.45933 0
    endloop
  endfacet
  facet normal 0 0 -1
    outer loop
      vertex 23.2093 40.9476 0
      vertex 17 42 0
      vertex 23.0528 41.4635 0
    endloop
  endfacet
  facet normal 0 0 -1
    outer loop
      vertex 23.0528 11.4635 0
      vertex 17 12 0
      vertex 23 12 0
    endloop
  endfacet
  facet normal 0 0 -1
    outer loop
      vertex 16.9472 11.4635 0
      vertex 23.0528 11.4635 0
      vertex 23.2093 10.9476 0
    endloop
  endfacet
  facet normal 0 0 -1
    outer loop
      vertex 16.7907 10.9476 0
      vertex 23.2093 10.9476 0
      vertex 23.4635 10.4722 0
    endloop
  endfacet
  facet normal 0 0 -1
    outer loop
      vertex 16.5365 10.4722 0
      vertex 23.4635 10.4722 0
      vertex 23.8055 10.0555 0
    endloop
  endfacet
  facet normal 0 0 -1
    outer loop
      vertex 16.1945 10.0555 0
      vertex 23.8055 10.0555 0
      vertex 24.2222 9.71346 0
    endloop
  endfacet
  facet normal 0 -0 -1
    outer loop
      vertex 15.3024 9.45933 0
      vertex 24.6976 9.45933 0
      vertex 14.7865 9.30284 0
    endloop
  endfacet
  facet normal 0 0 -1
    outer loop
      vertex 23.0528 11.4635 0
      vertex 16.9472 11.4635 0
      vertex 17 12 0
    endloop
  endfacet
  facet normal 0 0 -1
    outer loop
      vertex 23.2093 10.9476 0
      vertex 16.7907 10.9476 0
      vertex 16.9472 11.4635 0
    endloop
  endfacet
  facet normal 0 0 -1
    outer loop
      vertex 23.4635 10.4722 0
      vertex 16.5365 10.4722 0
      vertex 16.7907 10.9476 0
    endloop
  endfacet
  facet normal 0 0 -1
    outer loop
      vertex 23.8055 10.0555 0
      vertex 16.1945 10.0555 0
      vertex 16.5365 10.4722 0
    endloop
  endfacet
  facet normal 0 0 -1
    outer loop
      vertex 24.2222 9.71346 0
      vertex 15.7778 9.71346 0
      vertex 16.1945 10.0555 0
    endloop
  endfacet
  facet normal -0 0 -1
    outer loop
      vertex 24.2222 9.71346 0
      vertex 15.3024 9.45933 0
      vertex 15.7778 9.71346 0
    endloop
  endfacet
  facet normal 0 0 -1
    outer loop
      vertex 24.6976 9.45933 0
      vertex 15.3024 9.45933 0
      vertex 24.2222 9.71346 0
    endloop
  endfacet
  facet normal 0 0 -1
    outer loop
      vertex 0 0 0
      vertex 14.7865 9.30284 0
      vertex 40 0 0
    endloop
  endfacet
  facet normal 0 0 -1
    outer loop
      vertex 14.7865 9.30284 0
      vertex 0 0 0
      vertex 14.25 9.25 0
    endloop
  endfacet
  facet normal -0 0 -1
    outer loop
      vertex 14.25 9.25 0
      vertex 0 0 0
      vertex 5.75 9.25 0
    endloop
  endfacet
  facet normal 0 0 -1
    outer loop
      vertex 0 54 0
      vertex 3.05284 41.4635 0
      vertex 0 0 0
    endloop
  endfacet
  facet normal -0 0 -1
    outer loop
      vertex 3.05284 11.4635 0
      vertex 0 0 0
      vertex 3 12 0
    endloop
  endfacet
  facet normal -0 0 -1
    outer loop
      vertex 3.20933 10.9476 0
      vertex 0 0 0
      vertex 3.05284 11.4635 0
    endloop
  endfacet
  facet normal -0 0 -1
    outer loop
      vertex 3.46346 10.4722 0
      vertex 0 0 0
      vertex 3.20933 10.9476 0
    endloop
  endfacet
  facet normal -0 0 -1
    outer loop
      vertex 3.80546 10.0555 0
      vertex 0 0 0
      vertex 3.46346 10.4722 0
    endloop
  endfacet
  facet normal -0 0 -1
    outer loop
      vertex 4.22218 9.71346 0
      vertex 0 0 0
      vertex 3.80546 10.0555 0
    endloop
  endfacet
  facet normal -0 0 -1
    outer loop
      vertex 4.69762 9.45933 0
      vertex 0 0 0
      vertex 4.22218 9.71346 0
    endloop
  endfacet
  facet normal -0 0 -1
    outer loop
      vertex 5.2135 9.30284 0
      vertex 0 0 0
      vertex 4.69762 9.45933 0
    endloop
  endfacet
  facet normal -0 0 -1
    outer loop
      vertex 5.75 9.25 0
      vertex 0 0 0
      vertex 5.2135 9.30284 0
    endloop
  endfacet
  facet normal 0 0 -1
    outer loop
      vertex 40 0 0
      vertex 36.9472 12.5365 0
      vertex 40 54 0
    endloop
  endfacet
  facet normal 0 0 -1
    outer loop
      vertex 36.9472 42.5365 0
      vertex 40 54 0
      vertex 37 42 0
    endloop
  endfacet
  facet normal 0 0 -1
    outer loop
      vertex 36.7907 43.0524 0
      vertex 40 54 0
      vertex 36.9472 42.5365 0
    endloop
  endfacet
  facet normal 0 0 -1
    outer loop
      vertex 36.5365 43.5278 0
      vertex 40 54 0
      vertex 36.7907 43.0524 0
    endloop
  endfacet
  facet normal 0 0 -1
    outer loop
      vertex 36.1945 43.9445 0
      vertex 40 54 0
      vertex 36.5365 43.5278 0
    endloop
  endfacet
  facet normal 0 0 -1
    outer loop
      vertex 35.7778 44.2865 0
      vertex 40 54 0
      vertex 36.1945 43.9445 0
    endloop
  endfacet
  facet normal 0 0 -1
    outer loop
      vertex 35.3024 44.5407 0
      vertex 40 54 0
      vertex 35.7778 44.2865 0
    endloop
  endfacet
  facet normal 0 0 -1
    outer loop
      vertex 34.7865 44.6972 0
      vertex 40 54 0
      vertex 35.3024 44.5407 0
    endloop
  endfacet
  facet normal 0 0 -1
    outer loop
      vertex 34.25 44.75 0
      vertex 40 54 0
      vertex 34.7865 44.6972 0
    endloop
  endfacet
  facet normal 0 0 -1
    outer loop
      vertex 25.75 44.75 0
      vertex 40 54 0
      vertex 34.25 44.75 0
    endloop
  endfacet
  facet normal 0 0 -1
    outer loop
      vertex 25.2135 44.6972 0
      vertex 40 54 0
      vertex 25.75 44.75 0
    endloop
  endfacet
  facet normal 0 0 -1
    outer loop
      vertex 14.7865 44.6972 0
      vertex 25.2135 44.6972 0
      vertex 24.6976 44.5407 0
    endloop
  endfacet
  facet normal 0 0 -1
    outer loop
      vertex 15.3024 44.5407 0
      vertex 24.6976 44.5407 0
      vertex 24.2222 44.2865 0
    endloop
  endfacet
  facet normal 0 0 -1
    outer loop
      vertex 23.0528 41.4635 0
      vertex 17 42 0
      vertex 23 42 0
    endloop
  endfacet
  facet normal 0 0 -1
    outer loop
      vertex 23 42 0
      vertex 17 42 0
      vertex 23.0528 42.5365 0
    endloop
  endfacet
  facet normal 0 0 -1
    outer loop
      vertex 16.9472 42.5365 0
      vertex 23.0528 42.5365 0
      vertex 17 42 0
    endloop
  endfacet
  facet normal 0 0 -1
    outer loop
      vertex 23.0528 42.5365 0
      vertex 16.9472 42.5365 0
      vertex 23.2093 43.0524 0
    endloop
  endfacet
  facet normal 0 0 -1
    outer loop
      vertex 16.7907 43.0524 0
      vertex 23.2093 43.0524 0
      vertex 16.9472 42.5365 0
    endloop
  endfacet
  facet normal 0 0 -1
    outer loop
      vertex 23.2093 43.0524 0
      vertex 16.7907 43.0524 0
      vertex 23.4635 43.5278 0
    endloop
  endfacet
  facet normal 0 0 -1
    outer loop
      vertex 16.5365 43.5278 0
      vertex 23.4635 43.5278 0
      vertex 16.7907 43.0524 0
    endloop
  endfacet
  facet normal 0 0 -1
    outer loop
      vertex 23.4635 43.5278 0
      vertex 16.5365 43.5278 0
      vertex 23.8055 43.9445 0
    endloop
  endfacet
  facet normal 0 0 -1
    outer loop
      vertex 16.1945 43.9445 0
      vertex 23.8055 43.9445 0
      vertex 16.5365 43.5278 0
    endloop
  endfacet
  facet normal 0 0 -1
    outer loop
      vertex 23.8055 43.9445 0
      vertex 16.1945 43.9445 0
      vertex 24.2222 44.2865 0
    endloop
  endfacet
  facet normal 0 0 -1
    outer loop
      vertex 15.7778 44.2865 0
      vertex 24.2222 44.2865 0
      vertex 16.1945 43.9445 0
    endloop
  endfacet
  facet normal 0 0 -1
    outer loop
      vertex 15.3024 44.5407 0
      vertex 24.2222 44.2865 0
      vertex 15.7778 44.2865 0
    endloop
  endfacet
  facet normal 0 0 -1
    outer loop
      vertex 24.6976 44.5407 0
      vertex 15.3024 44.5407 0
      vertex 14.7865 44.6972 0
    endloop
  endfacet
  facet normal 0 0 -1
    outer loop
      vertex 25.2135 44.6972 0
      vertex 14.7865 44.6972 0
      vertex 40 54 0
    endloop
  endfacet
  facet normal 0 0 -1
    outer loop
      vertex 0 54 0
      vertex 14.7865 44.6972 0
      vertex 14.25 44.75 0
    endloop
  endfacet
  facet normal 0 0 -1
    outer loop
      vertex 0 54 0
      vertex 14.25 44.75 0
      vertex 5.75 44.75 0
    endloop
  endfacet
  facet normal 0 0 -1
    outer loop
      vertex 0 54 0
      vertex 5.75 44.75 0
      vertex 5.2135 44.6972 0
    endloop
  endfacet
  facet normal 0 0 -1
    outer loop
      vertex 14.7865 44.6972 0
      vertex 0 54 0
      vertex 40 54 0
    endloop
  endfacet
  facet normal 0 0 -1
    outer loop
      vertex 4.69762 44.5407 0
      vertex 0 54 0
      vertex 5.2135 44.6972 0
    endloop
  endfacet
  facet normal 0 0 -1
    outer loop
      vertex 4.22218 44.2865 0
      vertex 0 54 0
      vertex 4.69762 44.5407 0
    endloop
  endfacet
  facet normal 0 0 -1
    outer loop
      vertex 3.80546 43.9445 0
      vertex 0 54 0
      vertex 4.22218 44.2865 0
    endloop
  endfacet
  facet normal 0 0 -1
    outer loop
      vertex 3.46346 43.5278 0
      vertex 0 54 0
      vertex 3.80546 43.9445 0
    endloop
  endfacet
  facet normal 0 0 -1
    outer loop
      vertex 3.20933 43.0524 0
      vertex 0 54 0
      vertex 3.46346 43.5278 0
    endloop
  endfacet
  facet normal 0 0 -1
    outer loop
      vertex 3.05284 42.5365 0
      vertex 0 54 0
      vertex 3.20933 43.0524 0
    endloop
  endfacet
  facet normal 0 0 -1
    outer loop
      vertex 3 42 0
      vertex 0 54 0
      vertex 3.05284 42.5365 0
    endloop
  endfacet
  facet normal 0 0 -1
    outer loop
      vertex 3.05284 41.4635 0
      vertex 0 54 0
      vertex 3 42 0
    endloop
  endfacet
  facet normal 0 -1 0
    outer loop
      vertex 0 0 0
      vertex 40 0 6
      vertex 0 0 6
    endloop
  endfacet
  facet normal 0 -1 -0
    outer loop
      vertex 40 0 6
      vertex 0 0 0
      vertex 40 0 0
    endloop
  endfacet
  facet normal 0 1 -0
    outer loop
      vertex 40 54 0
      vertex 0 54 6
      vertex 40 54 6
    endloop
  endfacet
  facet normal 0 1 0
    outer loop
      vertex 0 54 6
      vertex 40 54 0
      vertex 0 54 0
    endloop
  endfacet
  facet normal -1 0 0
    outer loop
      vertex 8 22 6
      vertex 8 32 35
      vertex 8 32 6
    endloop
  endfacet
  facet normal -1 -0 0
    outer loop
      vertex 8 32 35
      vertex 8 22 6
      vertex 8 22 35
    endloop
  endfacet
  facet normal -0 0 1
    outer loop
      vertex 8 32 35
      vertex 32 22 35
      vertex 32 32 35
    endloop
  endfacet
  facet normal 0 0 1
    outer loop
      vertex 32 22 35
      vertex 8 32 35
      vertex 8 22 35
    endloop
  endfacet
  facet normal 1 -0 0
    outer loop
      vertex 32 22 35
      vertex 32 32 6
      vertex 32 32 35
    endloop
  endfacet
  facet normal 1 0 0
    outer loop
      vertex 32 32 6
      vertex 32 22 35
      vertex 32 22 6
    endloop
  endfacet
  facet normal 0 -1 0
    outer loop
      vertex 8 22 35
      vertex 20 22 25.75
      vertex 32 22 35
    endloop
  endfacet
  facet normal 0 -1 0
    outer loop
      vertex 8 22 35
      vertex 19.4635 22 25.6972
      vertex 20 22 25.75
    endloop
  endfacet
  facet normal 0 -1 0
    outer loop
      vertex 8 22 35
      vertex 18.9476 22 25.5407
      vertex 19.4635 22 25.6972
    endloop
  endfacet
  facet normal 0 -1 0
    outer loop
      vertex 8 22 35
      vertex 18.4722 22 25.2865
      vertex 18.9476 22 25.5407
    endloop
  endfacet
  facet normal 0 -1 0
    outer loop
      vertex 8 22 35
      vertex 18.0555 22 24.9445
      vertex 18.4722 22 25.2865
    endloop
  endfacet
  facet normal 0 -1 0
    outer loop
      vertex 8 22 35
      vertex 17.7135 22 24.5278
      vertex 18.0555 22 24.9445
    endloop
  endfacet
  facet normal 0 -1 0
    outer loop
      vertex 8 22 35
      vertex 17.4593 22 24.0524
      vertex 17.7135 22 24.5278
    endloop
  endfacet
  facet normal 0 -1 0
    outer loop
      vertex 8 22 35
      vertex 17.3028 22 23.5365
      vertex 17.4593 22 24.0524
    endloop
  endfacet
  facet normal 0 -1 0
    outer loop
      vertex 8 22 35
      vertex 17.25 22 23
      vertex 17.3028 22 23.5365
    endloop
  endfacet
  facet normal 0 -1 0
    outer loop
      vertex 8 22 35
      vertex 17.3028 22 22.4635
      vertex 17.25 22 23
    endloop
  endfacet
  facet normal 0 -1 0
    outer loop
      vertex 8 22 6
      vertex 17.3028 22 22.4635
      vertex 8 22 35
    endloop
  endfacet
  facet normal 0 -1 -0
    outer loop
      vertex 17.3028 22 22.4635
      vertex 8 22 6
      vertex 17.4593 22 21.9476
    endloop
  endfacet
  facet normal 0 -1 -0
    outer loop
      vertex 19.4635 22 20.3028
      vertex 8 22 6
      vertex 20 22 20.25
    endloop
  endfacet
  facet normal 0 -1 -0
    outer loop
      vertex 18.9476 22 20.4593
      vertex 8 22 6
      vertex 19.4635 22 20.3028
    endloop
  endfacet
  facet normal 0 -1 -0
    outer loop
      vertex 18.4722 22 20.7135
      vertex 8 22 6
      vertex 18.9476 22 20.4593
    endloop
  endfacet
  facet normal 0 -1 -0
    outer loop
      vertex 18.0555 22 21.0555
      vertex 8 22 6
      vertex 18.4722 22 20.7135
    endloop
  endfacet
  facet normal 0 -1 -0
    outer loop
      vertex 17.7135 22 21.4722
      vertex 8 22 6
      vertex 18.0555 22 21.0555
    endloop
  endfacet
  facet normal 0 -1 -0
    outer loop
      vertex 17.4593 22 21.9476
      vertex 8 22 6
      vertex 17.7135 22 21.4722
    endloop
  endfacet
  facet normal 0 -1 0
    outer loop
      vertex 20.5365 22 25.6972
      vertex 32 22 35
      vertex 20 22 25.75
    endloop
  endfacet
  facet normal 0 -1 0
    outer loop
      vertex 21.0524 22 25.5407
      vertex 32 22 35
      vertex 20.5365 22 25.6972
    endloop
  endfacet
  facet normal 0 -1 0
    outer loop
      vertex 21.5278 22 25.2865
      vertex 32 22 35
      vertex 21.0524 22 25.5407
    endloop
  endfacet
  facet normal 0 -1 0
    outer loop
      vertex 21.9445 22 24.9445
      vertex 32 22 35
      vertex 21.5278 22 25.2865
    endloop
  endfacet
  facet normal 0 -1 0
    outer loop
      vertex 22.2865 22 24.5278
      vertex 32 22 35
      vertex 21.9445 22 24.9445
    endloop
  endfacet
  facet normal 0 -1 0
    outer loop
      vertex 22.5407 22 24.0524
      vertex 32 22 35
      vertex 22.2865 22 24.5278
    endloop
  endfacet
  facet normal 0 -1 0
    outer loop
      vertex 22.6972 22 23.5365
      vertex 32 22 35
      vertex 22.5407 22 24.0524
    endloop
  endfacet
  facet normal 0 -1 0
    outer loop
      vertex 22.75 22 23
      vertex 32 22 35
      vertex 22.6972 22 23.5365
    endloop
  endfacet
  facet normal 0 -1 0
    outer loop
      vertex 22.6972 22 22.4635
      vertex 32 22 35
      vertex 22.75 22 23
    endloop
  endfacet
  facet normal 0 -1 0
    outer loop
      vertex 32 22 6
      vertex 22.6972 22 22.4635
      vertex 22.5407 22 21.9476
    endloop
  endfacet
  facet normal 0 -1 0
    outer loop
      vertex 32 22 6
      vertex 22.5407 22 21.9476
      vertex 22.2865 22 21.4722
    endloop
  endfacet
  facet normal 0 -1 0
    outer loop
      vertex 32 22 6
      vertex 20 22 20.25
      vertex 8 22 6
    endloop
  endfacet
  facet normal 0 -1 0
    outer loop
      vertex 20 22 20.25
      vertex 32 22 6
      vertex 20.5365 22 20.3028
    endloop
  endfacet
  facet normal 0 -1 0
    outer loop
      vertex 20.5365 22 20.3028
      vertex 32 22 6
      vertex 21.0524 22 20.4593
    endloop
  endfacet
  facet normal 0 -1 0
    outer loop
      vertex 21.0524 22 20.4593
      vertex 32 22 6
      vertex 21.5278 22 20.7135
    endloop
  endfacet
  facet normal 0 -1 0
    outer loop
      vertex 22.6972 22 22.4635
      vertex 32 22 6
      vertex 32 22 35
    endloop
  endfacet
  facet normal 0 -1 0
    outer loop
      vertex 21.9445 22 21.0555
      vertex 32 22 6
      vertex 22.2865 22 21.4722
    endloop
  endfacet
  facet normal 0 -1 0
    outer loop
      vertex 21.5278 22 20.7135
      vertex 32 22 6
      vertex 21.9445 22 21.0555
    endloop
  endfacet
  facet normal 0 1 0
    outer loop
      vertex 32 32 35
      vertex 20 32 31
      vertex 8 32 35
    endloop
  endfacet
  facet normal 0 1 0
    outer loop
      vertex 32 32 35
      vertex 20.7841 32 30.9615
      vertex 20 32 31
    endloop
  endfacet
  facet normal 0 1 0
    outer loop
      vertex 32 32 35
      vertex 21.5607 32 30.8463
      vertex 20.7841 32 30.9615
    endloop
  endfacet
  facet normal 0 1 0
    outer loop
      vertex 32 32 35
      vertex 22.3223 32 30.6555
      vertex 21.5607 32 30.8463
    endloop
  endfacet
  facet normal 0 1 0
    outer loop
      vertex 32 32 35
      vertex 23.0615 32 30.391
      vertex 22.3223 32 30.6555
    endloop
  endfacet
  facet normal 0 1 0
    outer loop
      vertex 32 32 35
      vertex 23.7712 32 30.0554
      vertex 23.0615 32 30.391
    endloop
  endfacet
  facet normal 0 1 0
    outer loop
      vertex 32 32 35
      vertex 24.4446 32 29.6518
      vertex 23.7712 32 30.0554
    endloop
  endfacet
  facet normal 0 1 0
    outer loop
      vertex 32 32 35
      vertex 25.0751 32 29.1841
      vertex 24.4446 32 29.6518
    endloop
  endfacet
  facet normal 0 1 0
    outer loop
      vertex 32 32 35
      vertex 25.6569 32 28.6569
      vertex 25.0751 32 29.1841
    endloop
  endfacet
  facet normal 0 1 0
    outer loop
      vertex 32 32 35
      vertex 26.1841 32 28.0751
      vertex 25.6569 32 28.6569
    endloop
  endfacet
  facet normal 0 1 0
    outer loop
      vertex 32 32 35
      vertex 26.6518 32 27.4446
      vertex 26.1841 32 28.0751
    endloop
  endfacet
  facet normal 0 1 0
    outer loop
      vertex 32 32 35
      vertex 27.0554 32 26.7712
      vertex 26.6518 32 27.4446
    endloop
  endfacet
  facet normal 0 1 0
    outer loop
      vertex 32 32 35
      vertex 27.391 32 26.0615
      vertex 27.0554 32 26.7712
    endloop
  endfacet
  facet normal 0 1 0
    outer loop
      vertex 32 32 35
      vertex 27.6555 32 25.3223
      vertex 27.391 32 26.0615
    endloop
  endfacet
  facet normal 0 1 0
    outer loop
      vertex 32 32 35
      vertex 27.8463 32 24.5607
      vertex 27.6555 32 25.3223
    endloop
  endfacet
  facet normal 0 1 0
    outer loop
      vertex 32 32 35
      vertex 27.9615 32 23.7841
      vertex 27.8463 32 24.5607
    endloop
  endfacet
  facet normal 0 1 0
    outer loop
      vertex 32 32 35
      vertex 28 32 23
      vertex 27.9615 32 23.7841
    endloop
  endfacet
  facet normal 0 1 0
    outer loop
      vertex 32 32 35
      vertex 27.9615 32 22.2159
      vertex 28 32 23
    endloop
  endfacet
  facet normal 0 1 -0
    outer loop
      vertex 32 32 6
      vertex 27.9615 32 22.2159
      vertex 32 32 35
    endloop
  endfacet
  facet normal 0 1 0
    outer loop
      vertex 27.9615 32 22.2159
      vertex 32 32 6
      vertex 27.8463 32 21.4393
    endloop
  endfacet
  facet normal 0 1 0
    outer loop
      vertex 20.7841 32 15.0385
      vertex 32 32 6
      vertex 20 32 15
    endloop
  endfacet
  facet normal 0 1 0
    outer loop
      vertex 21.5607 32 15.1537
      vertex 32 32 6
      vertex 20.7841 32 15.0385
    endloop
  endfacet
  facet normal 0 1 0
    outer loop
      vertex 22.3223 32 15.3445
      vertex 32 32 6
      vertex 21.5607 32 15.1537
    endloop
  endfacet
  facet normal 0 1 0
    outer loop
      vertex 23.0615 32 15.609
      vertex 32 32 6
      vertex 22.3223 32 15.3445
    endloop
  endfacet
  facet normal 0 1 0
    outer loop
      vertex 23.7712 32 15.9446
      vertex 32 32 6
      vertex 23.0615 32 15.609
    endloop
  endfacet
  facet normal 0 1 0
    outer loop
      vertex 24.4446 32 16.3482
      vertex 32 32 6
      vertex 23.7712 32 15.9446
    endloop
  endfacet
  facet normal 0 1 0
    outer loop
      vertex 25.0751 32 16.8159
      vertex 32 32 6
      vertex 24.4446 32 16.3482
    endloop
  endfacet
  facet normal 0 1 0
    outer loop
      vertex 25.6569 32 17.3431
      vertex 32 32 6
      vertex 25.0751 32 16.8159
    endloop
  endfacet
  facet normal 0 1 0
    outer loop
      vertex 26.1841 32 17.9249
      vertex 32 32 6
      vertex 25.6569 32 17.3431
    endloop
  endfacet
  facet normal 0 1 0
    outer loop
      vertex 26.6518 32 18.5554
      vertex 32 32 6
      vertex 26.1841 32 17.9249
    endloop
  endfacet
  facet normal 0 1 0
    outer loop
      vertex 27.0554 32 19.2288
      vertex 32 32 6
      vertex 26.6518 32 18.5554
    endloop
  endfacet
  facet normal 0 1 0
    outer loop
      vertex 27.391 32 19.9385
      vertex 32 32 6
      vertex 27.0554 32 19.2288
    endloop
  endfacet
  facet normal 0 1 0
    outer loop
      vertex 27.6555 32 20.6777
      vertex 32 32 6
      vertex 27.391 32 19.9385
    endloop
  endfacet
  facet normal 0 1 0
    outer loop
      vertex 27.8463 32 21.4393
      vertex 32 32 6
      vertex 27.6555 32 20.6777
    endloop
  endfacet
  facet normal 0 1 -0
    outer loop
      vertex 19.2159 32 30.9615
      vertex 8 32 35
      vertex 20 32 31
    endloop
  endfacet
  facet normal 0 1 -0
    outer loop
      vertex 18.4393 32 30.8463
      vertex 8 32 35
      vertex 19.2159 32 30.9615
    endloop
  endfacet
  facet normal 0 1 -0
    outer loop
      vertex 17.6777 32 30.6555
      vertex 8 32 35
      vertex 18.4393 32 30.8463
    endloop
  endfacet
  facet normal 0 1 -0
    outer loop
      vertex 16.9385 32 30.391
      vertex 8 32 35
      vertex 17.6777 32 30.6555
    endloop
  endfacet
  facet normal 0 1 -0
    outer loop
      vertex 16.2288 32 30.0554
      vertex 8 32 35
      vertex 16.9385 32 30.391
    endloop
  endfacet
  facet normal 0 1 -0
    outer loop
      vertex 15.5554 32 29.6518
      vertex 8 32 35
      vertex 16.2288 32 30.0554
    endloop
  endfacet
  facet normal 0 1 -0
    outer loop
      vertex 14.9249 32 29.1841
      vertex 8 32 35
      vertex 15.5554 32 29.6518
    endloop
  endfacet
  facet normal 0 1 -0
    outer loop
      vertex 14.3431 32 28.6569
      vertex 8 32 35
      vertex 14.9249 32 29.1841
    endloop
  endfacet
  facet normal 0 1 -0
    outer loop
      vertex 13.8159 32 28.0751
      vertex 8 32 35
      vertex 14.3431 32 28.6569
    endloop
  endfacet
  facet normal 0 1 -0
    outer loop
      vertex 13.3482 32 27.4446
      vertex 8 32 35
      vertex 13.8159 32 28.0751
    endloop
  endfacet
  facet normal 0 1 -0
    outer loop
      vertex 12.9446 32 26.7712
      vertex 8 32 35
      vertex 13.3482 32 27.4446
    endloop
  endfacet
  facet normal 0 1 -0
    outer loop
      vertex 12.609 32 26.0615
      vertex 8 32 35
      vertex 12.9446 32 26.7712
    endloop
  endfacet
  facet normal 0 1 -0
    outer loop
      vertex 12.3445 32 25.3223
      vertex 8 32 35
      vertex 12.609 32 26.0615
    endloop
  endfacet
  facet normal 0 1 -0
    outer loop
      vertex 12.1537 32 24.5607
      vertex 8 32 35
      vertex 12.3445 32 25.3223
    endloop
  endfacet
  facet normal 0 1 -0
    outer loop
      vertex 12.0385 32 23.7841
      vertex 8 32 35
      vertex 12.1537 32 24.5607
    endloop
  endfacet
  facet normal 0 1 -0
    outer loop
      vertex 12 32 23
      vertex 8 32 35
      vertex 12.0385 32 23.7841
    endloop
  endfacet
  facet normal 0 1 0
    outer loop
      vertex 12.0385 32 22.2159
      vertex 8 32 35
      vertex 12 32 23
    endloop
  endfacet
  facet normal 0 1 0
    outer loop
      vertex 8 32 6
      vertex 12.0385 32 22.2159
      vertex 12.1537 32 21.4393
    endloop
  endfacet
  facet normal 0 1 0
    outer loop
      vertex 8 32 6
      vertex 12.1537 32 21.4393
      vertex 12.3445 32 20.6777
    endloop
  endfacet
  facet normal 0 1 0
    outer loop
      vertex 8 32 6
      vertex 20 32 15
      vertex 32 32 6
    endloop
  endfacet
  facet normal 0 1 0
    outer loop
      vertex 20 32 15
      vertex 8 32 6
      vertex 19.2159 32 15.0385
    endloop
  endfacet
  facet normal 0 1 0
    outer loop
      vertex 19.2159 32 15.0385
      vertex 8 32 6
      vertex 18.4393 32 15.1537
    endloop
  endfacet
  facet normal 0 1 0
    outer loop
      vertex 18.4393 32 15.1537
      vertex 8 32 6
      vertex 17.6777 32 15.3445
    endloop
  endfacet
  facet normal 0 1 0
    outer loop
      vertex 17.6777 32 15.3445
      vertex 8 32 6
      vertex 16.9385 32 15.609
    endloop
  endfacet
  facet normal 0 1 0
    outer loop
      vertex 16.9385 32 15.609
      vertex 8 32 6
      vertex 16.2288 32 15.9446
    endloop
  endfacet
  facet normal 0 1 0
    outer loop
      vertex 12.0385 32 22.2159
      vertex 8 32 6
      vertex 8 32 35
    endloop
  endfacet
  facet normal 0 1 0
    outer loop
      vertex 12.609 32 19.9385
      vertex 8 32 6
      vertex 12.3445 32 20.6777
    endloop
  endfacet
  facet normal 0 1 0
    outer loop
      vertex 12.9446 32 19.2288
      vertex 8 32 6
      vertex 12.609 32 19.9385
    endloop
  endfacet
  facet normal 0 1 0
    outer loop
      vertex 13.3482 32 18.5554
      vertex 8 32 6
      vertex 12.9446 32 19.2288
    endloop
  endfacet
  facet normal 0 1 0
    outer loop
      vertex 13.8159 32 17.9249
      vertex 8 32 6
      vertex 13.3482 32 18.5554
    endloop
  endfacet
  facet normal 0 1 0
    outer loop
      vertex 14.3431 32 17.3431
      vertex 8 32 6
      vertex 13.8159 32 17.9249
    endloop
  endfacet
  facet normal 0 1 0
    outer loop
      vertex 14.9249 32 16.8159
      vertex 8 32 6
      vertex 14.3431 32 17.3431
    endloop
  endfacet
  facet normal 0 1 0
    outer loop
      vertex 15.5554 32 16.3482
      vertex 8 32 6
      vertex 14.9249 32 16.8159
    endloop
  endfacet
  facet normal 0 1 0
    outer loop
      vertex 16.2288 32 15.9446
      vertex 8 32 6
      vertex 15.5554 32 16.3482
    endloop
  endfacet
  facet normal -0.67148 0 -0.741023
    outer loop
      vertex 25.0751 26.6 29.1841
      vertex 25.6569 32 28.6569
      vertex 25.6569 26.6 28.6569
    endloop
  endfacet
  facet normal -0.67148 0 -0.741023
    outer loop
      vertex 25.6569 32 28.6569
      vertex 25.0751 26.6 29.1841
      vertex 25.0751 32 29.1841
    endloop
  endfacet
  facet normal 0.336901 0 -0.94154
    outer loop
      vertex 16.9385 26.6 30.391
      vertex 17.6777 32 30.6555
      vertex 17.6777 26.6 30.6555
    endloop
  endfacet
  facet normal 0.336901 0 -0.94154
    outer loop
      vertex 17.6777 32 30.6555
      vertex 16.9385 26.6 30.391
      vertex 16.9385 32 30.391
    endloop
  endfacet
  facet normal 0.90402 0 -0.427489
    outer loop
      vertex 12.9446 26.6 26.7712
      vertex 12.609 32 26.0615
      vertex 12.9446 32 26.7712
    endloop
  endfacet
  facet normal 0.90402 0 -0.427489
    outer loop
      vertex 12.609 32 26.0615
      vertex 12.9446 26.6 26.7712
      vertex 12.609 26.6 26.0615
    endloop
  endfacet
  facet normal -0.90402 0 0.427489
    outer loop
      vertex 27.0554 26.6 19.2288
      vertex 27.391 32 19.9385
      vertex 27.0554 32 19.2288
    endloop
  endfacet
  facet normal -0.90402 0 0.427489
    outer loop
      vertex 27.391 32 19.9385
      vertex 27.0554 26.6 19.2288
      vertex 27.391 26.6 19.9385
    endloop
  endfacet
  facet normal 0.427489 0 0.90402
    outer loop
      vertex 16.2288 32 15.9446
      vertex 16.9385 26.6 15.609
      vertex 16.9385 32 15.609
    endloop
  endfacet
  facet normal 0.427489 0 0.90402
    outer loop
      vertex 16.9385 26.6 15.609
      vertex 16.2288 32 15.9446
      vertex 16.2288 26.6 15.9446
    endloop
  endfacet
  facet normal -0.94154 0 -0.336901
    outer loop
      vertex 27.6555 26.6 25.3223
      vertex 27.391 32 26.0615
      vertex 27.6555 32 25.3223
    endloop
  endfacet
  facet normal -0.94154 -0 -0.336901
    outer loop
      vertex 27.391 32 26.0615
      vertex 27.6555 26.6 25.3223
      vertex 27.391 26.6 26.0615
    endloop
  endfacet
  facet normal -0.989176 0 -0.146733
    outer loop
      vertex 27.9615 26.6 23.7841
      vertex 27.8463 32 24.5607
      vertex 27.9615 32 23.7841
    endloop
  endfacet
  facet normal -0.989176 -0 -0.146733
    outer loop
      vertex 27.8463 32 24.5607
      vertex 27.9615 26.6 23.7841
      vertex 27.8463 26.6 24.5607
    endloop
  endfacet
  facet normal -0.90402 0 -0.427489
    outer loop
      vertex 27.391 26.6 26.0615
      vertex 27.0554 32 26.7712
      vertex 27.391 32 26.0615
    endloop
  endfacet
  facet normal -0.90402 -0 -0.427489
    outer loop
      vertex 27.0554 32 26.7712
      vertex 27.391 26.6 26.0615
      vertex 27.0554 26.6 26.7712
    endloop
  endfacet
  facet normal -0.427489 0 -0.90402
    outer loop
      vertex 23.0615 26.6 30.391
      vertex 23.7712 32 30.0554
      vertex 23.7712 26.6 30.0554
    endloop
  endfacet
  facet normal -0.427489 0 -0.90402
    outer loop
      vertex 23.7712 32 30.0554
      vertex 23.0615 26.6 30.391
      vertex 23.0615 32 30.391
    endloop
  endfacet
  facet normal -0.146733 0 -0.989176
    outer loop
      vertex 20.7841 26.6 30.9615
      vertex 21.5607 32 30.8463
      vertex 21.5607 26.6 30.8463
    endloop
  endfacet
  facet normal -0.146733 0 -0.989176
    outer loop
      vertex 21.5607 32 30.8463
      vertex 20.7841 26.6 30.9615
      vertex 20.7841 32 30.9615
    endloop
  endfacet
  facet normal 0.989176 0 -0.146733
    outer loop
      vertex 12.1537 26.6 24.5607
      vertex 12.0385 32 23.7841
      vertex 12.1537 32 24.5607
    endloop
  endfacet
  facet normal 0.989176 0 -0.146733
    outer loop
      vertex 12.0385 32 23.7841
      vertex 12.1537 26.6 24.5607
      vertex 12.0385 26.6 23.7841
    endloop
  endfacet
  facet normal 0.741023 0 -0.67148
    outer loop
      vertex 14.3431 26.6 28.6569
      vertex 13.8159 32 28.0751
      vertex 14.3431 32 28.6569
    endloop
  endfacet
  facet normal 0.741023 0 -0.67148
    outer loop
      vertex 13.8159 32 28.0751
      vertex 14.3431 26.6 28.6569
      vertex 13.8159 26.6 28.0751
    endloop
  endfacet
  facet normal 0.146733 0 -0.989176
    outer loop
      vertex 18.4393 26.6 30.8463
      vertex 19.2159 32 30.9615
      vertex 19.2159 26.6 30.9615
    endloop
  endfacet
  facet normal 0.146733 0 -0.989176
    outer loop
      vertex 19.2159 32 30.9615
      vertex 18.4393 26.6 30.8463
      vertex 18.4393 32 30.8463
    endloop
  endfacet
  facet normal -0.998797 0 0.0490418
    outer loop
      vertex 27.9615 26.6 22.2159
      vertex 28 32 23
      vertex 27.9615 32 22.2159
    endloop
  endfacet
  facet normal -0.998797 0 0.0490418
    outer loop
      vertex 28 32 23
      vertex 27.9615 26.6 22.2159
      vertex 28 26.6 23
    endloop
  endfacet
  facet normal -0.741023 0 0.67148
    outer loop
      vertex 25.6569 26.6 17.3431
      vertex 26.1841 32 17.9249
      vertex 25.6569 32 17.3431
    endloop
  endfacet
  facet normal -0.741023 0 0.67148
    outer loop
      vertex 26.1841 32 17.9249
      vertex 25.6569 26.6 17.3431
      vertex 26.1841 26.6 17.9249
    endloop
  endfacet
  facet normal 0.146733 0 0.989176
    outer loop
      vertex 18.4393 32 15.1537
      vertex 19.2159 26.6 15.0385
      vertex 19.2159 32 15.0385
    endloop
  endfacet
  facet normal 0.146733 0 0.989176
    outer loop
      vertex 19.2159 26.6 15.0385
      vertex 18.4393 32 15.1537
      vertex 18.4393 26.6 15.1537
    endloop
  endfacet
  facet normal 0.67148 0 0.741023
    outer loop
      vertex 14.3431 32 17.3431
      vertex 14.9249 26.6 16.8159
      vertex 14.9249 32 16.8159
    endloop
  endfacet
  facet normal 0.67148 0 0.741023
    outer loop
      vertex 14.9249 26.6 16.8159
      vertex 14.3431 32 17.3431
      vertex 14.3431 26.6 17.3431
    endloop
  endfacet
  facet normal 0.998797 -0 0.0490418
    outer loop
      vertex 12 26.6 23
      vertex 12.0385 32 22.2159
      vertex 12 32 23
    endloop
  endfacet
  facet normal 0.998797 0 0.0490418
    outer loop
      vertex 12.0385 32 22.2159
      vertex 12 26.6 23
      vertex 12.0385 26.6 22.2159
    endloop
  endfacet
  facet normal 0.803153 -0 0.595773
    outer loop
      vertex 13.3482 26.6 18.5554
      vertex 13.8159 32 17.9249
      vertex 13.3482 32 18.5554
    endloop
  endfacet
  facet normal 0.803153 0 0.595773
    outer loop
      vertex 13.8159 32 17.9249
      vertex 13.3482 26.6 18.5554
      vertex 13.8159 26.6 17.9249
    endloop
  endfacet
  facet normal -0.970023 0 -0.243015
    outer loop
      vertex 27.8463 26.6 24.5607
      vertex 27.6555 32 25.3223
      vertex 27.8463 32 24.5607
    endloop
  endfacet
  facet normal -0.970023 -0 -0.243015
    outer loop
      vertex 27.6555 32 25.3223
      vertex 27.8463 26.6 24.5607
      vertex 27.6555 26.6 25.3223
    endloop
  endfacet
  facet normal -0.803153 0 -0.595773
    outer loop
      vertex 26.6518 26.6 27.4446
      vertex 26.1841 32 28.0751
      vertex 26.6518 32 27.4446
    endloop
  endfacet
  facet normal -0.803153 -0 -0.595773
    outer loop
      vertex 26.1841 32 28.0751
      vertex 26.6518 26.6 27.4446
      vertex 26.1841 26.6 28.0751
    endloop
  endfacet
  facet normal -0.85774 0 -0.514084
    outer loop
      vertex 27.0554 26.6 26.7712
      vertex 26.6518 32 27.4446
      vertex 27.0554 32 26.7712
    endloop
  endfacet
  facet normal -0.85774 -0 -0.514084
    outer loop
      vertex 26.6518 32 27.4446
      vertex 27.0554 26.6 26.7712
      vertex 26.6518 26.6 27.4446
    endloop
  endfacet
  facet normal -0.741023 0 -0.67148
    outer loop
      vertex 26.1841 26.6 28.0751
      vertex 25.6569 32 28.6569
      vertex 26.1841 32 28.0751
    endloop
  endfacet
  facet normal -0.741023 -0 -0.67148
    outer loop
      vertex 25.6569 32 28.6569
      vertex 26.1841 26.6 28.0751
      vertex 25.6569 26.6 28.6569
    endloop
  endfacet
  facet normal -0.595773 0 -0.803153
    outer loop
      vertex 24.4446 26.6 29.6518
      vertex 25.0751 32 29.1841
      vertex 25.0751 26.6 29.1841
    endloop
  endfacet
  facet normal -0.595773 0 -0.803153
    outer loop
      vertex 25.0751 32 29.1841
      vertex 24.4446 26.6 29.6518
      vertex 24.4446 32 29.6518
    endloop
  endfacet
  facet normal -0.0490418 0 -0.998797
    outer loop
      vertex 20 26.6 31
      vertex 20.7841 32 30.9615
      vertex 20.7841 26.6 30.9615
    endloop
  endfacet
  facet normal -0.0490418 0 -0.998797
    outer loop
      vertex 20.7841 32 30.9615
      vertex 20 26.6 31
      vertex 20 32 31
    endloop
  endfacet
  facet normal -0.514084 0 -0.85774
    outer loop
      vertex 23.7712 26.6 30.0554
      vertex 24.4446 32 29.6518
      vertex 24.4446 26.6 29.6518
    endloop
  endfacet
  facet normal -0.514084 0 -0.85774
    outer loop
      vertex 24.4446 32 29.6518
      vertex 23.7712 26.6 30.0554
      vertex 23.7712 32 30.0554
    endloop
  endfacet
  facet normal -0.336901 0 -0.94154
    outer loop
      vertex 22.3223 26.6 30.6555
      vertex 23.0615 32 30.391
      vertex 23.0615 26.6 30.391
    endloop
  endfacet
  facet normal -0.336901 0 -0.94154
    outer loop
      vertex 23.0615 32 30.391
      vertex 22.3223 26.6 30.6555
      vertex 22.3223 32 30.6555
    endloop
  endfacet
  facet normal -0.243015 0 -0.970023
    outer loop
      vertex 21.5607 26.6 30.8463
      vertex 22.3223 32 30.6555
      vertex 22.3223 26.6 30.6555
    endloop
  endfacet
  facet normal -0.243015 0 -0.970023
    outer loop
      vertex 22.3223 32 30.6555
      vertex 21.5607 26.6 30.8463
      vertex 21.5607 32 30.8463
    endloop
  endfacet
  facet normal 0.998797 0 -0.0490418
    outer loop
      vertex 12.0385 26.6 23.7841
      vertex 12 32 23
      vertex 12.0385 32 23.7841
    endloop
  endfacet
  facet normal 0.998797 0 -0.0490418
    outer loop
      vertex 12 32 23
      vertex 12.0385 26.6 23.7841
      vertex 12 26.6 23
    endloop
  endfacet
  facet normal 0 1 0
    outer loop
      vertex 20 26.6 25.75
      vertex 20 26.6 31
      vertex 20.7841 26.6 30.9615
    endloop
  endfacet
  facet normal 0 1 0
    outer loop
      vertex 20.5365 26.6 25.6972
      vertex 20.7841 26.6 30.9615
      vertex 21.5607 26.6 30.8463
    endloop
  endfacet
  facet normal 0 1 0
    outer loop
      vertex 20 26.6 31
      vertex 20 26.6 25.75
      vertex 19.2159 26.6 30.9615
    endloop
  endfacet
  facet normal 0 1 0
    outer loop
      vertex 20.5365 26.6 25.6972
      vertex 21.5607 26.6 30.8463
      vertex 22.3223 26.6 30.6555
    endloop
  endfacet
  facet normal 0 1 -0
    outer loop
      vertex 19.4635 26.6 25.6972
      vertex 19.2159 26.6 30.9615
      vertex 20 26.6 25.75
    endloop
  endfacet
  facet normal 0 1 0
    outer loop
      vertex 21.0524 26.6 25.5407
      vertex 22.3223 26.6 30.6555
      vertex 23.0615 26.6 30.391
    endloop
  endfacet
  facet normal 0 1 0
    outer loop
      vertex 19.2159 26.6 30.9615
      vertex 19.4635 26.6 25.6972
      vertex 18.4393 26.6 30.8463
    endloop
  endfacet
  facet normal 0 1 0
    outer loop
      vertex 21.0524 26.6 25.5407
      vertex 23.0615 26.6 30.391
      vertex 23.7712 26.6 30.0554
    endloop
  endfacet
  facet normal 0 1 0
    outer loop
      vertex 18.4393 26.6 30.8463
      vertex 19.4635 26.6 25.6972
      vertex 17.6777 26.6 30.6555
    endloop
  endfacet
  facet normal 0 1 0
    outer loop
      vertex 21.5278 26.6 25.2865
      vertex 23.7712 26.6 30.0554
      vertex 24.4446 26.6 29.6518
    endloop
  endfacet
  facet normal 0 1 -0
    outer loop
      vertex 18.9476 26.6 25.5407
      vertex 17.6777 26.6 30.6555
      vertex 19.4635 26.6 25.6972
    endloop
  endfacet
  facet normal 0 1 0
    outer loop
      vertex 21.5278 26.6 25.2865
      vertex 24.4446 26.6 29.6518
      vertex 25.0751 26.6 29.1841
    endloop
  endfacet
  facet normal 0 1 0
    outer loop
      vertex 17.6777 26.6 30.6555
      vertex 18.9476 26.6 25.5407
      vertex 16.9385 26.6 30.391
    endloop
  endfacet
  facet normal 0 1 0
    outer loop
      vertex 21.9445 26.6 24.9445
      vertex 25.0751 26.6 29.1841
      vertex 25.6569 26.6 28.6569
    endloop
  endfacet
  facet normal 0 1 0
    outer loop
      vertex 16.9385 26.6 30.391
      vertex 18.9476 26.6 25.5407
      vertex 16.2288 26.6 30.0554
    endloop
  endfacet
  facet normal 0 1 0
    outer loop
      vertex 21.9445 26.6 24.9445
      vertex 25.6569 26.6 28.6569
      vertex 26.1841 26.6 28.0751
    endloop
  endfacet
  facet normal 0 1 -0
    outer loop
      vertex 18.4722 26.6 25.2865
      vertex 16.2288 26.6 30.0554
      vertex 18.9476 26.6 25.5407
    endloop
  endfacet
  facet normal 0 1 0
    outer loop
      vertex 22.2865 26.6 24.5278
      vertex 26.1841 26.6 28.0751
      vertex 26.6518 26.6 27.4446
    endloop
  endfacet
  facet normal 0 1 0
    outer loop
      vertex 16.2288 26.6 30.0554
      vertex 18.4722 26.6 25.2865
      vertex 15.5554 26.6 29.6518
    endloop
  endfacet
  facet normal 0 1 0
    outer loop
      vertex 22.2865 26.6 24.5278
      vertex 26.6518 26.6 27.4446
      vertex 27.0554 26.6 26.7712
    endloop
  endfacet
  facet normal 0 1 0
    outer loop
      vertex 15.5554 26.6 29.6518
      vertex 18.4722 26.6 25.2865
      vertex 14.9249 26.6 29.1841
    endloop
  endfacet
  facet normal 0 1 0
    outer loop
      vertex 22.5407 26.6 24.0524
      vertex 27.0554 26.6 26.7712
      vertex 27.391 26.6 26.0615
    endloop
  endfacet
  facet normal 0 1 -0
    outer loop
      vertex 18.0555 26.6 24.9445
      vertex 14.9249 26.6 29.1841
      vertex 18.4722 26.6 25.2865
    endloop
  endfacet
  facet normal 0 1 0
    outer loop
      vertex 14.9249 26.6 29.1841
      vertex 18.0555 26.6 24.9445
      vertex 14.3431 26.6 28.6569
    endloop
  endfacet
  facet normal 0 1 0
    outer loop
      vertex 20.7841 26.6 30.9615
      vertex 20.5365 26.6 25.6972
      vertex 20 26.6 25.75
    endloop
  endfacet
  facet normal 0 1 0
    outer loop
      vertex 22.3223 26.6 30.6555
      vertex 21.0524 26.6 25.5407
      vertex 20.5365 26.6 25.6972
    endloop
  endfacet
  facet normal 0 1 0
    outer loop
      vertex 22.5407 26.6 24.0524
      vertex 27.391 26.6 26.0615
      vertex 27.6555 26.6 25.3223
    endloop
  endfacet
  facet normal 0 1 0
    outer loop
      vertex 23.7712 26.6 30.0554
      vertex 21.5278 26.6 25.2865
      vertex 21.0524 26.6 25.5407
    endloop
  endfacet
  facet normal 0 1 0
    outer loop
      vertex 25.0751 26.6 29.1841
      vertex 21.9445 26.6 24.9445
      vertex 21.5278 26.6 25.2865
    endloop
  endfacet
  facet normal 0 1 0
    outer loop
      vertex 22.6972 26.6 23.5365
      vertex 27.6555 26.6 25.3223
      vertex 27.8463 26.6 24.5607
    endloop
  endfacet
  facet normal 0 1 0
    outer loop
      vertex 26.1841 26.6 28.0751
      vertex 22.2865 26.6 24.5278
      vertex 21.9445 26.6 24.9445
    endloop
  endfacet
  facet normal 0 1 0
    outer loop
      vertex 27.0554 26.6 26.7712
      vertex 22.5407 26.6 24.0524
      vertex 22.2865 26.6 24.5278
    endloop
  endfacet
  facet normal 0 1 0
    outer loop
      vertex 22.6972 26.6 23.5365
      vertex 27.8463 26.6 24.5607
      vertex 27.9615 26.6 23.7841
    endloop
  endfacet
  facet normal 0 1 0
    outer loop
      vertex 27.6555 26.6 25.3223
      vertex 22.6972 26.6 23.5365
      vertex 22.5407 26.6 24.0524
    endloop
  endfacet
  facet normal 0 1 0
    outer loop
      vertex 22.75 26.6 23
      vertex 27.9615 26.6 23.7841
      vertex 28 26.6 23
    endloop
  endfacet
  facet normal 0 1 0
    outer loop
      vertex 27.9615 26.6 23.7841
      vertex 22.75 26.6 23
      vertex 22.6972 26.6 23.5365
    endloop
  endfacet
  facet normal 0 1 -0
    outer loop
      vertex 27.9615 26.6 22.2159
      vertex 22.75 26.6 23
      vertex 28 26.6 23
    endloop
  endfacet
  facet normal 0 1 0
    outer loop
      vertex 22.75 26.6 23
      vertex 27.9615 26.6 22.2159
      vertex 22.6972 26.6 22.4635
    endloop
  endfacet
  facet normal 0 1 -0
    outer loop
      vertex 27.8463 26.6 21.4393
      vertex 22.6972 26.6 22.4635
      vertex 27.9615 26.6 22.2159
    endloop
  endfacet
  facet normal 0 1 -0
    outer loop
      vertex 27.6555 26.6 20.6777
      vertex 22.6972 26.6 22.4635
      vertex 27.8463 26.6 21.4393
    endloop
  endfacet
  facet normal 0 1 0
    outer loop
      vertex 22.6972 26.6 22.4635
      vertex 27.6555 26.6 20.6777
      vertex 22.5407 26.6 21.9476
    endloop
  endfacet
  facet normal 0 1 -0
    outer loop
      vertex 27.391 26.6 19.9385
      vertex 22.5407 26.6 21.9476
      vertex 27.6555 26.6 20.6777
    endloop
  endfacet
  facet normal 0 1 -0
    outer loop
      vertex 27.0554 26.6 19.2288
      vertex 22.5407 26.6 21.9476
      vertex 27.391 26.6 19.9385
    endloop
  endfacet
  facet normal 0 1 0
    outer loop
      vertex 22.5407 26.6 21.9476
      vertex 27.0554 26.6 19.2288
      vertex 22.2865 26.6 21.4722
    endloop
  endfacet
  facet normal 0 1 -0
    outer loop
      vertex 26.6518 26.6 18.5554
      vertex 22.2865 26.6 21.4722
      vertex 27.0554 26.6 19.2288
    endloop
  endfacet
  facet normal 0 1 -0
    outer loop
      vertex 26.1841 26.6 17.9249
      vertex 22.2865 26.6 21.4722
      vertex 26.6518 26.6 18.5554
    endloop
  endfacet
  facet normal 0 1 0
    outer loop
      vertex 22.2865 26.6 21.4722
      vertex 26.1841 26.6 17.9249
      vertex 21.9445 26.6 21.0555
    endloop
  endfacet
  facet normal 0 1 -0
    outer loop
      vertex 25.6569 26.6 17.3431
      vertex 21.9445 26.6 21.0555
      vertex 26.1841 26.6 17.9249
    endloop
  endfacet
  facet normal 0 1 0
    outer loop
      vertex 14.3431 26.6 28.6569
      vertex 18.0555 26.6 24.9445
      vertex 13.8159 26.6 28.0751
    endloop
  endfacet
  facet normal 0 1 -0
    outer loop
      vertex 17.7135 26.6 24.5278
      vertex 13.8159 26.6 28.0751
      vertex 18.0555 26.6 24.9445
    endloop
  endfacet
  facet normal 0 1 0
    outer loop
      vertex 13.8159 26.6 28.0751
      vertex 17.7135 26.6 24.5278
      vertex 13.3482 26.6 27.4446
    endloop
  endfacet
  facet normal 0 1 0
    outer loop
      vertex 13.3482 26.6 27.4446
      vertex 17.7135 26.6 24.5278
      vertex 12.9446 26.6 26.7712
    endloop
  endfacet
  facet normal 0 1 -0
    outer loop
      vertex 17.4593 26.6 24.0524
      vertex 12.9446 26.6 26.7712
      vertex 17.7135 26.6 24.5278
    endloop
  endfacet
  facet normal 0 1 0
    outer loop
      vertex 12.9446 26.6 26.7712
      vertex 17.4593 26.6 24.0524
      vertex 12.609 26.6 26.0615
    endloop
  endfacet
  facet normal 0 1 0
    outer loop
      vertex 12.609 26.6 26.0615
      vertex 17.4593 26.6 24.0524
      vertex 12.3445 26.6 25.3223
    endloop
  endfacet
  facet normal 0 1 -0
    outer loop
      vertex 17.3028 26.6 23.5365
      vertex 12.3445 26.6 25.3223
      vertex 17.4593 26.6 24.0524
    endloop
  endfacet
  facet normal 0 1 0
    outer loop
      vertex 12.3445 26.6 25.3223
      vertex 17.3028 26.6 23.5365
      vertex 12.1537 26.6 24.5607
    endloop
  endfacet
  facet normal 0 1 0
    outer loop
      vertex 12.1537 26.6 24.5607
      vertex 17.3028 26.6 23.5365
      vertex 12.0385 26.6 23.7841
    endloop
  endfacet
  facet normal 0 1 -0
    outer loop
      vertex 17.25 26.6 23
      vertex 12.0385 26.6 23.7841
      vertex 17.3028 26.6 23.5365
    endloop
  endfacet
  facet normal 0 1 0
    outer loop
      vertex 17.25 26.6 23
      vertex 12 26.6 23
      vertex 12.0385 26.6 23.7841
    endloop
  endfacet
  facet normal 0 1 0
    outer loop
      vertex 12.0385 26.6 22.2159
      vertex 17.25 26.6 23
      vertex 17.3028 26.6 22.4635
    endloop
  endfacet
  facet normal 0 1 0
    outer loop
      vertex 17.25 26.6 23
      vertex 12.0385 26.6 22.2159
      vertex 12 26.6 23
    endloop
  endfacet
  facet normal 0 1 0
    outer loop
      vertex 12.3445 26.6 20.6777
      vertex 17.3028 26.6 22.4635
      vertex 17.4593 26.6 21.9476
    endloop
  endfacet
  facet normal 0 1 0
    outer loop
      vertex 12.9446 26.6 19.2288
      vertex 17.4593 26.6 21.9476
      vertex 17.7135 26.6 21.4722
    endloop
  endfacet
  facet normal 0 1 0
    outer loop
      vertex 17.3028 26.6 22.4635
      vertex 12.1537 26.6 21.4393
      vertex 12.0385 26.6 22.2159
    endloop
  endfacet
  facet normal 0 1 0
    outer loop
      vertex 13.8159 26.6 17.9249
      vertex 17.7135 26.6 21.4722
      vertex 18.0555 26.6 21.0555
    endloop
  endfacet
  facet normal 0 1 0
    outer loop
      vertex 14.9249 26.6 16.8159
      vertex 18.0555 26.6 21.0555
      vertex 18.4722 26.6 20.7135
    endloop
  endfacet
  facet normal 0 1 0
    outer loop
      vertex 17.3028 26.6 22.4635
      vertex 12.3445 26.6 20.6777
      vertex 12.1537 26.6 21.4393
    endloop
  endfacet
  facet normal 0 1 0
    outer loop
      vertex 16.2288 26.6 15.9446
      vertex 18.4722 26.6 20.7135
      vertex 18.9476 26.6 20.4593
    endloop
  endfacet
  facet normal 0 1 0
    outer loop
      vertex 17.6777 26.6 15.3445
      vertex 18.9476 26.6 20.4593
      vertex 19.4635 26.6 20.3028
    endloop
  endfacet
  facet normal 0 1 0
    outer loop
      vertex 19.2159 26.6 15.0385
      vertex 19.4635 26.6 20.3028
      vertex 20 26.6 20.25
    endloop
  endfacet
  facet normal 0 1 0
    outer loop
      vertex 17.4593 26.6 21.9476
      vertex 12.609 26.6 19.9385
      vertex 12.3445 26.6 20.6777
    endloop
  endfacet
  facet normal 0 1 -0
    outer loop
      vertex 25.0751 26.6 16.8159
      vertex 21.9445 26.6 21.0555
      vertex 25.6569 26.6 17.3431
    endloop
  endfacet
  facet normal 0 1 0
    outer loop
      vertex 21.9445 26.6 21.0555
      vertex 25.0751 26.6 16.8159
      vertex 21.5278 26.6 20.7135
    endloop
  endfacet
  facet normal 0 1 0
    outer loop
      vertex 17.4593 26.6 21.9476
      vertex 12.9446 26.6 19.2288
      vertex 12.609 26.6 19.9385
    endloop
  endfacet
  facet normal 0 1 -0
    outer loop
      vertex 24.4446 26.6 16.3482
      vertex 21.5278 26.6 20.7135
      vertex 25.0751 26.6 16.8159
    endloop
  endfacet
  facet normal 0 1 0
    outer loop
      vertex 17.7135 26.6 21.4722
      vertex 13.3482 26.6 18.5554
      vertex 12.9446 26.6 19.2288
    endloop
  endfacet
  facet normal 0 1 -0
    outer loop
      vertex 23.7712 26.6 15.9446
      vertex 21.5278 26.6 20.7135
      vertex 24.4446 26.6 16.3482
    endloop
  endfacet
  facet normal 0 1 0
    outer loop
      vertex 17.7135 26.6 21.4722
      vertex 13.8159 26.6 17.9249
      vertex 13.3482 26.6 18.5554
    endloop
  endfacet
  facet normal 0 1 0
    outer loop
      vertex 21.5278 26.6 20.7135
      vertex 23.7712 26.6 15.9446
      vertex 21.0524 26.6 20.4593
    endloop
  endfacet
  facet normal 0 1 0
    outer loop
      vertex 18.0555 26.6 21.0555
      vertex 14.3431 26.6 17.3431
      vertex 13.8159 26.6 17.9249
    endloop
  endfacet
  facet normal 0 1 -0
    outer loop
      vertex 23.0615 26.6 15.609
      vertex 21.0524 26.6 20.4593
      vertex 23.7712 26.6 15.9446
    endloop
  endfacet
  facet normal 0 1 0
    outer loop
      vertex 18.0555 26.6 21.0555
      vertex 14.9249 26.6 16.8159
      vertex 14.3431 26.6 17.3431
    endloop
  endfacet
  facet normal 0 1 -0
    outer loop
      vertex 22.3223 26.6 15.3445
      vertex 21.0524 26.6 20.4593
      vertex 23.0615 26.6 15.609
    endloop
  endfacet
  facet normal 0 1 0
    outer loop
      vertex 18.4722 26.6 20.7135
      vertex 15.5554 26.6 16.3482
      vertex 14.9249 26.6 16.8159
    endloop
  endfacet
  facet normal 0 1 0
    outer loop
      vertex 21.0524 26.6 20.4593
      vertex 22.3223 26.6 15.3445
      vertex 20.5365 26.6 20.3028
    endloop
  endfacet
  facet normal 0 1 0
    outer loop
      vertex 18.4722 26.6 20.7135
      vertex 16.2288 26.6 15.9446
      vertex 15.5554 26.6 16.3482
    endloop
  endfacet
  facet normal 0 1 -0
    outer loop
      vertex 21.5607 26.6 15.1537
      vertex 20.5365 26.6 20.3028
      vertex 22.3223 26.6 15.3445
    endloop
  endfacet
  facet normal 0 1 0
    outer loop
      vertex 18.9476 26.6 20.4593
      vertex 16.9385 26.6 15.609
      vertex 16.2288 26.6 15.9446
    endloop
  endfacet
  facet normal 0 1 -0
    outer loop
      vertex 20.7841 26.6 15.0385
      vertex 20.5365 26.6 20.3028
      vertex 21.5607 26.6 15.1537
    endloop
  endfacet
  facet normal 0 1 0
    outer loop
      vertex 18.9476 26.6 20.4593
      vertex 17.6777 26.6 15.3445
      vertex 16.9385 26.6 15.609
    endloop
  endfacet
  facet normal 0 1 0
    outer loop
      vertex 20.5365 26.6 20.3028
      vertex 20.7841 26.6 15.0385
      vertex 20 26.6 20.25
    endloop
  endfacet
  facet normal 0 1 0
    outer loop
      vertex 19.4635 26.6 20.3028
      vertex 18.4393 26.6 15.1537
      vertex 17.6777 26.6 15.3445
    endloop
  endfacet
  facet normal 0 1 0
    outer loop
      vertex 20 26.6 15
      vertex 20 26.6 20.25
      vertex 20.7841 26.6 15.0385
    endloop
  endfacet
  facet normal 0 1 0
    outer loop
      vertex 19.4635 26.6 20.3028
      vertex 19.2159 26.6 15.0385
      vertex 18.4393 26.6 15.1537
    endloop
  endfacet
  facet normal 0 1 0
    outer loop
      vertex 20 26.6 20.25
      vertex 20 26.6 15
      vertex 19.2159 26.6 15.0385
    endloop
  endfacet
  facet normal 0.94154 0 -0.336901
    outer loop
      vertex 12.609 26.6 26.0615
      vertex 12.3445 32 25.3223
      vertex 12.609 32 26.0615
    endloop
  endfacet
  facet normal 0.94154 0 -0.336901
    outer loop
      vertex 12.3445 32 25.3223
      vertex 12.609 26.6 26.0615
      vertex 12.3445 26.6 25.3223
    endloop
  endfacet
  facet normal 0.970023 0 -0.243015
    outer loop
      vertex 12.3445 26.6 25.3223
      vertex 12.1537 32 24.5607
      vertex 12.3445 32 25.3223
    endloop
  endfacet
  facet normal 0.970023 0 -0.243015
    outer loop
      vertex 12.1537 32 24.5607
      vertex 12.3445 26.6 25.3223
      vertex 12.1537 26.6 24.5607
    endloop
  endfacet
  facet normal 0.85774 0 -0.514084
    outer loop
      vertex 13.3482 26.6 27.4446
      vertex 12.9446 32 26.7712
      vertex 13.3482 32 27.4446
    endloop
  endfacet
  facet normal 0.85774 0 -0.514084
    outer loop
      vertex 12.9446 32 26.7712
      vertex 13.3482 26.6 27.4446
      vertex 12.9446 26.6 26.7712
    endloop
  endfacet
  facet normal 0.803153 0 -0.595773
    outer loop
      vertex 13.8159 26.6 28.0751
      vertex 13.3482 32 27.4446
      vertex 13.8159 32 28.0751
    endloop
  endfacet
  facet normal 0.803153 0 -0.595773
    outer loop
      vertex 13.3482 32 27.4446
      vertex 13.8159 26.6 28.0751
      vertex 13.3482 26.6 27.4446
    endloop
  endfacet
  facet normal 0.243015 0 -0.970023
    outer loop
      vertex 17.6777 26.6 30.6555
      vertex 18.4393 32 30.8463
      vertex 18.4393 26.6 30.8463
    endloop
  endfacet
  facet normal 0.243015 0 -0.970023
    outer loop
      vertex 18.4393 32 30.8463
      vertex 17.6777 26.6 30.6555
      vertex 17.6777 32 30.6555
    endloop
  endfacet
  facet normal 0.0490418 0 -0.998797
    outer loop
      vertex 19.2159 26.6 30.9615
      vertex 20 32 31
      vertex 20 26.6 31
    endloop
  endfacet
  facet normal 0.0490418 0 -0.998797
    outer loop
      vertex 20 32 31
      vertex 19.2159 26.6 30.9615
      vertex 19.2159 32 30.9615
    endloop
  endfacet
  facet normal 0.514084 0 -0.85774
    outer loop
      vertex 15.5554 26.6 29.6518
      vertex 16.2288 32 30.0554
      vertex 16.2288 26.6 30.0554
    endloop
  endfacet
  facet normal 0.514084 0 -0.85774
    outer loop
      vertex 16.2288 32 30.0554
      vertex 15.5554 26.6 29.6518
      vertex 15.5554 32 29.6518
    endloop
  endfacet
  facet normal 0.595773 0 -0.803153
    outer loop
      vertex 14.9249 26.6 29.1841
      vertex 15.5554 32 29.6518
      vertex 15.5554 26.6 29.6518
    endloop
  endfacet
  facet normal 0.595773 0 -0.803153
    outer loop
      vertex 15.5554 32 29.6518
      vertex 14.9249 26.6 29.1841
      vertex 14.9249 32 29.1841
    endloop
  endfacet
  facet normal 0.427489 0 -0.90402
    outer loop
      vertex 16.2288 26.6 30.0554
      vertex 16.9385 32 30.391
      vertex 16.9385 26.6 30.391
    endloop
  endfacet
  facet normal 0.427489 0 -0.90402
    outer loop
      vertex 16.9385 32 30.391
      vertex 16.2288 26.6 30.0554
      vertex 16.2288 32 30.0554
    endloop
  endfacet
  facet normal 0.67148 0 -0.741023
    outer loop
      vertex 14.3431 26.6 28.6569
      vertex 14.9249 32 29.1841
      vertex 14.9249 26.6 29.1841
    endloop
  endfacet
  facet normal 0.67148 0 -0.741023
    outer loop
      vertex 14.9249 32 29.1841
      vertex 14.3431 26.6 28.6569
      vertex 14.3431 32 28.6569
    endloop
  endfacet
  facet normal -0.998797 0 -0.0490418
    outer loop
      vertex 28 26.6 23
      vertex 27.9615 32 23.7841
      vertex 28 32 23
    endloop
  endfacet
  facet normal -0.998797 -0 -0.0490418
    outer loop
      vertex 27.9615 32 23.7841
      vertex 28 26.6 23
      vertex 27.9615 26.6 23.7841
    endloop
  endfacet
  facet normal -0.0490418 0 0.998797
    outer loop
      vertex 20 32 15
      vertex 20.7841 26.6 15.0385
      vertex 20.7841 32 15.0385
    endloop
  endfacet
  facet normal -0.0490418 0 0.998797
    outer loop
      vertex 20.7841 26.6 15.0385
      vertex 20 32 15
      vertex 20 26.6 15
    endloop
  endfacet
  facet normal -0.243015 0 0.970023
    outer loop
      vertex 21.5607 32 15.1537
      vertex 22.3223 26.6 15.3445
      vertex 22.3223 32 15.3445
    endloop
  endfacet
  facet normal -0.243015 0 0.970023
    outer loop
      vertex 22.3223 26.6 15.3445
      vertex 21.5607 32 15.1537
      vertex 21.5607 26.6 15.1537
    endloop
  endfacet
  facet normal -0.595773 0 0.803153
    outer loop
      vertex 24.4446 32 16.3482
      vertex 25.0751 26.6 16.8159
      vertex 25.0751 32 16.8159
    endloop
  endfacet
  facet normal -0.595773 0 0.803153
    outer loop
      vertex 25.0751 26.6 16.8159
      vertex 24.4446 32 16.3482
      vertex 24.4446 26.6 16.3482
    endloop
  endfacet
  facet normal -0.427489 0 0.90402
    outer loop
      vertex 23.0615 32 15.609
      vertex 23.7712 26.6 15.9446
      vertex 23.7712 32 15.9446
    endloop
  endfacet
  facet normal -0.427489 0 0.90402
    outer loop
      vertex 23.7712 26.6 15.9446
      vertex 23.0615 32 15.609
      vertex 23.0615 26.6 15.609
    endloop
  endfacet
  facet normal -0.85774 0 0.514084
    outer loop
      vertex 26.6518 26.6 18.5554
      vertex 27.0554 32 19.2288
      vertex 26.6518 32 18.5554
    endloop
  endfacet
  facet normal -0.85774 0 0.514084
    outer loop
      vertex 27.0554 32 19.2288
      vertex 26.6518 26.6 18.5554
      vertex 27.0554 26.6 19.2288
    endloop
  endfacet
  facet normal 0.336901 0 0.94154
    outer loop
      vertex 16.9385 32 15.609
      vertex 17.6777 26.6 15.3445
      vertex 17.6777 32 15.3445
    endloop
  endfacet
  facet normal 0.336901 0 0.94154
    outer loop
      vertex 17.6777 26.6 15.3445
      vertex 16.9385 32 15.609
      vertex 16.9385 26.6 15.609
    endloop
  endfacet
  facet normal 0.514084 0 0.85774
    outer loop
      vertex 15.5554 32 16.3482
      vertex 16.2288 26.6 15.9446
      vertex 16.2288 32 15.9446
    endloop
  endfacet
  facet normal 0.514084 0 0.85774
    outer loop
      vertex 16.2288 26.6 15.9446
      vertex 15.5554 32 16.3482
      vertex 15.5554 26.6 16.3482
    endloop
  endfacet
  facet normal 0.970023 -0 0.243015
    outer loop
      vertex 12.1537 26.6 21.4393
      vertex 12.3445 32 20.6777
      vertex 12.1537 32 21.4393
    endloop
  endfacet
  facet normal 0.970023 0 0.243015
    outer loop
      vertex 12.3445 32 20.6777
      vertex 12.1537 26.6 21.4393
      vertex 12.3445 26.6 20.6777
    endloop
  endfacet
  facet normal 0.989176 -0 0.146733
    outer loop
      vertex 12.0385 26.6 22.2159
      vertex 12.1537 32 21.4393
      vertex 12.0385 32 22.2159
    endloop
  endfacet
  facet normal 0.989176 0 0.146733
    outer loop
      vertex 12.1537 32 21.4393
      vertex 12.0385 26.6 22.2159
      vertex 12.1537 26.6 21.4393
    endloop
  endfacet
  facet normal 0.90402 -0 0.427489
    outer loop
      vertex 12.609 26.6 19.9385
      vertex 12.9446 32 19.2288
      vertex 12.609 32 19.9385
    endloop
  endfacet
  facet normal 0.90402 0 0.427489
    outer loop
      vertex 12.9446 32 19.2288
      vertex 12.609 26.6 19.9385
      vertex 12.9446 26.6 19.2288
    endloop
  endfacet
  facet normal -0.970023 0 0.243015
    outer loop
      vertex 27.6555 26.6 20.6777
      vertex 27.8463 32 21.4393
      vertex 27.6555 32 20.6777
    endloop
  endfacet
  facet normal -0.970023 0 0.243015
    outer loop
      vertex 27.8463 32 21.4393
      vertex 27.6555 26.6 20.6777
      vertex 27.8463 26.6 21.4393
    endloop
  endfacet
  facet normal -0.94154 0 0.336901
    outer loop
      vertex 27.391 26.6 19.9385
      vertex 27.6555 32 20.6777
      vertex 27.391 32 19.9385
    endloop
  endfacet
  facet normal -0.94154 0 0.336901
    outer loop
      vertex 27.6555 32 20.6777
      vertex 27.391 26.6 19.9385
      vertex 27.6555 26.6 20.6777
    endloop
  endfacet
  facet normal -0.989176 0 0.146733
    outer loop
      vertex 27.8463 26.6 21.4393
      vertex 27.9615 32 22.2159
      vertex 27.8463 32 21.4393
    endloop
  endfacet
  facet normal -0.989176 0 0.146733
    outer loop
      vertex 27.9615 32 22.2159
      vertex 27.8463 26.6 21.4393
      vertex 27.9615 26.6 22.2159
    endloop
  endfacet
  facet normal -0.146733 0 0.989176
    outer loop
      vertex 20.7841 32 15.0385
      vertex 21.5607 26.6 15.1537
      vertex 21.5607 32 15.1537
    endloop
  endfacet
  facet normal -0.146733 0 0.989176
    outer loop
      vertex 21.5607 26.6 15.1537
      vertex 20.7841 32 15.0385
      vertex 20.7841 26.6 15.0385
    endloop
  endfacet
  facet normal -0.336901 0 0.94154
    outer loop
      vertex 22.3223 32 15.3445
      vertex 23.0615 26.6 15.609
      vertex 23.0615 32 15.609
    endloop
  endfacet
  facet normal -0.336901 0 0.94154
    outer loop
      vertex 23.0615 26.6 15.609
      vertex 22.3223 32 15.3445
      vertex 22.3223 26.6 15.3445
    endloop
  endfacet
  facet normal -0.67148 0 0.741023
    outer loop
      vertex 25.0751 32 16.8159
      vertex 25.6569 26.6 17.3431
      vertex 25.6569 32 17.3431
    endloop
  endfacet
  facet normal -0.67148 0 0.741023
    outer loop
      vertex 25.6569 26.6 17.3431
      vertex 25.0751 32 16.8159
      vertex 25.0751 26.6 16.8159
    endloop
  endfacet
  facet normal -0.514084 0 0.85774
    outer loop
      vertex 23.7712 32 15.9446
      vertex 24.4446 26.6 16.3482
      vertex 24.4446 32 16.3482
    endloop
  endfacet
  facet normal -0.514084 0 0.85774
    outer loop
      vertex 24.4446 26.6 16.3482
      vertex 23.7712 32 15.9446
      vertex 23.7712 26.6 15.9446
    endloop
  endfacet
  facet normal -0.803153 0 0.595773
    outer loop
      vertex 26.1841 26.6 17.9249
      vertex 26.6518 32 18.5554
      vertex 26.1841 32 17.9249
    endloop
  endfacet
  facet normal -0.803153 0 0.595773
    outer loop
      vertex 26.6518 32 18.5554
      vertex 26.1841 26.6 17.9249
      vertex 26.6518 26.6 18.5554
    endloop
  endfacet
  facet normal 0.0490418 0 0.998797
    outer loop
      vertex 19.2159 32 15.0385
      vertex 20 26.6 15
      vertex 20 32 15
    endloop
  endfacet
  facet normal 0.0490418 0 0.998797
    outer loop
      vertex 20 26.6 15
      vertex 19.2159 32 15.0385
      vertex 19.2159 26.6 15.0385
    endloop
  endfacet
  facet normal 0.243015 0 0.970023
    outer loop
      vertex 17.6777 32 15.3445
      vertex 18.4393 26.6 15.1537
      vertex 18.4393 32 15.1537
    endloop
  endfacet
  facet normal 0.243015 0 0.970023
    outer loop
      vertex 18.4393 26.6 15.1537
      vertex 17.6777 32 15.3445
      vertex 17.6777 26.6 15.3445
    endloop
  endfacet
  facet normal 0.595773 0 0.803153
    outer loop
      vertex 14.9249 32 16.8159
      vertex 15.5554 26.6 16.3482
      vertex 15.5554 32 16.3482
    endloop
  endfacet
  facet normal 0.595773 0 0.803153
    outer loop
      vertex 15.5554 26.6 16.3482
      vertex 14.9249 32 16.8159
      vertex 14.9249 26.6 16.8159
    endloop
  endfacet
  facet normal 0.94154 -0 0.336901
    outer loop
      vertex 12.3445 26.6 20.6777
      vertex 12.609 32 19.9385
      vertex 12.3445 32 20.6777
    endloop
  endfacet
  facet normal 0.94154 0 0.336901
    outer loop
      vertex 12.609 32 19.9385
      vertex 12.3445 26.6 20.6777
      vertex 12.609 26.6 19.9385
    endloop
  endfacet
  facet normal 0.85774 -0 0.514084
    outer loop
      vertex 12.9446 26.6 19.2288
      vertex 13.3482 32 18.5554
      vertex 12.9446 32 19.2288
    endloop
  endfacet
  facet normal 0.85774 0 0.514084
    outer loop
      vertex 13.3482 32 18.5554
      vertex 12.9446 26.6 19.2288
      vertex 13.3482 26.6 18.5554
    endloop
  endfacet
  facet normal 0.741023 -0 0.67148
    outer loop
      vertex 13.8159 26.6 17.9249
      vertex 14.3431 32 17.3431
      vertex 13.8159 32 17.9249
    endloop
  endfacet
  facet normal 0.741023 0 0.67148
    outer loop
      vertex 14.3431 32 17.3431
      vertex 13.8159 26.6 17.9249
      vertex 14.3431 26.6 17.3431
    endloop
  endfacet
  facet normal -0.471531 0 -0.881849
    outer loop
      vertex 21.0524 22 25.5407
      vertex 21.5278 26.6 25.2865
      vertex 21.5278 22 25.2865
    endloop
  endfacet
  facet normal -0.471531 0 -0.881849
    outer loop
      vertex 21.5278 26.6 25.2865
      vertex 21.0524 22 25.5407
      vertex 21.0524 26.6 25.5407
    endloop
  endfacet
  facet normal -0.995192 0 0.0979425
    outer loop
      vertex 22.6972 22 22.4635
      vertex 22.75 26.6 23
      vertex 22.6972 26.6 22.4635
    endloop
  endfacet
  facet normal -0.995192 0 0.0979425
    outer loop
      vertex 22.75 26.6 23
      vertex 22.6972 22 22.4635
      vertex 22.75 22 23
    endloop
  endfacet
  facet normal 0.290291 0 0.956939
    outer loop
      vertex 18.9476 26.6 20.4593
      vertex 19.4635 22 20.3028
      vertex 19.4635 26.6 20.3028
    endloop
  endfacet
  facet normal 0.290291 0 0.956939
    outer loop
      vertex 19.4635 22 20.3028
      vertex 18.9476 26.6 20.4593
      vertex 18.9476 22 20.4593
    endloop
  endfacet
  facet normal 0.290291 0 -0.956939
    outer loop
      vertex 18.9476 22 25.5407
      vertex 19.4635 26.6 25.6972
      vertex 19.4635 22 25.6972
    endloop
  endfacet
  facet normal 0.290291 0 -0.956939
    outer loop
      vertex 19.4635 26.6 25.6972
      vertex 18.9476 22 25.5407
      vertex 18.9476 26.6 25.5407
    endloop
  endfacet
  facet normal 0.881849 0 -0.471531
    outer loop
      vertex 17.7135 22 24.5278
      vertex 17.4593 26.6 24.0524
      vertex 17.7135 26.6 24.5278
    endloop
  endfacet
  facet normal 0.881849 0 -0.471531
    outer loop
      vertex 17.4593 26.6 24.0524
      vertex 17.7135 22 24.5278
      vertex 17.4593 22 24.0524
    endloop
  endfacet
  facet normal -0.956939 0 -0.290291
    outer loop
      vertex 22.6972 22 23.5365
      vertex 22.5407 26.6 24.0524
      vertex 22.6972 26.6 23.5365
    endloop
  endfacet
  facet normal -0.956939 -0 -0.290291
    outer loop
      vertex 22.5407 26.6 24.0524
      vertex 22.6972 22 23.5365
      vertex 22.5407 22 24.0524
    endloop
  endfacet
  facet normal -0.881849 0 -0.471531
    outer loop
      vertex 22.5407 22 24.0524
      vertex 22.2865 26.6 24.5278
      vertex 22.5407 26.6 24.0524
    endloop
  endfacet
  facet normal -0.881849 -0 -0.471531
    outer loop
      vertex 22.2865 26.6 24.5278
      vertex 22.5407 22 24.0524
      vertex 22.2865 22 24.5278
    endloop
  endfacet
  facet normal -0.772989 0 -0.634419
    outer loop
      vertex 22.2865 22 24.5278
      vertex 21.9445 26.6 24.9445
      vertex 22.2865 26.6 24.5278
    endloop
  endfacet
  facet normal -0.772989 -0 -0.634419
    outer loop
      vertex 21.9445 26.6 24.9445
      vertex 22.2865 22 24.5278
      vertex 21.9445 22 24.9445
    endloop
  endfacet
  facet normal -0.634419 0 -0.772989
    outer loop
      vertex 21.5278 22 25.2865
      vertex 21.9445 26.6 24.9445
      vertex 21.9445 22 24.9445
    endloop
  endfacet
  facet normal -0.634419 0 -0.772989
    outer loop
      vertex 21.9445 26.6 24.9445
      vertex 21.5278 22 25.2865
      vertex 21.5278 26.6 25.2865
    endloop
  endfacet
  facet normal -0.0979425 0 -0.995192
    outer loop
      vertex 20 22 25.75
      vertex 20.5365 26.6 25.6972
      vertex 20.5365 22 25.6972
    endloop
  endfacet
  facet normal -0.0979425 0 -0.995192
    outer loop
      vertex 20.5365 26.6 25.6972
      vertex 20 22 25.75
      vertex 20 26.6 25.75
    endloop
  endfacet
  facet normal 0.995192 0 -0.0979425
    outer loop
      vertex 17.3028 22 23.5365
      vertex 17.25 26.6 23
      vertex 17.3028 26.6 23.5365
    endloop
  endfacet
  facet normal 0.995192 0 -0.0979425
    outer loop
      vertex 17.25 26.6 23
      vertex 17.3028 22 23.5365
      vertex 17.25 22 23
    endloop
  endfacet
  facet normal 0.772989 0 -0.634419
    outer loop
      vertex 18.0555 22 24.9445
      vertex 17.7135 26.6 24.5278
      vertex 18.0555 26.6 24.9445
    endloop
  endfacet
  facet normal 0.772989 0 -0.634419
    outer loop
      vertex 17.7135 26.6 24.5278
      vertex 18.0555 22 24.9445
      vertex 17.7135 22 24.5278
    endloop
  endfacet
  facet normal 0.471531 0 -0.881849
    outer loop
      vertex 18.4722 22 25.2865
      vertex 18.9476 26.6 25.5407
      vertex 18.9476 22 25.5407
    endloop
  endfacet
  facet normal 0.471531 0 -0.881849
    outer loop
      vertex 18.9476 26.6 25.5407
      vertex 18.4722 22 25.2865
      vertex 18.4722 26.6 25.2865
    endloop
  endfacet
  facet normal 0.0979425 0 -0.995192
    outer loop
      vertex 19.4635 22 25.6972
      vertex 20 26.6 25.75
      vertex 20 22 25.75
    endloop
  endfacet
  facet normal 0.0979425 0 -0.995192
    outer loop
      vertex 20 26.6 25.75
      vertex 19.4635 22 25.6972
      vertex 19.4635 26.6 25.6972
    endloop
  endfacet
  facet normal 0.634419 0 -0.772989
    outer loop
      vertex 18.0555 22 24.9445
      vertex 18.4722 26.6 25.2865
      vertex 18.4722 22 25.2865
    endloop
  endfacet
  facet normal 0.634419 0 -0.772989
    outer loop
      vertex 18.4722 26.6 25.2865
      vertex 18.0555 22 24.9445
      vertex 18.0555 26.6 24.9445
    endloop
  endfacet
  facet normal -0.995192 0 -0.0979425
    outer loop
      vertex 22.75 22 23
      vertex 22.6972 26.6 23.5365
      vertex 22.75 26.6 23
    endloop
  endfacet
  facet normal -0.995192 -0 -0.0979425
    outer loop
      vertex 22.6972 26.6 23.5365
      vertex 22.75 22 23
      vertex 22.6972 22 23.5365
    endloop
  endfacet
  facet normal -0.881849 0 0.471531
    outer loop
      vertex 22.2865 22 21.4722
      vertex 22.5407 26.6 21.9476
      vertex 22.2865 26.6 21.4722
    endloop
  endfacet
  facet normal -0.881849 0 0.471531
    outer loop
      vertex 22.5407 26.6 21.9476
      vertex 22.2865 22 21.4722
      vertex 22.5407 22 21.9476
    endloop
  endfacet
  facet normal -0.956939 0 0.290291
    outer loop
      vertex 22.5407 22 21.9476
      vertex 22.6972 26.6 22.4635
      vertex 22.5407 26.6 21.9476
    endloop
  endfacet
  facet normal -0.956939 0 0.290291
    outer loop
      vertex 22.6972 26.6 22.4635
      vertex 22.5407 22 21.9476
      vertex 22.6972 22 22.4635
    endloop
  endfacet
  facet normal -0.471531 0 0.881849
    outer loop
      vertex 21.0524 26.6 20.4593
      vertex 21.5278 22 20.7135
      vertex 21.5278 26.6 20.7135
    endloop
  endfacet
  facet normal -0.471531 0 0.881849
    outer loop
      vertex 21.5278 22 20.7135
      vertex 21.0524 26.6 20.4593
      vertex 21.0524 22 20.4593
    endloop
  endfacet
  facet normal -0.634419 0 0.772989
    outer loop
      vertex 21.5278 26.6 20.7135
      vertex 21.9445 22 21.0555
      vertex 21.9445 26.6 21.0555
    endloop
  endfacet
  facet normal -0.634419 0 0.772989
    outer loop
      vertex 21.9445 22 21.0555
      vertex 21.5278 26.6 20.7135
      vertex 21.5278 22 20.7135
    endloop
  endfacet
  facet normal 0.0979425 0 0.995192
    outer loop
      vertex 19.4635 26.6 20.3028
      vertex 20 22 20.25
      vertex 20 26.6 20.25
    endloop
  endfacet
  facet normal 0.0979425 0 0.995192
    outer loop
      vertex 20 22 20.25
      vertex 19.4635 26.6 20.3028
      vertex 19.4635 22 20.3028
    endloop
  endfacet
  facet normal 0.634419 0 0.772989
    outer loop
      vertex 18.0555 26.6 21.0555
      vertex 18.4722 22 20.7135
      vertex 18.4722 26.6 20.7135
    endloop
  endfacet
  facet normal 0.634419 0 0.772989
    outer loop
      vertex 18.4722 22 20.7135
      vertex 18.0555 26.6 21.0555
      vertex 18.0555 22 21.0555
    endloop
  endfacet
  facet normal 0.881849 -0 0.471531
    outer loop
      vertex 17.4593 22 21.9476
      vertex 17.7135 26.6 21.4722
      vertex 17.4593 26.6 21.9476
    endloop
  endfacet
  facet normal 0.881849 0 0.471531
    outer loop
      vertex 17.7135 26.6 21.4722
      vertex 17.4593 22 21.9476
      vertex 17.7135 22 21.4722
    endloop
  endfacet
  facet normal 0.995192 -0 0.0979425
    outer loop
      vertex 17.25 22 23
      vertex 17.3028 26.6 22.4635
      vertex 17.25 26.6 23
    endloop
  endfacet
  facet normal 0.995192 0 0.0979425
    outer loop
      vertex 17.3028 26.6 22.4635
      vertex 17.25 22 23
      vertex 17.3028 22 22.4635
    endloop
  endfacet
  facet normal -0.290291 0 -0.956939
    outer loop
      vertex 20.5365 22 25.6972
      vertex 21.0524 26.6 25.5407
      vertex 21.0524 22 25.5407
    endloop
  endfacet
  facet normal -0.290291 0 -0.956939
    outer loop
      vertex 21.0524 26.6 25.5407
      vertex 20.5365 22 25.6972
      vertex 20.5365 26.6 25.6972
    endloop
  endfacet
  facet normal 0.956939 0 -0.290291
    outer loop
      vertex 17.4593 22 24.0524
      vertex 17.3028 26.6 23.5365
      vertex 17.4593 26.6 24.0524
    endloop
  endfacet
  facet normal 0.956939 0 -0.290291
    outer loop
      vertex 17.3028 26.6 23.5365
      vertex 17.4593 22 24.0524
      vertex 17.3028 22 23.5365
    endloop
  endfacet
  facet normal -0.0979425 0 0.995192
    outer loop
      vertex 20 26.6 20.25
      vertex 20.5365 22 20.3028
      vertex 20.5365 26.6 20.3028
    endloop
  endfacet
  facet normal -0.0979425 0 0.995192
    outer loop
      vertex 20.5365 22 20.3028
      vertex 20 26.6 20.25
      vertex 20 22 20.25
    endloop
  endfacet
  facet normal -0.772989 0 0.634419
    outer loop
      vertex 21.9445 22 21.0555
      vertex 22.2865 26.6 21.4722
      vertex 21.9445 26.6 21.0555
    endloop
  endfacet
  facet normal -0.772989 0 0.634419
    outer loop
      vertex 22.2865 26.6 21.4722
      vertex 21.9445 22 21.0555
      vertex 22.2865 22 21.4722
    endloop
  endfacet
  facet normal 0.471531 0 0.881849
    outer loop
      vertex 18.4722 26.6 20.7135
      vertex 18.9476 22 20.4593
      vertex 18.9476 26.6 20.4593
    endloop
  endfacet
  facet normal 0.471531 0 0.881849
    outer loop
      vertex 18.9476 22 20.4593
      vertex 18.4722 26.6 20.7135
      vertex 18.4722 22 20.7135
    endloop
  endfacet
  facet normal 0.956939 -0 0.290291
    outer loop
      vertex 17.3028 22 22.4635
      vertex 17.4593 26.6 21.9476
      vertex 17.3028 26.6 22.4635
    endloop
  endfacet
  facet normal 0.956939 0 0.290291
    outer loop
      vertex 17.4593 26.6 21.9476
      vertex 17.3028 22 22.4635
      vertex 17.4593 22 21.9476
    endloop
  endfacet
  facet normal 0.772989 -0 0.634419
    outer loop
      vertex 17.7135 22 21.4722
      vertex 18.0555 26.6 21.0555
      vertex 17.7135 26.6 21.4722
    endloop
  endfacet
  facet normal 0.772989 0 0.634419
    outer loop
      vertex 18.0555 26.6 21.0555
      vertex 17.7135 22 21.4722
      vertex 18.0555 22 21.0555
    endloop
  endfacet
  facet normal -0.290291 0 0.956939
    outer loop
      vertex 20.5365 26.6 20.3028
      vertex 21.0524 22 20.4593
      vertex 21.0524 26.6 20.4593
    endloop
  endfacet
  facet normal -0.290291 0 0.956939
    outer loop
      vertex 21.0524 22 20.4593
      vertex 20.5365 26.6 20.3028
      vertex 20.5365 22 20.3028
    endloop
  endfacet
endsolid OpenSCAD_Model
