solid OpenSCAD_Model
  facet normal -0.995192 -0.0979451 0
    outer loop
      vertex 26.25 72.27 0
      vertex 26.2164 72.6114 8
      vertex 26.2164 72.6114 0
    endloop
  endfacet
  facet normal -0.995192 -0.0979451 0
    outer loop
      vertex 26.2164 72.6114 8
      vertex 26.25 72.27 0
      vertex 26.25 72.27 8
    endloop
  endfacet
  facet normal 0.0979451 -0.995192 0
    outer loop
      vertex 24.1586 73.9864 0
      vertex 24.5 74.02 8
      vertex 24.1586 73.9864 8
    endloop
  endfacet
  facet normal 0.0979451 -0.995192 0
    outer loop
      vertex 24.5 74.02 8
      vertex 24.1586 73.9864 0
      vertex 24.5 74.02 0
    endloop
  endfacet
  facet normal -0.634491 -0.77293 0
    outer loop
      vertex 25.4722 73.7251 0
      vertex 25.7374 73.5074 8
      vertex 25.4722 73.7251 8
    endloop
  endfacet
  facet normal -0.634491 -0.77293 -0
    outer loop
      vertex 25.7374 73.5074 8
      vertex 25.4722 73.7251 0
      vertex 25.7374 73.5074 0
    endloop
  endfacet
  facet normal 0.77293 -0.634491 0
    outer loop
      vertex 23.0449 73.2422 8
      vertex 23.2626 73.5074 0
      vertex 23.2626 73.5074 8
    endloop
  endfacet
  facet normal 0.77293 -0.634491 0
    outer loop
      vertex 23.2626 73.5074 0
      vertex 23.0449 73.2422 8
      vertex 23.0449 73.2422 0
    endloop
  endfacet
  facet normal 0.47142 -0.881909 0
    outer loop
      vertex 23.5278 73.7251 0
      vertex 23.8303 73.8868 8
      vertex 23.5278 73.7251 8
    endloop
  endfacet
  facet normal 0.47142 -0.881909 0
    outer loop
      vertex 23.8303 73.8868 8
      vertex 23.5278 73.7251 0
      vertex 23.8303 73.8868 0
    endloop
  endfacet
  facet normal -0.881909 -0.47142 0
    outer loop
      vertex 26.1168 72.9397 0
      vertex 25.9551 73.2422 8
      vertex 25.9551 73.2422 0
    endloop
  endfacet
  facet normal -0.881909 -0.47142 0
    outer loop
      vertex 25.9551 73.2422 8
      vertex 26.1168 72.9397 0
      vertex 26.1168 72.9397 8
    endloop
  endfacet
  facet normal -0.956931 -0.290315 0
    outer loop
      vertex 26.2164 72.6114 0
      vertex 26.1168 72.9397 8
      vertex 26.1168 72.9397 0
    endloop
  endfacet
  facet normal -0.956931 -0.290315 0
    outer loop
      vertex 26.1168 72.9397 8
      vertex 26.2164 72.6114 0
      vertex 26.2164 72.6114 8
    endloop
  endfacet
  facet normal -0.77293 -0.634491 0
    outer loop
      vertex 25.9551 73.2422 0
      vertex 25.7374 73.5074 8
      vertex 25.7374 73.5074 0
    endloop
  endfacet
  facet normal -0.77293 -0.634491 0
    outer loop
      vertex 25.7374 73.5074 8
      vertex 25.9551 73.2422 0
      vertex 25.9551 73.2422 8
    endloop
  endfacet
  facet normal -0.290315 -0.956931 0
    outer loop
      vertex 24.8414 73.9864 0
      vertex 25.1697 73.8868 8
      vertex 24.8414 73.9864 8
    endloop
  endfacet
  facet normal -0.290315 -0.956931 -0
    outer loop
      vertex 25.1697 73.8868 8
      vertex 24.8414 73.9864 0
      vertex 25.1697 73.8868 0
    endloop
  endfacet
  facet normal -0.0979451 -0.995192 0
    outer loop
      vertex 24.5 74.02 0
      vertex 24.8414 73.9864 8
      vertex 24.5 74.02 8
    endloop
  endfacet
  facet normal -0.0979451 -0.995192 -0
    outer loop
      vertex 24.8414 73.9864 8
      vertex 24.5 74.02 0
      vertex 24.8414 73.9864 0
    endloop
  endfacet
  facet normal -0.47142 -0.881909 0
    outer loop
      vertex 25.1697 73.8868 0
      vertex 25.4722 73.7251 8
      vertex 25.1697 73.8868 8
    endloop
  endfacet
  facet normal -0.47142 -0.881909 -0
    outer loop
      vertex 25.4722 73.7251 8
      vertex 25.1697 73.8868 0
      vertex 25.4722 73.7251 0
    endloop
  endfacet
  facet normal 0.956931 -0.290315 0
    outer loop
      vertex 22.7836 72.6114 8
      vertex 22.8832 72.9397 0
      vertex 22.8832 72.9397 8
    endloop
  endfacet
  facet normal 0.956931 -0.290315 0
    outer loop
      vertex 22.8832 72.9397 0
      vertex 22.7836 72.6114 8
      vertex 22.7836 72.6114 0
    endloop
  endfacet
  facet normal 0.881909 -0.47142 0
    outer loop
      vertex 22.8832 72.9397 8
      vertex 23.0449 73.2422 0
      vertex 23.0449 73.2422 8
    endloop
  endfacet
  facet normal 0.881909 -0.47142 0
    outer loop
      vertex 23.0449 73.2422 0
      vertex 22.8832 72.9397 8
      vertex 22.8832 72.9397 0
    endloop
  endfacet
  facet normal 0.995192 -0.0979451 0
    outer loop
      vertex 22.75 72.27 8
      vertex 22.7836 72.6114 0
      vertex 22.7836 72.6114 8
    endloop
  endfacet
  facet normal 0.995192 -0.0979451 0
    outer loop
      vertex 22.7836 72.6114 0
      vertex 22.75 72.27 8
      vertex 22.75 72.27 0
    endloop
  endfacet
  facet normal 0.634491 -0.77293 0
    outer loop
      vertex 23.2626 73.5074 0
      vertex 23.5278 73.7251 8
      vertex 23.2626 73.5074 8
    endloop
  endfacet
  facet normal 0.634491 -0.77293 0
    outer loop
      vertex 23.5278 73.7251 8
      vertex 23.2626 73.5074 0
      vertex 23.5278 73.7251 0
    endloop
  endfacet
  facet normal 0.290315 -0.956931 0
    outer loop
      vertex 23.8303 73.8868 0
      vertex 24.1586 73.9864 8
      vertex 23.8303 73.8868 8
    endloop
  endfacet
  facet normal 0.290315 -0.956931 0
    outer loop
      vertex 24.1586 73.9864 8
      vertex 23.8303 73.8868 0
      vertex 24.1586 73.9864 0
    endloop
  endfacet
  facet normal -0.995192 0.0979451 0
    outer loop
      vertex 26.2164 71.9286 0
      vertex 26.25 72.27 8
      vertex 26.25 72.27 0
    endloop
  endfacet
  facet normal -0.995192 0.0979451 0
    outer loop
      vertex 26.25 72.27 8
      vertex 26.2164 71.9286 0
      vertex 26.2164 71.9286 8
    endloop
  endfacet
  facet normal -0.290315 0.956931 0
    outer loop
      vertex 25.1697 70.6532 0
      vertex 24.8414 70.5536 8
      vertex 25.1697 70.6532 8
    endloop
  endfacet
  facet normal -0.290315 0.956931 0
    outer loop
      vertex 24.8414 70.5536 8
      vertex 25.1697 70.6532 0
      vertex 24.8414 70.5536 0
    endloop
  endfacet
  facet normal -0.634491 0.77293 0
    outer loop
      vertex 25.7374 71.0326 0
      vertex 25.4722 70.8149 8
      vertex 25.7374 71.0326 8
    endloop
  endfacet
  facet normal -0.634491 0.77293 0
    outer loop
      vertex 25.4722 70.8149 8
      vertex 25.7374 71.0326 0
      vertex 25.4722 70.8149 0
    endloop
  endfacet
  facet normal 0.47142 0.881909 -0
    outer loop
      vertex 23.8303 70.6532 0
      vertex 23.5278 70.8149 8
      vertex 23.8303 70.6532 8
    endloop
  endfacet
  facet normal 0.47142 0.881909 0
    outer loop
      vertex 23.5278 70.8149 8
      vertex 23.8303 70.6532 0
      vertex 23.5278 70.8149 0
    endloop
  endfacet
  facet normal 0.0979451 0.995192 -0
    outer loop
      vertex 24.5 70.52 0
      vertex 24.1586 70.5536 8
      vertex 24.5 70.52 8
    endloop
  endfacet
  facet normal 0.0979451 0.995192 0
    outer loop
      vertex 24.1586 70.5536 8
      vertex 24.5 70.52 0
      vertex 24.1586 70.5536 0
    endloop
  endfacet
  facet normal 0.77293 0.634491 0
    outer loop
      vertex 23.2626 71.0326 8
      vertex 23.0449 71.2978 0
      vertex 23.0449 71.2978 8
    endloop
  endfacet
  facet normal 0.77293 0.634491 0
    outer loop
      vertex 23.0449 71.2978 0
      vertex 23.2626 71.0326 8
      vertex 23.2626 71.0326 0
    endloop
  endfacet
  facet normal 0.956931 0.290315 0
    outer loop
      vertex 22.8832 71.6003 8
      vertex 22.7836 71.9286 0
      vertex 22.7836 71.9286 8
    endloop
  endfacet
  facet normal 0.956931 0.290315 0
    outer loop
      vertex 22.7836 71.9286 0
      vertex 22.8832 71.6003 8
      vertex 22.8832 71.6003 0
    endloop
  endfacet
  facet normal 0.995192 0.0979451 0
    outer loop
      vertex 22.7836 71.9286 8
      vertex 22.75 72.27 0
      vertex 22.75 72.27 8
    endloop
  endfacet
  facet normal 0.995192 0.0979451 0
    outer loop
      vertex 22.75 72.27 0
      vertex 22.7836 71.9286 8
      vertex 22.7836 71.9286 0
    endloop
  endfacet
  facet normal -0.47142 0.881909 0
    outer loop
      vertex 25.4722 70.8149 0
      vertex 25.1697 70.6532 8
      vertex 25.4722 70.8149 8
    endloop
  endfacet
  facet normal -0.47142 0.881909 0
    outer loop
      vertex 25.1697 70.6532 8
      vertex 25.4722 70.8149 0
      vertex 25.1697 70.6532 0
    endloop
  endfacet
  facet normal -0.77293 0.634491 0
    outer loop
      vertex 25.7374 71.0326 0
      vertex 25.9551 71.2978 8
      vertex 25.9551 71.2978 0
    endloop
  endfacet
  facet normal -0.77293 0.634491 0
    outer loop
      vertex 25.9551 71.2978 8
      vertex 25.7374 71.0326 0
      vertex 25.7374 71.0326 8
    endloop
  endfacet
  facet normal -0.956931 0.290315 0
    outer loop
      vertex 26.1168 71.6003 0
      vertex 26.2164 71.9286 8
      vertex 26.2164 71.9286 0
    endloop
  endfacet
  facet normal -0.956931 0.290315 0
    outer loop
      vertex 26.2164 71.9286 8
      vertex 26.1168 71.6003 0
      vertex 26.1168 71.6003 8
    endloop
  endfacet
  facet normal -0.881909 0.47142 0
    outer loop
      vertex 25.9551 71.2978 0
      vertex 26.1168 71.6003 8
      vertex 26.1168 71.6003 0
    endloop
  endfacet
  facet normal -0.881909 0.47142 0
    outer loop
      vertex 26.1168 71.6003 8
      vertex 25.9551 71.2978 0
      vertex 25.9551 71.2978 8
    endloop
  endfacet
  facet normal 0.290315 0.956931 -0
    outer loop
      vertex 24.1586 70.5536 0
      vertex 23.8303 70.6532 8
      vertex 24.1586 70.5536 8
    endloop
  endfacet
  facet normal 0.290315 0.956931 0
    outer loop
      vertex 23.8303 70.6532 8
      vertex 24.1586 70.5536 0
      vertex 23.8303 70.6532 0
    endloop
  endfacet
  facet normal -0.0979451 0.995192 0
    outer loop
      vertex 24.8414 70.5536 0
      vertex 24.5 70.52 8
      vertex 24.8414 70.5536 8
    endloop
  endfacet
  facet normal -0.0979451 0.995192 0
    outer loop
      vertex 24.5 70.52 8
      vertex 24.8414 70.5536 0
      vertex 24.5 70.52 0
    endloop
  endfacet
  facet normal 0.634491 0.77293 -0
    outer loop
      vertex 23.5278 70.8149 0
      vertex 23.2626 71.0326 8
      vertex 23.5278 70.8149 8
    endloop
  endfacet
  facet normal 0.634491 0.77293 0
    outer loop
      vertex 23.2626 71.0326 8
      vertex 23.5278 70.8149 0
      vertex 23.2626 71.0326 0
    endloop
  endfacet
  facet normal 0.881909 0.47142 0
    outer loop
      vertex 23.0449 71.2978 8
      vertex 22.8832 71.6003 0
      vertex 22.8832 71.6003 8
    endloop
  endfacet
  facet normal 0.881909 0.47142 0
    outer loop
      vertex 22.8832 71.6003 0
      vertex 23.0449 71.2978 8
      vertex 23.0449 71.2978 0
    endloop
  endfacet
  facet normal -0.995181 -0.0980589 0
    outer loop
      vertex 26.25 103.27 0
      vertex 26.2164 103.611 8
      vertex 26.2164 103.611 0
    endloop
  endfacet
  facet normal -0.995181 -0.0980589 0
    outer loop
      vertex 26.2164 103.611 8
      vertex 26.25 103.27 0
      vertex 26.25 103.27 8
    endloop
  endfacet
  facet normal 0.0990997 -0.995078 0
    outer loop
      vertex 24.1586 104.986 0
      vertex 24.5 105.02 8
      vertex 24.1586 104.986 8
    endloop
  endfacet
  facet normal 0.0990997 -0.995078 0
    outer loop
      vertex 24.5 105.02 8
      vertex 24.1586 104.986 0
      vertex 24.5 105.02 0
    endloop
  endfacet
  facet normal -0.635013 -0.772502 0
    outer loop
      vertex 25.4722 104.725 0
      vertex 25.7374 104.507 8
      vertex 25.4722 104.725 8
    endloop
  endfacet
  facet normal -0.635013 -0.772502 -0
    outer loop
      vertex 25.7374 104.507 8
      vertex 25.4722 104.725 0
      vertex 25.7374 104.507 0
    endloop
  endfacet
  facet normal 0.772696 -0.634777 0
    outer loop
      vertex 23.0449 104.242 8
      vertex 23.2626 104.507 0
      vertex 23.2626 104.507 8
    endloop
  endfacet
  facet normal 0.772696 -0.634777 0
    outer loop
      vertex 23.2626 104.507 0
      vertex 23.0449 104.242 8
      vertex 23.0449 104.242 0
    endloop
  endfacet
  facet normal 0.4721 -0.881545 0
    outer loop
      vertex 23.5278 104.725 0
      vertex 23.8303 104.887 8
      vertex 23.5278 104.725 8
    endloop
  endfacet
  facet normal 0.4721 -0.881545 0
    outer loop
      vertex 23.8303 104.887 8
      vertex 23.5278 104.725 0
      vertex 23.8303 104.887 0
    endloop
  endfacet
  facet normal 0.635013 0.772502 -0
    outer loop
      vertex 23.5278 101.815 0
      vertex 23.2626 102.033 8
      vertex 23.5278 101.815 8
    endloop
  endfacet
  facet normal 0.635013 0.772502 0
    outer loop
      vertex 23.2626 102.033 8
      vertex 23.5278 101.815 0
      vertex 23.2626 102.033 0
    endloop
  endfacet
  facet normal -0.881584 -0.472027 0
    outer loop
      vertex 26.1168 103.94 0
      vertex 25.9551 104.242 8
      vertex 25.9551 104.242 0
    endloop
  endfacet
  facet normal -0.881584 -0.472027 0
    outer loop
      vertex 25.9551 104.242 8
      vertex 26.1168 103.94 0
      vertex 26.1168 103.94 8
    endloop
  endfacet
  facet normal -0.957103 -0.289749 0
    outer loop
      vertex 26.2164 103.611 0
      vertex 26.1168 103.94 8
      vertex 26.1168 103.94 0
    endloop
  endfacet
  facet normal -0.957103 -0.289749 0
    outer loop
      vertex 26.1168 103.94 8
      vertex 26.2164 103.611 0
      vertex 26.2164 103.611 8
    endloop
  endfacet
  facet normal -0.772696 -0.634777 0
    outer loop
      vertex 25.9551 104.242 0
      vertex 25.7374 104.507 8
      vertex 25.7374 104.507 0
    endloop
  endfacet
  facet normal -0.772696 -0.634777 0
    outer loop
      vertex 25.7374 104.507 8
      vertex 25.9551 104.242 0
      vertex 25.9551 104.242 8
    endloop
  endfacet
  facet normal -0.288712 -0.957416 0
    outer loop
      vertex 24.8414 104.986 0
      vertex 25.1697 104.887 8
      vertex 24.8414 104.986 8
    endloop
  endfacet
  facet normal -0.288712 -0.957416 -0
    outer loop
      vertex 25.1697 104.887 8
      vertex 24.8414 104.986 0
      vertex 25.1697 104.887 0
    endloop
  endfacet
  facet normal -0.0990997 -0.995078 0
    outer loop
      vertex 24.5 105.02 0
      vertex 24.8414 104.986 8
      vertex 24.5 105.02 8
    endloop
  endfacet
  facet normal -0.0990997 -0.995078 -0
    outer loop
      vertex 24.8414 104.986 8
      vertex 24.5 105.02 0
      vertex 24.8414 104.986 0
    endloop
  endfacet
  facet normal -0.4721 -0.881545 0
    outer loop
      vertex 25.1697 104.887 0
      vertex 25.4722 104.725 8
      vertex 25.1697 104.887 8
    endloop
  endfacet
  facet normal -0.4721 -0.881545 -0
    outer loop
      vertex 25.4722 104.725 8
      vertex 25.1697 104.887 0
      vertex 25.4722 104.725 0
    endloop
  endfacet
  facet normal 0.957103 -0.289749 0
    outer loop
      vertex 22.7836 103.611 8
      vertex 22.8832 103.94 0
      vertex 22.8832 103.94 8
    endloop
  endfacet
  facet normal 0.957103 -0.289749 0
    outer loop
      vertex 22.8832 103.94 0
      vertex 22.7836 103.611 8
      vertex 22.7836 103.611 0
    endloop
  endfacet
  facet normal 0.881584 -0.472027 0
    outer loop
      vertex 22.8832 103.94 8
      vertex 23.0449 104.242 0
      vertex 23.0449 104.242 8
    endloop
  endfacet
  facet normal 0.881584 -0.472027 0
    outer loop
      vertex 23.0449 104.242 0
      vertex 22.8832 103.94 8
      vertex 22.8832 103.94 0
    endloop
  endfacet
  facet normal 0.995181 -0.0980589 0
    outer loop
      vertex 22.75 103.27 8
      vertex 22.7836 103.611 0
      vertex 22.7836 103.611 8
    endloop
  endfacet
  facet normal 0.995181 -0.0980589 0
    outer loop
      vertex 22.7836 103.611 0
      vertex 22.75 103.27 8
      vertex 22.75 103.27 0
    endloop
  endfacet
  facet normal 0.635013 -0.772502 0
    outer loop
      vertex 23.2626 104.507 0
      vertex 23.5278 104.725 8
      vertex 23.2626 104.507 8
    endloop
  endfacet
  facet normal 0.635013 -0.772502 0
    outer loop
      vertex 23.5278 104.725 8
      vertex 23.2626 104.507 0
      vertex 23.5278 104.725 0
    endloop
  endfacet
  facet normal 0.288712 -0.957416 0
    outer loop
      vertex 23.8303 104.887 0
      vertex 24.1586 104.986 8
      vertex 23.8303 104.887 8
    endloop
  endfacet
  facet normal 0.288712 -0.957416 0
    outer loop
      vertex 24.1586 104.986 8
      vertex 23.8303 104.887 0
      vertex 24.1586 104.986 0
    endloop
  endfacet
  facet normal -0.995181 0.0980589 0
    outer loop
      vertex 26.2164 102.929 0
      vertex 26.25 103.27 8
      vertex 26.25 103.27 0
    endloop
  endfacet
  facet normal -0.995181 0.0980589 0
    outer loop
      vertex 26.25 103.27 8
      vertex 26.2164 102.929 0
      vertex 26.2164 102.929 8
    endloop
  endfacet
  facet normal -0.288712 0.957416 0
    outer loop
      vertex 25.1697 101.653 0
      vertex 24.8414 101.554 8
      vertex 25.1697 101.653 8
    endloop
  endfacet
  facet normal -0.288712 0.957416 0
    outer loop
      vertex 24.8414 101.554 8
      vertex 25.1697 101.653 0
      vertex 24.8414 101.554 0
    endloop
  endfacet
  facet normal -0.635013 0.772502 0
    outer loop
      vertex 25.7374 102.033 0
      vertex 25.4722 101.815 8
      vertex 25.7374 102.033 8
    endloop
  endfacet
  facet normal -0.635013 0.772502 0
    outer loop
      vertex 25.4722 101.815 8
      vertex 25.7374 102.033 0
      vertex 25.4722 101.815 0
    endloop
  endfacet
  facet normal 0.4721 0.881545 -0
    outer loop
      vertex 23.8303 101.653 0
      vertex 23.5278 101.815 8
      vertex 23.8303 101.653 8
    endloop
  endfacet
  facet normal 0.4721 0.881545 0
    outer loop
      vertex 23.5278 101.815 8
      vertex 23.8303 101.653 0
      vertex 23.5278 101.815 0
    endloop
  endfacet
  facet normal 0.0990997 0.995078 -0
    outer loop
      vertex 24.5 101.52 0
      vertex 24.1586 101.554 8
      vertex 24.5 101.52 8
    endloop
  endfacet
  facet normal 0.0990997 0.995078 0
    outer loop
      vertex 24.1586 101.554 8
      vertex 24.5 101.52 0
      vertex 24.1586 101.554 0
    endloop
  endfacet
  facet normal 0.957103 0.289749 0
    outer loop
      vertex 22.8832 102.6 8
      vertex 22.7836 102.929 0
      vertex 22.7836 102.929 8
    endloop
  endfacet
  facet normal 0.957103 0.289749 0
    outer loop
      vertex 22.7836 102.929 0
      vertex 22.8832 102.6 8
      vertex 22.8832 102.6 0
    endloop
  endfacet
  facet normal 0.772696 0.634777 0
    outer loop
      vertex 23.2626 102.033 8
      vertex 23.0449 102.298 0
      vertex 23.0449 102.298 8
    endloop
  endfacet
  facet normal 0.772696 0.634777 0
    outer loop
      vertex 23.0449 102.298 0
      vertex 23.2626 102.033 8
      vertex 23.2626 102.033 0
    endloop
  endfacet
  facet normal 0.881584 0.472027 0
    outer loop
      vertex 23.0449 102.298 8
      vertex 22.8832 102.6 0
      vertex 22.8832 102.6 8
    endloop
  endfacet
  facet normal 0.881584 0.472027 0
    outer loop
      vertex 22.8832 102.6 0
      vertex 23.0449 102.298 8
      vertex 23.0449 102.298 0
    endloop
  endfacet
  facet normal 0.995181 0.0980589 0
    outer loop
      vertex 22.7836 102.929 8
      vertex 22.75 103.27 0
      vertex 22.75 103.27 8
    endloop
  endfacet
  facet normal 0.995181 0.0980589 0
    outer loop
      vertex 22.75 103.27 0
      vertex 22.7836 102.929 8
      vertex 22.7836 102.929 0
    endloop
  endfacet
  facet normal -0.4721 0.881545 0
    outer loop
      vertex 25.4722 101.815 0
      vertex 25.1697 101.653 8
      vertex 25.4722 101.815 8
    endloop
  endfacet
  facet normal -0.4721 0.881545 0
    outer loop
      vertex 25.1697 101.653 8
      vertex 25.4722 101.815 0
      vertex 25.1697 101.653 0
    endloop
  endfacet
  facet normal -0.772696 0.634777 0
    outer loop
      vertex 25.7374 102.033 0
      vertex 25.9551 102.298 8
      vertex 25.9551 102.298 0
    endloop
  endfacet
  facet normal -0.772696 0.634777 0
    outer loop
      vertex 25.9551 102.298 8
      vertex 25.7374 102.033 0
      vertex 25.7374 102.033 8
    endloop
  endfacet
  facet normal -0.957103 0.289749 0
    outer loop
      vertex 26.1168 102.6 0
      vertex 26.2164 102.929 8
      vertex 26.2164 102.929 0
    endloop
  endfacet
  facet normal -0.957103 0.289749 0
    outer loop
      vertex 26.2164 102.929 8
      vertex 26.1168 102.6 0
      vertex 26.1168 102.6 8
    endloop
  endfacet
  facet normal -0.881584 0.472027 0
    outer loop
      vertex 25.9551 102.298 0
      vertex 26.1168 102.6 8
      vertex 26.1168 102.6 0
    endloop
  endfacet
  facet normal -0.881584 0.472027 0
    outer loop
      vertex 26.1168 102.6 8
      vertex 25.9551 102.298 0
      vertex 25.9551 102.298 8
    endloop
  endfacet
  facet normal 0.288712 0.957416 -0
    outer loop
      vertex 24.1586 101.554 0
      vertex 23.8303 101.653 8
      vertex 24.1586 101.554 8
    endloop
  endfacet
  facet normal 0.288712 0.957416 0
    outer loop
      vertex 23.8303 101.653 8
      vertex 24.1586 101.554 0
      vertex 23.8303 101.653 0
    endloop
  endfacet
  facet normal -0.0990997 0.995078 0
    outer loop
      vertex 24.8414 101.554 0
      vertex 24.5 101.52 8
      vertex 24.8414 101.554 8
    endloop
  endfacet
  facet normal -0.0990997 0.995078 0
    outer loop
      vertex 24.5 101.52 8
      vertex 24.8414 101.554 0
      vertex 24.5 101.52 0
    endloop
  endfacet
  facet normal -0.995192 -0.0979451 0
    outer loop
      vertex 57.25 72.27 0
      vertex 57.2164 72.6114 8
      vertex 57.2164 72.6114 0
    endloop
  endfacet
  facet normal -0.995192 -0.0979451 0
    outer loop
      vertex 57.2164 72.6114 8
      vertex 57.25 72.27 0
      vertex 57.25 72.27 8
    endloop
  endfacet
  facet normal 0.0979451 -0.995192 0
    outer loop
      vertex 55.1586 73.9864 0
      vertex 55.5 74.02 8
      vertex 55.1586 73.9864 8
    endloop
  endfacet
  facet normal 0.0979451 -0.995192 0
    outer loop
      vertex 55.5 74.02 8
      vertex 55.1586 73.9864 0
      vertex 55.5 74.02 0
    endloop
  endfacet
  facet normal -0.0979451 0.995192 0
    outer loop
      vertex 55.8414 70.5536 0
      vertex 55.5 70.52 8
      vertex 55.8414 70.5536 8
    endloop
  endfacet
  facet normal -0.0979451 0.995192 0
    outer loop
      vertex 55.5 70.52 8
      vertex 55.8414 70.5536 0
      vertex 55.5 70.52 0
    endloop
  endfacet
  facet normal 0.634491 0.77293 -0
    outer loop
      vertex 54.5278 70.8149 0
      vertex 54.2626 71.0326 8
      vertex 54.5278 70.8149 8
    endloop
  endfacet
  facet normal 0.634491 0.77293 0
    outer loop
      vertex 54.2626 71.0326 8
      vertex 54.5278 70.8149 0
      vertex 54.2626 71.0326 0
    endloop
  endfacet
  facet normal -0.634491 -0.77293 0
    outer loop
      vertex 56.4722 73.7251 0
      vertex 56.7374 73.5074 8
      vertex 56.4722 73.7251 8
    endloop
  endfacet
  facet normal -0.634491 -0.77293 -0
    outer loop
      vertex 56.7374 73.5074 8
      vertex 56.4722 73.7251 0
      vertex 56.7374 73.5074 0
    endloop
  endfacet
  facet normal 0.77293 -0.634491 0
    outer loop
      vertex 54.0449 73.2422 8
      vertex 54.2626 73.5074 0
      vertex 54.2626 73.5074 8
    endloop
  endfacet
  facet normal 0.77293 -0.634491 0
    outer loop
      vertex 54.2626 73.5074 0
      vertex 54.0449 73.2422 8
      vertex 54.0449 73.2422 0
    endloop
  endfacet
  facet normal 0.47142 -0.881909 0
    outer loop
      vertex 54.5278 73.7251 0
      vertex 54.8303 73.8868 8
      vertex 54.5278 73.7251 8
    endloop
  endfacet
  facet normal 0.47142 -0.881909 0
    outer loop
      vertex 54.8303 73.8868 8
      vertex 54.5278 73.7251 0
      vertex 54.8303 73.8868 0
    endloop
  endfacet
  facet normal -0.77293 0.634491 0
    outer loop
      vertex 56.7374 71.0326 0
      vertex 56.9551 71.2978 8
      vertex 56.9551 71.2978 0
    endloop
  endfacet
  facet normal -0.77293 0.634491 0
    outer loop
      vertex 56.9551 71.2978 8
      vertex 56.7374 71.0326 0
      vertex 56.7374 71.0326 8
    endloop
  endfacet
  facet normal -0.881909 -0.47142 0
    outer loop
      vertex 57.1168 72.9397 0
      vertex 56.9551 73.2422 8
      vertex 56.9551 73.2422 0
    endloop
  endfacet
  facet normal -0.881909 -0.47142 0
    outer loop
      vertex 56.9551 73.2422 8
      vertex 57.1168 72.9397 0
      vertex 57.1168 72.9397 8
    endloop
  endfacet
  facet normal -0.956931 -0.290315 0
    outer loop
      vertex 57.2164 72.6114 0
      vertex 57.1168 72.9397 8
      vertex 57.1168 72.9397 0
    endloop
  endfacet
  facet normal -0.956931 -0.290315 0
    outer loop
      vertex 57.1168 72.9397 8
      vertex 57.2164 72.6114 0
      vertex 57.2164 72.6114 8
    endloop
  endfacet
  facet normal -0.77293 -0.634491 0
    outer loop
      vertex 56.9551 73.2422 0
      vertex 56.7374 73.5074 8
      vertex 56.7374 73.5074 0
    endloop
  endfacet
  facet normal -0.77293 -0.634491 0
    outer loop
      vertex 56.7374 73.5074 8
      vertex 56.9551 73.2422 0
      vertex 56.9551 73.2422 8
    endloop
  endfacet
  facet normal -0.290315 -0.956931 0
    outer loop
      vertex 55.8414 73.9864 0
      vertex 56.1697 73.8868 8
      vertex 55.8414 73.9864 8
    endloop
  endfacet
  facet normal -0.290315 -0.956931 -0
    outer loop
      vertex 56.1697 73.8868 8
      vertex 55.8414 73.9864 0
      vertex 56.1697 73.8868 0
    endloop
  endfacet
  facet normal -0.0979451 -0.995192 0
    outer loop
      vertex 55.5 74.02 0
      vertex 55.8414 73.9864 8
      vertex 55.5 74.02 8
    endloop
  endfacet
  facet normal -0.0979451 -0.995192 -0
    outer loop
      vertex 55.8414 73.9864 8
      vertex 55.5 74.02 0
      vertex 55.8414 73.9864 0
    endloop
  endfacet
  facet normal -0.47142 -0.881909 0
    outer loop
      vertex 56.1697 73.8868 0
      vertex 56.4722 73.7251 8
      vertex 56.1697 73.8868 8
    endloop
  endfacet
  facet normal -0.47142 -0.881909 -0
    outer loop
      vertex 56.4722 73.7251 8
      vertex 56.1697 73.8868 0
      vertex 56.4722 73.7251 0
    endloop
  endfacet
  facet normal 0.956931 -0.290315 0
    outer loop
      vertex 53.7836 72.6114 8
      vertex 53.8832 72.9397 0
      vertex 53.8832 72.9397 8
    endloop
  endfacet
  facet normal 0.956931 -0.290315 0
    outer loop
      vertex 53.8832 72.9397 0
      vertex 53.7836 72.6114 8
      vertex 53.7836 72.6114 0
    endloop
  endfacet
  facet normal 0.881909 -0.47142 0
    outer loop
      vertex 53.8832 72.9397 8
      vertex 54.0449 73.2422 0
      vertex 54.0449 73.2422 8
    endloop
  endfacet
  facet normal 0.881909 -0.47142 0
    outer loop
      vertex 54.0449 73.2422 0
      vertex 53.8832 72.9397 8
      vertex 53.8832 72.9397 0
    endloop
  endfacet
  facet normal 0.995192 -0.0979451 0
    outer loop
      vertex 53.75 72.27 8
      vertex 53.7836 72.6114 0
      vertex 53.7836 72.6114 8
    endloop
  endfacet
  facet normal 0.995192 -0.0979451 0
    outer loop
      vertex 53.7836 72.6114 0
      vertex 53.75 72.27 8
      vertex 53.75 72.27 0
    endloop
  endfacet
  facet normal 0.634491 -0.77293 0
    outer loop
      vertex 54.2626 73.5074 0
      vertex 54.5278 73.7251 8
      vertex 54.2626 73.5074 8
    endloop
  endfacet
  facet normal 0.634491 -0.77293 0
    outer loop
      vertex 54.5278 73.7251 8
      vertex 54.2626 73.5074 0
      vertex 54.5278 73.7251 0
    endloop
  endfacet
  facet normal 0.290315 -0.956931 0
    outer loop
      vertex 54.8303 73.8868 0
      vertex 55.1586 73.9864 8
      vertex 54.8303 73.8868 8
    endloop
  endfacet
  facet normal 0.290315 -0.956931 0
    outer loop
      vertex 55.1586 73.9864 8
      vertex 54.8303 73.8868 0
      vertex 55.1586 73.9864 0
    endloop
  endfacet
  facet normal -0.995192 0.0979451 0
    outer loop
      vertex 57.2164 71.9286 0
      vertex 57.25 72.27 8
      vertex 57.25 72.27 0
    endloop
  endfacet
  facet normal -0.995192 0.0979451 0
    outer loop
      vertex 57.25 72.27 8
      vertex 57.2164 71.9286 0
      vertex 57.2164 71.9286 8
    endloop
  endfacet
  facet normal -0.290315 0.956931 0
    outer loop
      vertex 56.1697 70.6532 0
      vertex 55.8414 70.5536 8
      vertex 56.1697 70.6532 8
    endloop
  endfacet
  facet normal -0.290315 0.956931 0
    outer loop
      vertex 55.8414 70.5536 8
      vertex 56.1697 70.6532 0
      vertex 55.8414 70.5536 0
    endloop
  endfacet
  facet normal -0.634491 0.77293 0
    outer loop
      vertex 56.7374 71.0326 0
      vertex 56.4722 70.8149 8
      vertex 56.7374 71.0326 8
    endloop
  endfacet
  facet normal -0.634491 0.77293 0
    outer loop
      vertex 56.4722 70.8149 8
      vertex 56.7374 71.0326 0
      vertex 56.4722 70.8149 0
    endloop
  endfacet
  facet normal 0.47142 0.881909 -0
    outer loop
      vertex 54.8303 70.6532 0
      vertex 54.5278 70.8149 8
      vertex 54.8303 70.6532 8
    endloop
  endfacet
  facet normal 0.47142 0.881909 0
    outer loop
      vertex 54.5278 70.8149 8
      vertex 54.8303 70.6532 0
      vertex 54.5278 70.8149 0
    endloop
  endfacet
  facet normal 0.0979451 0.995192 -0
    outer loop
      vertex 55.5 70.52 0
      vertex 55.1586 70.5536 8
      vertex 55.5 70.52 8
    endloop
  endfacet
  facet normal 0.0979451 0.995192 0
    outer loop
      vertex 55.1586 70.5536 8
      vertex 55.5 70.52 0
      vertex 55.1586 70.5536 0
    endloop
  endfacet
  facet normal 0.77293 0.634491 0
    outer loop
      vertex 54.2626 71.0326 8
      vertex 54.0449 71.2978 0
      vertex 54.0449 71.2978 8
    endloop
  endfacet
  facet normal 0.77293 0.634491 0
    outer loop
      vertex 54.0449 71.2978 0
      vertex 54.2626 71.0326 8
      vertex 54.2626 71.0326 0
    endloop
  endfacet
  facet normal 0.956931 0.290315 0
    outer loop
      vertex 53.8832 71.6003 8
      vertex 53.7836 71.9286 0
      vertex 53.7836 71.9286 8
    endloop
  endfacet
  facet normal 0.956931 0.290315 0
    outer loop
      vertex 53.7836 71.9286 0
      vertex 53.8832 71.6003 8
      vertex 53.8832 71.6003 0
    endloop
  endfacet
  facet normal 0.995192 0.0979451 0
    outer loop
      vertex 53.7836 71.9286 8
      vertex 53.75 72.27 0
      vertex 53.75 72.27 8
    endloop
  endfacet
  facet normal 0.995192 0.0979451 0
    outer loop
      vertex 53.75 72.27 0
      vertex 53.7836 71.9286 8
      vertex 53.7836 71.9286 0
    endloop
  endfacet
  facet normal -0.47142 0.881909 0
    outer loop
      vertex 56.4722 70.8149 0
      vertex 56.1697 70.6532 8
      vertex 56.4722 70.8149 8
    endloop
  endfacet
  facet normal -0.47142 0.881909 0
    outer loop
      vertex 56.1697 70.6532 8
      vertex 56.4722 70.8149 0
      vertex 56.1697 70.6532 0
    endloop
  endfacet
  facet normal -0.956931 0.290315 0
    outer loop
      vertex 57.1168 71.6003 0
      vertex 57.2164 71.9286 8
      vertex 57.2164 71.9286 0
    endloop
  endfacet
  facet normal -0.956931 0.290315 0
    outer loop
      vertex 57.2164 71.9286 8
      vertex 57.1168 71.6003 0
      vertex 57.1168 71.6003 8
    endloop
  endfacet
  facet normal -0.881909 0.47142 0
    outer loop
      vertex 56.9551 71.2978 0
      vertex 57.1168 71.6003 8
      vertex 57.1168 71.6003 0
    endloop
  endfacet
  facet normal -0.881909 0.47142 0
    outer loop
      vertex 57.1168 71.6003 8
      vertex 56.9551 71.2978 0
      vertex 56.9551 71.2978 8
    endloop
  endfacet
  facet normal 0.290315 0.956931 -0
    outer loop
      vertex 55.1586 70.5536 0
      vertex 54.8303 70.6532 8
      vertex 55.1586 70.5536 8
    endloop
  endfacet
  facet normal 0.290315 0.956931 0
    outer loop
      vertex 54.8303 70.6532 8
      vertex 55.1586 70.5536 0
      vertex 54.8303 70.6532 0
    endloop
  endfacet
  facet normal 0.881909 0.47142 0
    outer loop
      vertex 54.0449 71.2978 8
      vertex 53.8832 71.6003 0
      vertex 53.8832 71.6003 8
    endloop
  endfacet
  facet normal 0.881909 0.47142 0
    outer loop
      vertex 53.8832 71.6003 0
      vertex 54.0449 71.2978 8
      vertex 54.0449 71.2978 0
    endloop
  endfacet
  facet normal -0.995181 -0.0980589 0
    outer loop
      vertex 57.25 103.27 0
      vertex 57.2164 103.611 8
      vertex 57.2164 103.611 0
    endloop
  endfacet
  facet normal -0.995181 -0.0980589 0
    outer loop
      vertex 57.2164 103.611 8
      vertex 57.25 103.27 0
      vertex 57.25 103.27 8
    endloop
  endfacet
  facet normal 0.0990997 -0.995078 0
    outer loop
      vertex 55.1586 104.986 0
      vertex 55.5 105.02 8
      vertex 55.1586 104.986 8
    endloop
  endfacet
  facet normal 0.0990997 -0.995078 0
    outer loop
      vertex 55.5 105.02 8
      vertex 55.1586 104.986 0
      vertex 55.5 105.02 0
    endloop
  endfacet
  facet normal -0.0990997 0.995078 0
    outer loop
      vertex 55.8414 101.554 0
      vertex 55.5 101.52 8
      vertex 55.8414 101.554 8
    endloop
  endfacet
  facet normal -0.0990997 0.995078 0
    outer loop
      vertex 55.5 101.52 8
      vertex 55.8414 101.554 0
      vertex 55.5 101.52 0
    endloop
  endfacet
  facet normal 0.635013 0.772502 -0
    outer loop
      vertex 54.5278 101.815 0
      vertex 54.2626 102.033 8
      vertex 54.5278 101.815 8
    endloop
  endfacet
  facet normal 0.635013 0.772502 0
    outer loop
      vertex 54.2626 102.033 8
      vertex 54.5278 101.815 0
      vertex 54.2626 102.033 0
    endloop
  endfacet
  facet normal -0.635013 -0.772502 0
    outer loop
      vertex 56.4722 104.725 0
      vertex 56.7374 104.507 8
      vertex 56.4722 104.725 8
    endloop
  endfacet
  facet normal -0.635013 -0.772502 -0
    outer loop
      vertex 56.7374 104.507 8
      vertex 56.4722 104.725 0
      vertex 56.7374 104.507 0
    endloop
  endfacet
  facet normal 0.772696 -0.634777 0
    outer loop
      vertex 54.0449 104.242 8
      vertex 54.2626 104.507 0
      vertex 54.2626 104.507 8
    endloop
  endfacet
  facet normal 0.772696 -0.634777 0
    outer loop
      vertex 54.2626 104.507 0
      vertex 54.0449 104.242 8
      vertex 54.0449 104.242 0
    endloop
  endfacet
  facet normal 0.4721 -0.881545 0
    outer loop
      vertex 54.5278 104.725 0
      vertex 54.8303 104.887 8
      vertex 54.5278 104.725 8
    endloop
  endfacet
  facet normal 0.4721 -0.881545 0
    outer loop
      vertex 54.8303 104.887 8
      vertex 54.5278 104.725 0
      vertex 54.8303 104.887 0
    endloop
  endfacet
  facet normal -0.772696 0.634777 0
    outer loop
      vertex 56.7374 102.033 0
      vertex 56.9551 102.298 8
      vertex 56.9551 102.298 0
    endloop
  endfacet
  facet normal -0.772696 0.634777 0
    outer loop
      vertex 56.9551 102.298 8
      vertex 56.7374 102.033 0
      vertex 56.7374 102.033 8
    endloop
  endfacet
  facet normal -0.881584 -0.472027 0
    outer loop
      vertex 57.1168 103.94 0
      vertex 56.9551 104.242 8
      vertex 56.9551 104.242 0
    endloop
  endfacet
  facet normal -0.881584 -0.472027 0
    outer loop
      vertex 56.9551 104.242 8
      vertex 57.1168 103.94 0
      vertex 57.1168 103.94 8
    endloop
  endfacet
  facet normal -0.957103 -0.289749 0
    outer loop
      vertex 57.2164 103.611 0
      vertex 57.1168 103.94 8
      vertex 57.1168 103.94 0
    endloop
  endfacet
  facet normal -0.957103 -0.289749 0
    outer loop
      vertex 57.1168 103.94 8
      vertex 57.2164 103.611 0
      vertex 57.2164 103.611 8
    endloop
  endfacet
  facet normal -0.772696 -0.634777 0
    outer loop
      vertex 56.9551 104.242 0
      vertex 56.7374 104.507 8
      vertex 56.7374 104.507 0
    endloop
  endfacet
  facet normal -0.772696 -0.634777 0
    outer loop
      vertex 56.7374 104.507 8
      vertex 56.9551 104.242 0
      vertex 56.9551 104.242 8
    endloop
  endfacet
  facet normal -0.288712 -0.957416 0
    outer loop
      vertex 55.8414 104.986 0
      vertex 56.1697 104.887 8
      vertex 55.8414 104.986 8
    endloop
  endfacet
  facet normal -0.288712 -0.957416 -0
    outer loop
      vertex 56.1697 104.887 8
      vertex 55.8414 104.986 0
      vertex 56.1697 104.887 0
    endloop
  endfacet
  facet normal -0.0990997 -0.995078 0
    outer loop
      vertex 55.5 105.02 0
      vertex 55.8414 104.986 8
      vertex 55.5 105.02 8
    endloop
  endfacet
  facet normal -0.0990997 -0.995078 -0
    outer loop
      vertex 55.8414 104.986 8
      vertex 55.5 105.02 0
      vertex 55.8414 104.986 0
    endloop
  endfacet
  facet normal -0.4721 -0.881545 0
    outer loop
      vertex 56.1697 104.887 0
      vertex 56.4722 104.725 8
      vertex 56.1697 104.887 8
    endloop
  endfacet
  facet normal -0.4721 -0.881545 -0
    outer loop
      vertex 56.4722 104.725 8
      vertex 56.1697 104.887 0
      vertex 56.4722 104.725 0
    endloop
  endfacet
  facet normal 0.957103 -0.289749 0
    outer loop
      vertex 53.7836 103.611 8
      vertex 53.8832 103.94 0
      vertex 53.8832 103.94 8
    endloop
  endfacet
  facet normal 0.957103 -0.289749 0
    outer loop
      vertex 53.8832 103.94 0
      vertex 53.7836 103.611 8
      vertex 53.7836 103.611 0
    endloop
  endfacet
  facet normal 0.881584 -0.472027 0
    outer loop
      vertex 53.8832 103.94 8
      vertex 54.0449 104.242 0
      vertex 54.0449 104.242 8
    endloop
  endfacet
  facet normal 0.881584 -0.472027 0
    outer loop
      vertex 54.0449 104.242 0
      vertex 53.8832 103.94 8
      vertex 53.8832 103.94 0
    endloop
  endfacet
  facet normal 0.995181 -0.0980589 0
    outer loop
      vertex 53.75 103.27 8
      vertex 53.7836 103.611 0
      vertex 53.7836 103.611 8
    endloop
  endfacet
  facet normal 0.995181 -0.0980589 0
    outer loop
      vertex 53.7836 103.611 0
      vertex 53.75 103.27 8
      vertex 53.75 103.27 0
    endloop
  endfacet
  facet normal 0.635013 -0.772502 0
    outer loop
      vertex 54.2626 104.507 0
      vertex 54.5278 104.725 8
      vertex 54.2626 104.507 8
    endloop
  endfacet
  facet normal 0.635013 -0.772502 0
    outer loop
      vertex 54.5278 104.725 8
      vertex 54.2626 104.507 0
      vertex 54.5278 104.725 0
    endloop
  endfacet
  facet normal 0.288712 -0.957416 0
    outer loop
      vertex 54.8303 104.887 0
      vertex 55.1586 104.986 8
      vertex 54.8303 104.887 8
    endloop
  endfacet
  facet normal 0.288712 -0.957416 0
    outer loop
      vertex 55.1586 104.986 8
      vertex 54.8303 104.887 0
      vertex 55.1586 104.986 0
    endloop
  endfacet
  facet normal -0.995181 0.0980589 0
    outer loop
      vertex 57.2164 102.929 0
      vertex 57.25 103.27 8
      vertex 57.25 103.27 0
    endloop
  endfacet
  facet normal -0.995181 0.0980589 0
    outer loop
      vertex 57.25 103.27 8
      vertex 57.2164 102.929 0
      vertex 57.2164 102.929 8
    endloop
  endfacet
  facet normal -0.288712 0.957416 0
    outer loop
      vertex 56.1697 101.653 0
      vertex 55.8414 101.554 8
      vertex 56.1697 101.653 8
    endloop
  endfacet
  facet normal -0.288712 0.957416 0
    outer loop
      vertex 55.8414 101.554 8
      vertex 56.1697 101.653 0
      vertex 55.8414 101.554 0
    endloop
  endfacet
  facet normal -0.635013 0.772502 0
    outer loop
      vertex 56.7374 102.033 0
      vertex 56.4722 101.815 8
      vertex 56.7374 102.033 8
    endloop
  endfacet
  facet normal -0.635013 0.772502 0
    outer loop
      vertex 56.4722 101.815 8
      vertex 56.7374 102.033 0
      vertex 56.4722 101.815 0
    endloop
  endfacet
  facet normal 0.4721 0.881545 -0
    outer loop
      vertex 54.8303 101.653 0
      vertex 54.5278 101.815 8
      vertex 54.8303 101.653 8
    endloop
  endfacet
  facet normal 0.4721 0.881545 0
    outer loop
      vertex 54.5278 101.815 8
      vertex 54.8303 101.653 0
      vertex 54.5278 101.815 0
    endloop
  endfacet
  facet normal 0.0990997 0.995078 -0
    outer loop
      vertex 55.5 101.52 0
      vertex 55.1586 101.554 8
      vertex 55.5 101.52 8
    endloop
  endfacet
  facet normal 0.0990997 0.995078 0
    outer loop
      vertex 55.1586 101.554 8
      vertex 55.5 101.52 0
      vertex 55.1586 101.554 0
    endloop
  endfacet
  facet normal 0.772696 0.634777 0
    outer loop
      vertex 54.2626 102.033 8
      vertex 54.0449 102.298 0
      vertex 54.0449 102.298 8
    endloop
  endfacet
  facet normal 0.772696 0.634777 0
    outer loop
      vertex 54.0449 102.298 0
      vertex 54.2626 102.033 8
      vertex 54.2626 102.033 0
    endloop
  endfacet
  facet normal 0.957103 0.289749 0
    outer loop
      vertex 53.8832 102.6 8
      vertex 53.7836 102.929 0
      vertex 53.7836 102.929 8
    endloop
  endfacet
  facet normal 0.957103 0.289749 0
    outer loop
      vertex 53.7836 102.929 0
      vertex 53.8832 102.6 8
      vertex 53.8832 102.6 0
    endloop
  endfacet
  facet normal 0.995181 0.0980589 0
    outer loop
      vertex 53.7836 102.929 8
      vertex 53.75 103.27 0
      vertex 53.75 103.27 8
    endloop
  endfacet
  facet normal 0.995181 0.0980589 0
    outer loop
      vertex 53.75 103.27 0
      vertex 53.7836 102.929 8
      vertex 53.7836 102.929 0
    endloop
  endfacet
  facet normal -0.4721 0.881545 0
    outer loop
      vertex 56.4722 101.815 0
      vertex 56.1697 101.653 8
      vertex 56.4722 101.815 8
    endloop
  endfacet
  facet normal -0.4721 0.881545 0
    outer loop
      vertex 56.1697 101.653 8
      vertex 56.4722 101.815 0
      vertex 56.1697 101.653 0
    endloop
  endfacet
  facet normal -0.957103 0.289749 0
    outer loop
      vertex 57.1168 102.6 0
      vertex 57.2164 102.929 8
      vertex 57.2164 102.929 0
    endloop
  endfacet
  facet normal -0.957103 0.289749 0
    outer loop
      vertex 57.2164 102.929 8
      vertex 57.1168 102.6 0
      vertex 57.1168 102.6 8
    endloop
  endfacet
  facet normal -0.881584 0.472027 0
    outer loop
      vertex 56.9551 102.298 0
      vertex 57.1168 102.6 8
      vertex 57.1168 102.6 0
    endloop
  endfacet
  facet normal -0.881584 0.472027 0
    outer loop
      vertex 57.1168 102.6 8
      vertex 56.9551 102.298 0
      vertex 56.9551 102.298 8
    endloop
  endfacet
  facet normal 0.288712 0.957416 -0
    outer loop
      vertex 55.1586 101.554 0
      vertex 54.8303 101.653 8
      vertex 55.1586 101.554 8
    endloop
  endfacet
  facet normal 0.288712 0.957416 0
    outer loop
      vertex 54.8303 101.653 8
      vertex 55.1586 101.554 0
      vertex 54.8303 101.653 0
    endloop
  endfacet
  facet normal 0.881584 0.472027 0
    outer loop
      vertex 54.0449 102.298 8
      vertex 53.8832 102.6 0
      vertex 53.8832 102.6 8
    endloop
  endfacet
  facet normal 0.881584 0.472027 0
    outer loop
      vertex 53.8832 102.6 0
      vertex 54.0449 102.298 8
      vertex 54.0449 102.298 0
    endloop
  endfacet
  facet normal -0.995183 -0.0980343 0
    outer loop
      vertex 51 87.77 0
      vertex 50.7886 89.916 8
      vertex 50.7886 89.916 0
    endloop
  endfacet
  facet normal -0.995183 -0.0980343 0
    outer loop
      vertex 50.7886 89.916 8
      vertex 51 87.77 0
      vertex 51 87.77 8
    endloop
  endfacet
  facet normal 0.0980343 -0.995183 0
    outer loop
      vertex 37.854 98.5586 0
      vertex 40 98.77 8
      vertex 37.854 98.5586 8
    endloop
  endfacet
  facet normal 0.0980343 -0.995183 0
    outer loop
      vertex 40 98.77 8
      vertex 37.854 98.5586 0
      vertex 40 98.77 0
    endloop
  endfacet
  facet normal -0.634396 -0.773008 0
    outer loop
      vertex 46.1113 96.9162 0
      vertex 47.7782 95.5482 8
      vertex 46.1113 96.9162 8
    endloop
  endfacet
  facet normal -0.634396 -0.773008 -0
    outer loop
      vertex 47.7782 95.5482 8
      vertex 46.1113 96.9162 0
      vertex 47.7782 95.5482 0
    endloop
  endfacet
  facet normal 0.773008 -0.634396 0
    outer loop
      vertex 30.8538 93.8813 8
      vertex 32.2218 95.5482 0
      vertex 32.2218 95.5482 8
    endloop
  endfacet
  facet normal 0.773008 -0.634396 0
    outer loop
      vertex 32.2218 95.5482 0
      vertex 30.8538 93.8813 8
      vertex 30.8538 93.8813 0
    endloop
  endfacet
  facet normal 0.471385 -0.881928 0
    outer loop
      vertex 33.8887 96.9162 0
      vertex 35.7905 97.9327 8
      vertex 33.8887 96.9162 8
    endloop
  endfacet
  facet normal 0.471385 -0.881928 0
    outer loop
      vertex 35.7905 97.9327 8
      vertex 33.8887 96.9162 0
      vertex 35.7905 97.9327 0
    endloop
  endfacet
  facet normal -0.881928 -0.471385 0
    outer loop
      vertex 50.1627 91.9795 0
      vertex 49.1462 93.8813 8
      vertex 49.1462 93.8813 0
    endloop
  endfacet
  facet normal -0.881928 -0.471385 0
    outer loop
      vertex 49.1462 93.8813 8
      vertex 50.1627 91.9795 0
      vertex 50.1627 91.9795 8
    endloop
  endfacet
  facet normal -0.956948 -0.290261 0
    outer loop
      vertex 50.7886 89.916 0
      vertex 50.1627 91.9795 8
      vertex 50.1627 91.9795 0
    endloop
  endfacet
  facet normal -0.956948 -0.290261 0
    outer loop
      vertex 50.1627 91.9795 8
      vertex 50.7886 89.916 0
      vertex 50.7886 89.916 8
    endloop
  endfacet
  facet normal -0.773008 -0.634396 0
    outer loop
      vertex 49.1462 93.8813 0
      vertex 47.7782 95.5482 8
      vertex 47.7782 95.5482 0
    endloop
  endfacet
  facet normal -0.773008 -0.634396 0
    outer loop
      vertex 47.7782 95.5482 8
      vertex 49.1462 93.8813 0
      vertex 49.1462 93.8813 8
    endloop
  endfacet
  facet normal -0.290261 -0.956948 0
    outer loop
      vertex 42.146 98.5586 0
      vertex 44.2095 97.9327 8
      vertex 42.146 98.5586 8
    endloop
  endfacet
  facet normal -0.290261 -0.956948 -0
    outer loop
      vertex 44.2095 97.9327 8
      vertex 42.146 98.5586 0
      vertex 44.2095 97.9327 0
    endloop
  endfacet
  facet normal -0.0980343 -0.995183 0
    outer loop
      vertex 40 98.77 0
      vertex 42.146 98.5586 8
      vertex 40 98.77 8
    endloop
  endfacet
  facet normal -0.0980343 -0.995183 -0
    outer loop
      vertex 42.146 98.5586 8
      vertex 40 98.77 0
      vertex 42.146 98.5586 0
    endloop
  endfacet
  facet normal -0.471385 -0.881928 0
    outer loop
      vertex 44.2095 97.9327 0
      vertex 46.1113 96.9162 8
      vertex 44.2095 97.9327 8
    endloop
  endfacet
  facet normal -0.471385 -0.881928 -0
    outer loop
      vertex 46.1113 96.9162 8
      vertex 44.2095 97.9327 0
      vertex 46.1113 96.9162 0
    endloop
  endfacet
  facet normal 0.956948 -0.290261 0
    outer loop
      vertex 29.2114 89.916 8
      vertex 29.8373 91.9795 0
      vertex 29.8373 91.9795 8
    endloop
  endfacet
  facet normal 0.956948 -0.290261 0
    outer loop
      vertex 29.8373 91.9795 0
      vertex 29.2114 89.916 8
      vertex 29.2114 89.916 0
    endloop
  endfacet
  facet normal 0.881928 -0.471385 0
    outer loop
      vertex 29.8373 91.9795 8
      vertex 30.8538 93.8813 0
      vertex 30.8538 93.8813 8
    endloop
  endfacet
  facet normal 0.881928 -0.471385 0
    outer loop
      vertex 30.8538 93.8813 0
      vertex 29.8373 91.9795 8
      vertex 29.8373 91.9795 0
    endloop
  endfacet
  facet normal 0.995183 -0.0980343 0
    outer loop
      vertex 29 87.77 8
      vertex 29.2114 89.916 0
      vertex 29.2114 89.916 8
    endloop
  endfacet
  facet normal 0.995183 -0.0980343 0
    outer loop
      vertex 29.2114 89.916 0
      vertex 29 87.77 8
      vertex 29 87.77 0
    endloop
  endfacet
  facet normal 0.634396 -0.773008 0
    outer loop
      vertex 32.2218 95.5482 0
      vertex 33.8887 96.9162 8
      vertex 32.2218 95.5482 8
    endloop
  endfacet
  facet normal 0.634396 -0.773008 0
    outer loop
      vertex 33.8887 96.9162 8
      vertex 32.2218 95.5482 0
      vertex 33.8887 96.9162 0
    endloop
  endfacet
  facet normal 0.290261 -0.956948 0
    outer loop
      vertex 35.7905 97.9327 0
      vertex 37.854 98.5586 8
      vertex 35.7905 97.9327 8
    endloop
  endfacet
  facet normal 0.290261 -0.956948 0
    outer loop
      vertex 37.854 98.5586 8
      vertex 35.7905 97.9327 0
      vertex 37.854 98.5586 0
    endloop
  endfacet
  facet normal -0.881928 0.471385 0
    outer loop
      vertex 49.1462 81.6587 0
      vertex 50.1627 83.5605 8
      vertex 50.1627 83.5605 0
    endloop
  endfacet
  facet normal -0.881928 0.471385 0
    outer loop
      vertex 50.1627 83.5605 8
      vertex 49.1462 81.6587 0
      vertex 49.1462 81.6587 8
    endloop
  endfacet
  facet normal -0.995183 0.0980343 0
    outer loop
      vertex 50.7886 85.624 0
      vertex 51 87.77 8
      vertex 51 87.77 0
    endloop
  endfacet
  facet normal -0.995183 0.0980343 0
    outer loop
      vertex 51 87.77 8
      vertex 50.7886 85.624 0
      vertex 50.7886 85.624 8
    endloop
  endfacet
  facet normal 0.0980343 0.995183 -0
    outer loop
      vertex 40 76.77 0
      vertex 37.854 76.9814 8
      vertex 40 76.77 8
    endloop
  endfacet
  facet normal 0.0980343 0.995183 0
    outer loop
      vertex 37.854 76.9814 8
      vertex 40 76.77 0
      vertex 37.854 76.9814 0
    endloop
  endfacet
  facet normal -0.290261 0.956948 0
    outer loop
      vertex 44.2095 77.6073 0
      vertex 42.146 76.9814 8
      vertex 44.2095 77.6073 8
    endloop
  endfacet
  facet normal -0.290261 0.956948 0
    outer loop
      vertex 42.146 76.9814 8
      vertex 44.2095 77.6073 0
      vertex 42.146 76.9814 0
    endloop
  endfacet
  facet normal 0.995183 0.0980343 0
    outer loop
      vertex 29.2114 85.624 8
      vertex 29 87.77 0
      vertex 29 87.77 8
    endloop
  endfacet
  facet normal 0.995183 0.0980343 0
    outer loop
      vertex 29 87.77 0
      vertex 29.2114 85.624 8
      vertex 29.2114 85.624 0
    endloop
  endfacet
  facet normal -0.634396 0.773008 0
    outer loop
      vertex 47.7782 79.9918 0
      vertex 46.1113 78.6238 8
      vertex 47.7782 79.9918 8
    endloop
  endfacet
  facet normal -0.634396 0.773008 0
    outer loop
      vertex 46.1113 78.6238 8
      vertex 47.7782 79.9918 0
      vertex 46.1113 78.6238 0
    endloop
  endfacet
  facet normal 0.773008 0.634396 0
    outer loop
      vertex 32.2218 79.9918 8
      vertex 30.8538 81.6587 0
      vertex 30.8538 81.6587 8
    endloop
  endfacet
  facet normal 0.773008 0.634396 0
    outer loop
      vertex 30.8538 81.6587 0
      vertex 32.2218 79.9918 8
      vertex 32.2218 79.9918 0
    endloop
  endfacet
  facet normal 0.956948 0.290261 0
    outer loop
      vertex 29.8373 83.5605 8
      vertex 29.2114 85.624 0
      vertex 29.2114 85.624 8
    endloop
  endfacet
  facet normal 0.956948 0.290261 0
    outer loop
      vertex 29.2114 85.624 0
      vertex 29.8373 83.5605 8
      vertex 29.8373 83.5605 0
    endloop
  endfacet
  facet normal 0.881928 0.471385 0
    outer loop
      vertex 30.8538 81.6587 8
      vertex 29.8373 83.5605 0
      vertex 29.8373 83.5605 8
    endloop
  endfacet
  facet normal 0.881928 0.471385 0
    outer loop
      vertex 29.8373 83.5605 0
      vertex 30.8538 81.6587 8
      vertex 30.8538 81.6587 0
    endloop
  endfacet
  facet normal -0.773008 0.634396 0
    outer loop
      vertex 47.7782 79.9918 0
      vertex 49.1462 81.6587 8
      vertex 49.1462 81.6587 0
    endloop
  endfacet
  facet normal -0.773008 0.634396 0
    outer loop
      vertex 49.1462 81.6587 8
      vertex 47.7782 79.9918 0
      vertex 47.7782 79.9918 8
    endloop
  endfacet
  facet normal -0.471385 0.881928 0
    outer loop
      vertex 46.1113 78.6238 0
      vertex 44.2095 77.6073 8
      vertex 46.1113 78.6238 8
    endloop
  endfacet
  facet normal -0.471385 0.881928 0
    outer loop
      vertex 44.2095 77.6073 8
      vertex 46.1113 78.6238 0
      vertex 44.2095 77.6073 0
    endloop
  endfacet
  facet normal -0.956948 0.290261 0
    outer loop
      vertex 50.1627 83.5605 0
      vertex 50.7886 85.624 8
      vertex 50.7886 85.624 0
    endloop
  endfacet
  facet normal -0.956948 0.290261 0
    outer loop
      vertex 50.7886 85.624 8
      vertex 50.1627 83.5605 0
      vertex 50.1627 83.5605 8
    endloop
  endfacet
  facet normal -0.0980343 0.995183 0
    outer loop
      vertex 42.146 76.9814 0
      vertex 40 76.77 8
      vertex 42.146 76.9814 8
    endloop
  endfacet
  facet normal -0.0980343 0.995183 0
    outer loop
      vertex 40 76.77 8
      vertex 42.146 76.9814 0
      vertex 40 76.77 0
    endloop
  endfacet
  facet normal 0.290261 0.956948 -0
    outer loop
      vertex 37.854 76.9814 0
      vertex 35.7905 77.6073 8
      vertex 37.854 76.9814 8
    endloop
  endfacet
  facet normal 0.290261 0.956948 0
    outer loop
      vertex 35.7905 77.6073 8
      vertex 37.854 76.9814 0
      vertex 35.7905 77.6073 0
    endloop
  endfacet
  facet normal 0.634396 0.773008 -0
    outer loop
      vertex 33.8887 78.6238 0
      vertex 32.2218 79.9918 8
      vertex 33.8887 78.6238 8
    endloop
  endfacet
  facet normal 0.634396 0.773008 0
    outer loop
      vertex 32.2218 79.9918 8
      vertex 33.8887 78.6238 0
      vertex 32.2218 79.9918 0
    endloop
  endfacet
  facet normal 0.471385 0.881928 -0
    outer loop
      vertex 35.7905 77.6073 0
      vertex 33.8887 78.6238 8
      vertex 35.7905 77.6073 8
    endloop
  endfacet
  facet normal 0.471385 0.881928 0
    outer loop
      vertex 33.8887 78.6238 8
      vertex 35.7905 77.6073 0
      vertex 33.8887 78.6238 0
    endloop
  endfacet
  facet normal -0.471419 -0.881909 0
    outer loop
      vertex 11.3777 28.326 0
      vertex 12.0001 27.9933 8
      vertex 11.3777 28.326 8
    endloop
  endfacet
  facet normal -0.471419 -0.881909 -0
    outer loop
      vertex 12.0001 27.9933 8
      vertex 11.3777 28.326 0
      vertex 12.0001 27.9933 0
    endloop
  endfacet
  facet normal 0.995185 -0.0980164 0
    outer loop
      vertex 6.4 25 8
      vertex 6.46917 25.7023 0
      vertex 6.46917 25.7023 8
    endloop
  endfacet
  facet normal 0.995185 -0.0980164 0
    outer loop
      vertex 6.46917 25.7023 0
      vertex 6.4 25 8
      vertex 6.4 25 0
    endloop
  endfacet
  facet normal -0.995181 0.0980585 0
    outer loop
      vertex 13.5308 24.2977 0
      vertex 13.6 25 8
      vertex 13.6 25 0
    endloop
  endfacet
  facet normal -0.995181 0.0980585 0
    outer loop
      vertex 13.6 25 8
      vertex 13.5308 24.2977 0
      vertex 13.5308 24.2977 8
    endloop
  endfacet
  facet normal 0.0980544 0.995181 -0
    outer loop
      vertex 10 21.4 0
      vertex 9.29767 21.4692 8
      vertex 10 21.4 8
    endloop
  endfacet
  facet normal 0.0980544 0.995181 0
    outer loop
      vertex 9.29767 21.4692 8
      vertex 10 21.4 0
      vertex 9.29767 21.4692 0
    endloop
  endfacet
  facet normal 0.471425 -0.881906 0
    outer loop
      vertex 7.99995 27.9933 0
      vertex 8.62234 28.326 8
      vertex 7.99995 27.9933 8
    endloop
  endfacet
  facet normal 0.471425 -0.881906 0
    outer loop
      vertex 8.62234 28.326 8
      vertex 7.99995 27.9933 0
      vertex 8.62234 28.326 0
    endloop
  endfacet
  facet normal 0.956948 -0.290258 0
    outer loop
      vertex 6.46917 25.7023 8
      vertex 6.67403 26.3777 0
      vertex 6.67403 26.3777 8
    endloop
  endfacet
  facet normal 0.956948 -0.290258 0
    outer loop
      vertex 6.67403 26.3777 0
      vertex 6.46917 25.7023 8
      vertex 6.46917 25.7023 0
    endloop
  endfacet
  facet normal -0.956972 -0.29018 0
    outer loop
      vertex 13.5308 25.7023 0
      vertex 13.326 26.3777 8
      vertex 13.326 26.3777 0
    endloop
  endfacet
  facet normal -0.956972 -0.29018 0
    outer loop
      vertex 13.326 26.3777 8
      vertex 13.5308 25.7023 0
      vertex 13.5308 25.7023 8
    endloop
  endfacet
  facet normal -0.881909 -0.471419 0
    outer loop
      vertex 13.326 26.3777 0
      vertex 12.9933 27.0001 8
      vertex 12.9933 27.0001 0
    endloop
  endfacet
  facet normal -0.881909 -0.471419 0
    outer loop
      vertex 12.9933 27.0001 8
      vertex 13.326 26.3777 0
      vertex 13.326 26.3777 8
    endloop
  endfacet
  facet normal -0.772997 -0.63441 0
    outer loop
      vertex 12.9933 27.0001 0
      vertex 12.5456 27.5456 8
      vertex 12.5456 27.5456 0
    endloop
  endfacet
  facet normal -0.772997 -0.63441 0
    outer loop
      vertex 12.5456 27.5456 8
      vertex 12.9933 27.0001 0
      vertex 12.9933 27.0001 8
    endloop
  endfacet
  facet normal -0.63441 -0.772997 0
    outer loop
      vertex 12.0001 27.9933 0
      vertex 12.5456 27.5456 8
      vertex 12.0001 27.9933 8
    endloop
  endfacet
  facet normal -0.63441 -0.772997 -0
    outer loop
      vertex 12.5456 27.5456 8
      vertex 12.0001 27.9933 0
      vertex 12.5456 27.5456 0
    endloop
  endfacet
  facet normal -0.29018 -0.956972 0
    outer loop
      vertex 10.7023 28.5308 0
      vertex 11.3777 28.326 8
      vertex 10.7023 28.5308 8
    endloop
  endfacet
  facet normal -0.29018 -0.956972 -0
    outer loop
      vertex 11.3777 28.326 8
      vertex 10.7023 28.5308 0
      vertex 11.3777 28.326 0
    endloop
  endfacet
  facet normal 0.0980544 -0.995181 0
    outer loop
      vertex 9.29767 28.5308 0
      vertex 10 28.6 8
      vertex 9.29767 28.5308 8
    endloop
  endfacet
  facet normal 0.0980544 -0.995181 0
    outer loop
      vertex 10 28.6 8
      vertex 9.29767 28.5308 0
      vertex 10 28.6 0
    endloop
  endfacet
  facet normal 0.995185 0.0980164 0
    outer loop
      vertex 6.46917 24.2977 8
      vertex 6.4 25 0
      vertex 6.4 25 8
    endloop
  endfacet
  facet normal 0.995185 0.0980164 0
    outer loop
      vertex 6.4 25 0
      vertex 6.46917 24.2977 8
      vertex 6.46917 24.2977 0
    endloop
  endfacet
  facet normal 0.881921 -0.471397 0
    outer loop
      vertex 6.67403 26.3777 8
      vertex 7.00671 27.0001 0
      vertex 7.00671 27.0001 8
    endloop
  endfacet
  facet normal 0.881921 -0.471397 0
    outer loop
      vertex 7.00671 27.0001 0
      vertex 6.67403 26.3777 8
      vertex 6.67403 26.3777 0
    endloop
  endfacet
  facet normal 0.634389 -0.773014 0
    outer loop
      vertex 7.45442 27.5456 0
      vertex 7.99995 27.9933 8
      vertex 7.45442 27.5456 8
    endloop
  endfacet
  facet normal 0.634389 -0.773014 0
    outer loop
      vertex 7.99995 27.9933 8
      vertex 7.45442 27.5456 0
      vertex 7.99995 27.9933 0
    endloop
  endfacet
  facet normal 0.290208 -0.956964 0
    outer loop
      vertex 8.62234 28.326 0
      vertex 9.29767 28.5308 8
      vertex 8.62234 28.326 8
    endloop
  endfacet
  facet normal 0.290208 -0.956964 0
    outer loop
      vertex 9.29767 28.5308 8
      vertex 8.62234 28.326 0
      vertex 9.29767 28.5308 0
    endloop
  endfacet
  facet normal 0.77299 -0.634418 0
    outer loop
      vertex 7.00671 27.0001 8
      vertex 7.45442 27.5456 0
      vertex 7.45442 27.5456 8
    endloop
  endfacet
  facet normal 0.77299 -0.634418 0
    outer loop
      vertex 7.45442 27.5456 0
      vertex 7.00671 27.0001 8
      vertex 7.00671 27.0001 0
    endloop
  endfacet
  facet normal -0.995181 -0.0980585 0
    outer loop
      vertex 13.6 25 0
      vertex 13.5308 25.7023 8
      vertex 13.5308 25.7023 0
    endloop
  endfacet
  facet normal -0.995181 -0.0980585 0
    outer loop
      vertex 13.5308 25.7023 8
      vertex 13.6 25 0
      vertex 13.6 25 8
    endloop
  endfacet
  facet normal -0.29018 0.956972 0
    outer loop
      vertex 11.3777 21.674 0
      vertex 10.7023 21.4692 8
      vertex 11.3777 21.674 8
    endloop
  endfacet
  facet normal -0.29018 0.956972 0
    outer loop
      vertex 10.7023 21.4692 8
      vertex 11.3777 21.674 0
      vertex 10.7023 21.4692 0
    endloop
  endfacet
  facet normal -0.471419 0.881909 0
    outer loop
      vertex 12.0001 22.0067 0
      vertex 11.3777 21.674 8
      vertex 12.0001 22.0067 8
    endloop
  endfacet
  facet normal -0.471419 0.881909 0
    outer loop
      vertex 11.3777 21.674 8
      vertex 12.0001 22.0067 0
      vertex 11.3777 21.674 0
    endloop
  endfacet
  facet normal -0.63441 0.772997 0
    outer loop
      vertex 12.5456 22.4544 0
      vertex 12.0001 22.0067 8
      vertex 12.5456 22.4544 8
    endloop
  endfacet
  facet normal -0.63441 0.772997 0
    outer loop
      vertex 12.0001 22.0067 8
      vertex 12.5456 22.4544 0
      vertex 12.0001 22.0067 0
    endloop
  endfacet
  facet normal -0.881909 0.471419 0
    outer loop
      vertex 12.9933 22.9999 0
      vertex 13.326 23.6223 8
      vertex 13.326 23.6223 0
    endloop
  endfacet
  facet normal -0.881909 0.471419 0
    outer loop
      vertex 13.326 23.6223 8
      vertex 12.9933 22.9999 0
      vertex 12.9933 22.9999 8
    endloop
  endfacet
  facet normal -0.0980585 0.995181 0
    outer loop
      vertex 10.7023 21.4692 0
      vertex 10 21.4 8
      vertex 10.7023 21.4692 8
    endloop
  endfacet
  facet normal -0.0980585 0.995181 0
    outer loop
      vertex 10 21.4 8
      vertex 10.7023 21.4692 0
      vertex 10 21.4 0
    endloop
  endfacet
  facet normal 0.471425 0.881906 -0
    outer loop
      vertex 8.62234 21.674 0
      vertex 7.99995 22.0067 8
      vertex 8.62234 21.674 8
    endloop
  endfacet
  facet normal 0.471425 0.881906 0
    outer loop
      vertex 7.99995 22.0067 8
      vertex 8.62234 21.674 0
      vertex 7.99995 22.0067 0
    endloop
  endfacet
  facet normal 0.77299 0.634418 0
    outer loop
      vertex 7.45442 22.4544 8
      vertex 7.00671 22.9999 0
      vertex 7.00671 22.9999 8
    endloop
  endfacet
  facet normal 0.77299 0.634418 0
    outer loop
      vertex 7.00671 22.9999 0
      vertex 7.45442 22.4544 8
      vertex 7.45442 22.4544 0
    endloop
  endfacet
  facet normal 0.956948 0.290258 0
    outer loop
      vertex 6.67403 23.6223 8
      vertex 6.46917 24.2977 0
      vertex 6.46917 24.2977 8
    endloop
  endfacet
  facet normal 0.956948 0.290258 0
    outer loop
      vertex 6.46917 24.2977 0
      vertex 6.67403 23.6223 8
      vertex 6.67403 23.6223 0
    endloop
  endfacet
  facet normal 0.634389 0.773014 -0
    outer loop
      vertex 7.99995 22.0067 0
      vertex 7.45442 22.4544 8
      vertex 7.99995 22.0067 8
    endloop
  endfacet
  facet normal 0.634389 0.773014 0
    outer loop
      vertex 7.45442 22.4544 8
      vertex 7.99995 22.0067 0
      vertex 7.45442 22.4544 0
    endloop
  endfacet
  facet normal -0.0980585 -0.995181 0
    outer loop
      vertex 10 28.6 0
      vertex 10.7023 28.5308 8
      vertex 10 28.6 8
    endloop
  endfacet
  facet normal -0.0980585 -0.995181 -0
    outer loop
      vertex 10.7023 28.5308 8
      vertex 10 28.6 0
      vertex 10.7023 28.5308 0
    endloop
  endfacet
  facet normal -0.772997 0.63441 0
    outer loop
      vertex 12.5456 22.4544 0
      vertex 12.9933 22.9999 8
      vertex 12.9933 22.9999 0
    endloop
  endfacet
  facet normal -0.772997 0.63441 0
    outer loop
      vertex 12.9933 22.9999 8
      vertex 12.5456 22.4544 0
      vertex 12.5456 22.4544 8
    endloop
  endfacet
  facet normal -0.956972 0.29018 0
    outer loop
      vertex 13.326 23.6223 0
      vertex 13.5308 24.2977 8
      vertex 13.5308 24.2977 0
    endloop
  endfacet
  facet normal -0.956972 0.29018 0
    outer loop
      vertex 13.5308 24.2977 8
      vertex 13.326 23.6223 0
      vertex 13.326 23.6223 8
    endloop
  endfacet
  facet normal 0.290208 0.956964 -0
    outer loop
      vertex 9.29767 21.4692 0
      vertex 8.62234 21.674 8
      vertex 9.29767 21.4692 8
    endloop
  endfacet
  facet normal 0.290208 0.956964 0
    outer loop
      vertex 8.62234 21.674 8
      vertex 9.29767 21.4692 0
      vertex 8.62234 21.674 0
    endloop
  endfacet
  facet normal 0.881921 0.471397 0
    outer loop
      vertex 7.00671 22.9999 8
      vertex 6.67403 23.6223 0
      vertex 6.67403 23.6223 8
    endloop
  endfacet
  facet normal 0.881921 0.471397 0
    outer loop
      vertex 6.67403 23.6223 0
      vertex 7.00671 22.9999 8
      vertex 7.00671 22.9999 0
    endloop
  endfacet
  facet normal -0.995181 -0.0980585 0
    outer loop
      vertex 43.6 25 0
      vertex 43.5308 25.7023 8
      vertex 43.5308 25.7023 0
    endloop
  endfacet
  facet normal -0.995181 -0.0980585 0
    outer loop
      vertex 43.5308 25.7023 8
      vertex 43.6 25 0
      vertex 43.6 25 8
    endloop
  endfacet
  facet normal 0.0980585 -0.995181 0
    outer loop
      vertex 39.2977 28.5308 0
      vertex 40 28.6 8
      vertex 39.2977 28.5308 8
    endloop
  endfacet
  facet normal 0.0980585 -0.995181 0
    outer loop
      vertex 40 28.6 8
      vertex 39.2977 28.5308 0
      vertex 40 28.6 0
    endloop
  endfacet
  facet normal -0.0980585 0.995181 0
    outer loop
      vertex 40.7023 21.4692 0
      vertex 40 21.4 8
      vertex 40.7023 21.4692 8
    endloop
  endfacet
  facet normal -0.0980585 0.995181 0
    outer loop
      vertex 40 21.4 8
      vertex 40.7023 21.4692 0
      vertex 40 21.4 0
    endloop
  endfacet
  facet normal 0.63441 0.772997 -0
    outer loop
      vertex 37.9999 22.0067 0
      vertex 37.4544 22.4544 8
      vertex 37.9999 22.0067 8
    endloop
  endfacet
  facet normal 0.63441 0.772997 0
    outer loop
      vertex 37.4544 22.4544 8
      vertex 37.9999 22.0067 0
      vertex 37.4544 22.4544 0
    endloop
  endfacet
  facet normal -0.63441 -0.772997 0
    outer loop
      vertex 42.0001 27.9933 0
      vertex 42.5456 27.5456 8
      vertex 42.0001 27.9933 8
    endloop
  endfacet
  facet normal -0.63441 -0.772997 -0
    outer loop
      vertex 42.5456 27.5456 8
      vertex 42.0001 27.9933 0
      vertex 42.5456 27.5456 0
    endloop
  endfacet
  facet normal 0.772997 -0.63441 0
    outer loop
      vertex 37.0067 27.0001 8
      vertex 37.4544 27.5456 0
      vertex 37.4544 27.5456 8
    endloop
  endfacet
  facet normal 0.772997 -0.63441 0
    outer loop
      vertex 37.4544 27.5456 0
      vertex 37.0067 27.0001 8
      vertex 37.0067 27.0001 0
    endloop
  endfacet
  facet normal 0.471419 -0.881909 0
    outer loop
      vertex 37.9999 27.9933 0
      vertex 38.6223 28.326 8
      vertex 37.9999 27.9933 8
    endloop
  endfacet
  facet normal 0.471419 -0.881909 0
    outer loop
      vertex 38.6223 28.326 8
      vertex 37.9999 27.9933 0
      vertex 38.6223 28.326 0
    endloop
  endfacet
  facet normal -0.881909 -0.471419 0
    outer loop
      vertex 43.326 26.3777 0
      vertex 42.9933 27.0001 8
      vertex 42.9933 27.0001 0
    endloop
  endfacet
  facet normal -0.881909 -0.471419 0
    outer loop
      vertex 42.9933 27.0001 8
      vertex 43.326 26.3777 0
      vertex 43.326 26.3777 8
    endloop
  endfacet
  facet normal -0.956972 -0.29018 0
    outer loop
      vertex 43.5308 25.7023 0
      vertex 43.326 26.3777 8
      vertex 43.326 26.3777 0
    endloop
  endfacet
  facet normal -0.956972 -0.29018 0
    outer loop
      vertex 43.326 26.3777 8
      vertex 43.5308 25.7023 0
      vertex 43.5308 25.7023 8
    endloop
  endfacet
  facet normal -0.772997 -0.63441 0
    outer loop
      vertex 42.9933 27.0001 0
      vertex 42.5456 27.5456 8
      vertex 42.5456 27.5456 0
    endloop
  endfacet
  facet normal -0.772997 -0.63441 0
    outer loop
      vertex 42.5456 27.5456 8
      vertex 42.9933 27.0001 0
      vertex 42.9933 27.0001 8
    endloop
  endfacet
  facet normal -0.29018 -0.956972 0
    outer loop
      vertex 40.7023 28.5308 0
      vertex 41.3777 28.326 8
      vertex 40.7023 28.5308 8
    endloop
  endfacet
  facet normal -0.29018 -0.956972 -0
    outer loop
      vertex 41.3777 28.326 8
      vertex 40.7023 28.5308 0
      vertex 41.3777 28.326 0
    endloop
  endfacet
  facet normal -0.0980585 -0.995181 0
    outer loop
      vertex 40 28.6 0
      vertex 40.7023 28.5308 8
      vertex 40 28.6 8
    endloop
  endfacet
  facet normal -0.0980585 -0.995181 -0
    outer loop
      vertex 40.7023 28.5308 8
      vertex 40 28.6 0
      vertex 40.7023 28.5308 0
    endloop
  endfacet
  facet normal -0.471419 -0.881909 0
    outer loop
      vertex 41.3777 28.326 0
      vertex 42.0001 27.9933 8
      vertex 41.3777 28.326 8
    endloop
  endfacet
  facet normal -0.471419 -0.881909 -0
    outer loop
      vertex 42.0001 27.9933 8
      vertex 41.3777 28.326 0
      vertex 42.0001 27.9933 0
    endloop
  endfacet
  facet normal 0.956972 -0.29018 0
    outer loop
      vertex 36.4692 25.7023 8
      vertex 36.674 26.3777 0
      vertex 36.674 26.3777 8
    endloop
  endfacet
  facet normal 0.956972 -0.29018 0
    outer loop
      vertex 36.674 26.3777 0
      vertex 36.4692 25.7023 8
      vertex 36.4692 25.7023 0
    endloop
  endfacet
  facet normal 0.881909 -0.471419 0
    outer loop
      vertex 36.674 26.3777 8
      vertex 37.0067 27.0001 0
      vertex 37.0067 27.0001 8
    endloop
  endfacet
  facet normal 0.881909 -0.471419 0
    outer loop
      vertex 37.0067 27.0001 0
      vertex 36.674 26.3777 8
      vertex 36.674 26.3777 0
    endloop
  endfacet
  facet normal 0.995181 -0.0980585 0
    outer loop
      vertex 36.4 25 8
      vertex 36.4692 25.7023 0
      vertex 36.4692 25.7023 8
    endloop
  endfacet
  facet normal 0.995181 -0.0980585 0
    outer loop
      vertex 36.4692 25.7023 0
      vertex 36.4 25 8
      vertex 36.4 25 0
    endloop
  endfacet
  facet normal 0.63441 -0.772997 0
    outer loop
      vertex 37.4544 27.5456 0
      vertex 37.9999 27.9933 8
      vertex 37.4544 27.5456 8
    endloop
  endfacet
  facet normal 0.63441 -0.772997 0
    outer loop
      vertex 37.9999 27.9933 8
      vertex 37.4544 27.5456 0
      vertex 37.9999 27.9933 0
    endloop
  endfacet
  facet normal 0.29018 -0.956972 0
    outer loop
      vertex 38.6223 28.326 0
      vertex 39.2977 28.5308 8
      vertex 38.6223 28.326 8
    endloop
  endfacet
  facet normal 0.29018 -0.956972 0
    outer loop
      vertex 39.2977 28.5308 8
      vertex 38.6223 28.326 0
      vertex 39.2977 28.5308 0
    endloop
  endfacet
  facet normal -0.995181 0.0980585 0
    outer loop
      vertex 43.5308 24.2977 0
      vertex 43.6 25 8
      vertex 43.6 25 0
    endloop
  endfacet
  facet normal -0.995181 0.0980585 0
    outer loop
      vertex 43.6 25 8
      vertex 43.5308 24.2977 0
      vertex 43.5308 24.2977 8
    endloop
  endfacet
  facet normal -0.29018 0.956972 0
    outer loop
      vertex 41.3777 21.674 0
      vertex 40.7023 21.4692 8
      vertex 41.3777 21.674 8
    endloop
  endfacet
  facet normal -0.29018 0.956972 0
    outer loop
      vertex 40.7023 21.4692 8
      vertex 41.3777 21.674 0
      vertex 40.7023 21.4692 0
    endloop
  endfacet
  facet normal -0.63441 0.772997 0
    outer loop
      vertex 42.5456 22.4544 0
      vertex 42.0001 22.0067 8
      vertex 42.5456 22.4544 8
    endloop
  endfacet
  facet normal -0.63441 0.772997 0
    outer loop
      vertex 42.0001 22.0067 8
      vertex 42.5456 22.4544 0
      vertex 42.0001 22.0067 0
    endloop
  endfacet
  facet normal -0.881909 0.471419 0
    outer loop
      vertex 42.9933 22.9999 0
      vertex 43.326 23.6223 8
      vertex 43.326 23.6223 0
    endloop
  endfacet
  facet normal -0.881909 0.471419 0
    outer loop
      vertex 43.326 23.6223 8
      vertex 42.9933 22.9999 0
      vertex 42.9933 22.9999 8
    endloop
  endfacet
  facet normal 0.471419 0.881909 -0
    outer loop
      vertex 38.6223 21.674 0
      vertex 37.9999 22.0067 8
      vertex 38.6223 21.674 8
    endloop
  endfacet
  facet normal 0.471419 0.881909 0
    outer loop
      vertex 37.9999 22.0067 8
      vertex 38.6223 21.674 0
      vertex 37.9999 22.0067 0
    endloop
  endfacet
  facet normal 0.0980585 0.995181 -0
    outer loop
      vertex 40 21.4 0
      vertex 39.2977 21.4692 8
      vertex 40 21.4 8
    endloop
  endfacet
  facet normal 0.0980585 0.995181 0
    outer loop
      vertex 39.2977 21.4692 8
      vertex 40 21.4 0
      vertex 39.2977 21.4692 0
    endloop
  endfacet
  facet normal 0.772997 0.63441 0
    outer loop
      vertex 37.4544 22.4544 8
      vertex 37.0067 22.9999 0
      vertex 37.0067 22.9999 8
    endloop
  endfacet
  facet normal 0.772997 0.63441 0
    outer loop
      vertex 37.0067 22.9999 0
      vertex 37.4544 22.4544 8
      vertex 37.4544 22.4544 0
    endloop
  endfacet
  facet normal 0.956972 0.29018 0
    outer loop
      vertex 36.674 23.6223 8
      vertex 36.4692 24.2977 0
      vertex 36.4692 24.2977 8
    endloop
  endfacet
  facet normal 0.956972 0.29018 0
    outer loop
      vertex 36.4692 24.2977 0
      vertex 36.674 23.6223 8
      vertex 36.674 23.6223 0
    endloop
  endfacet
  facet normal 0.995181 0.0980585 0
    outer loop
      vertex 36.4692 24.2977 8
      vertex 36.4 25 0
      vertex 36.4 25 8
    endloop
  endfacet
  facet normal 0.995181 0.0980585 0
    outer loop
      vertex 36.4 25 0
      vertex 36.4692 24.2977 8
      vertex 36.4692 24.2977 0
    endloop
  endfacet
  facet normal -0.471419 0.881909 0
    outer loop
      vertex 42.0001 22.0067 0
      vertex 41.3777 21.674 8
      vertex 42.0001 22.0067 8
    endloop
  endfacet
  facet normal -0.471419 0.881909 0
    outer loop
      vertex 41.3777 21.674 8
      vertex 42.0001 22.0067 0
      vertex 41.3777 21.674 0
    endloop
  endfacet
  facet normal -0.772997 0.63441 0
    outer loop
      vertex 42.5456 22.4544 0
      vertex 42.9933 22.9999 8
      vertex 42.9933 22.9999 0
    endloop
  endfacet
  facet normal -0.772997 0.63441 0
    outer loop
      vertex 42.9933 22.9999 8
      vertex 42.5456 22.4544 0
      vertex 42.5456 22.4544 8
    endloop
  endfacet
  facet normal -0.956972 0.29018 0
    outer loop
      vertex 43.326 23.6223 0
      vertex 43.5308 24.2977 8
      vertex 43.5308 24.2977 0
    endloop
  endfacet
  facet normal -0.956972 0.29018 0
    outer loop
      vertex 43.5308 24.2977 8
      vertex 43.326 23.6223 0
      vertex 43.326 23.6223 8
    endloop
  endfacet
  facet normal 0.29018 0.956972 -0
    outer loop
      vertex 39.2977 21.4692 0
      vertex 38.6223 21.674 8
      vertex 39.2977 21.4692 8
    endloop
  endfacet
  facet normal 0.29018 0.956972 0
    outer loop
      vertex 38.6223 21.674 8
      vertex 39.2977 21.4692 0
      vertex 38.6223 21.674 0
    endloop
  endfacet
  facet normal 0.881909 0.471419 0
    outer loop
      vertex 37.0067 22.9999 8
      vertex 36.674 23.6223 0
      vertex 36.674 23.6223 8
    endloop
  endfacet
  facet normal 0.881909 0.471419 0
    outer loop
      vertex 36.674 23.6223 0
      vertex 37.0067 22.9999 8
      vertex 37.0067 22.9999 0
    endloop
  endfacet
  facet normal -0.995181 -0.0980585 0
    outer loop
      vertex 73.6 25 0
      vertex 73.5308 25.7023 8
      vertex 73.5308 25.7023 0
    endloop
  endfacet
  facet normal -0.995181 -0.0980585 0
    outer loop
      vertex 73.5308 25.7023 8
      vertex 73.6 25 0
      vertex 73.6 25 8
    endloop
  endfacet
  facet normal 0.0980585 -0.995181 0
    outer loop
      vertex 69.2977 28.5308 0
      vertex 70 28.6 8
      vertex 69.2977 28.5308 8
    endloop
  endfacet
  facet normal 0.0980585 -0.995181 0
    outer loop
      vertex 70 28.6 8
      vertex 69.2977 28.5308 0
      vertex 70 28.6 0
    endloop
  endfacet
  facet normal -0.63441 -0.772997 0
    outer loop
      vertex 72.0001 27.9933 0
      vertex 72.5456 27.5456 8
      vertex 72.0001 27.9933 8
    endloop
  endfacet
  facet normal -0.63441 -0.772997 -0
    outer loop
      vertex 72.5456 27.5456 8
      vertex 72.0001 27.9933 0
      vertex 72.5456 27.5456 0
    endloop
  endfacet
  facet normal 0.772997 -0.63441 0
    outer loop
      vertex 67.0067 27.0001 8
      vertex 67.4544 27.5456 0
      vertex 67.4544 27.5456 8
    endloop
  endfacet
  facet normal 0.772997 -0.63441 0
    outer loop
      vertex 67.4544 27.5456 0
      vertex 67.0067 27.0001 8
      vertex 67.0067 27.0001 0
    endloop
  endfacet
  facet normal 0.471419 -0.881909 0
    outer loop
      vertex 67.9999 27.9933 0
      vertex 68.6223 28.326 8
      vertex 67.9999 27.9933 8
    endloop
  endfacet
  facet normal 0.471419 -0.881909 0
    outer loop
      vertex 68.6223 28.326 8
      vertex 67.9999 27.9933 0
      vertex 68.6223 28.326 0
    endloop
  endfacet
  facet normal -0.881909 -0.471419 0
    outer loop
      vertex 73.326 26.3777 0
      vertex 72.9933 27.0001 8
      vertex 72.9933 27.0001 0
    endloop
  endfacet
  facet normal -0.881909 -0.471419 0
    outer loop
      vertex 72.9933 27.0001 8
      vertex 73.326 26.3777 0
      vertex 73.326 26.3777 8
    endloop
  endfacet
  facet normal -0.956972 -0.29018 0
    outer loop
      vertex 73.5308 25.7023 0
      vertex 73.326 26.3777 8
      vertex 73.326 26.3777 0
    endloop
  endfacet
  facet normal -0.956972 -0.29018 0
    outer loop
      vertex 73.326 26.3777 8
      vertex 73.5308 25.7023 0
      vertex 73.5308 25.7023 8
    endloop
  endfacet
  facet normal -0.772997 -0.63441 0
    outer loop
      vertex 72.9933 27.0001 0
      vertex 72.5456 27.5456 8
      vertex 72.5456 27.5456 0
    endloop
  endfacet
  facet normal -0.772997 -0.63441 0
    outer loop
      vertex 72.5456 27.5456 8
      vertex 72.9933 27.0001 0
      vertex 72.9933 27.0001 8
    endloop
  endfacet
  facet normal -0.29018 -0.956972 0
    outer loop
      vertex 70.7023 28.5308 0
      vertex 71.3777 28.326 8
      vertex 70.7023 28.5308 8
    endloop
  endfacet
  facet normal -0.29018 -0.956972 -0
    outer loop
      vertex 71.3777 28.326 8
      vertex 70.7023 28.5308 0
      vertex 71.3777 28.326 0
    endloop
  endfacet
  facet normal -0.0980585 -0.995181 0
    outer loop
      vertex 70 28.6 0
      vertex 70.7023 28.5308 8
      vertex 70 28.6 8
    endloop
  endfacet
  facet normal -0.0980585 -0.995181 -0
    outer loop
      vertex 70.7023 28.5308 8
      vertex 70 28.6 0
      vertex 70.7023 28.5308 0
    endloop
  endfacet
  facet normal -0.471419 -0.881909 0
    outer loop
      vertex 71.3777 28.326 0
      vertex 72.0001 27.9933 8
      vertex 71.3777 28.326 8
    endloop
  endfacet
  facet normal -0.471419 -0.881909 -0
    outer loop
      vertex 72.0001 27.9933 8
      vertex 71.3777 28.326 0
      vertex 72.0001 27.9933 0
    endloop
  endfacet
  facet normal 0.956972 -0.29018 0
    outer loop
      vertex 66.4692 25.7023 8
      vertex 66.674 26.3777 0
      vertex 66.674 26.3777 8
    endloop
  endfacet
  facet normal 0.956972 -0.29018 0
    outer loop
      vertex 66.674 26.3777 0
      vertex 66.4692 25.7023 8
      vertex 66.4692 25.7023 0
    endloop
  endfacet
  facet normal 0.881909 -0.471419 0
    outer loop
      vertex 66.674 26.3777 8
      vertex 67.0067 27.0001 0
      vertex 67.0067 27.0001 8
    endloop
  endfacet
  facet normal 0.881909 -0.471419 0
    outer loop
      vertex 67.0067 27.0001 0
      vertex 66.674 26.3777 8
      vertex 66.674 26.3777 0
    endloop
  endfacet
  facet normal 0.995181 -0.0980585 0
    outer loop
      vertex 66.4 25 8
      vertex 66.4692 25.7023 0
      vertex 66.4692 25.7023 8
    endloop
  endfacet
  facet normal 0.995181 -0.0980585 0
    outer loop
      vertex 66.4692 25.7023 0
      vertex 66.4 25 8
      vertex 66.4 25 0
    endloop
  endfacet
  facet normal 0.63441 -0.772997 0
    outer loop
      vertex 67.4544 27.5456 0
      vertex 67.9999 27.9933 8
      vertex 67.4544 27.5456 8
    endloop
  endfacet
  facet normal 0.63441 -0.772997 0
    outer loop
      vertex 67.9999 27.9933 8
      vertex 67.4544 27.5456 0
      vertex 67.9999 27.9933 0
    endloop
  endfacet
  facet normal 0.29018 -0.956972 0
    outer loop
      vertex 68.6223 28.326 0
      vertex 69.2977 28.5308 8
      vertex 68.6223 28.326 8
    endloop
  endfacet
  facet normal 0.29018 -0.956972 0
    outer loop
      vertex 69.2977 28.5308 8
      vertex 68.6223 28.326 0
      vertex 69.2977 28.5308 0
    endloop
  endfacet
  facet normal -0.995181 0.0980585 0
    outer loop
      vertex 73.5308 24.2977 0
      vertex 73.6 25 8
      vertex 73.6 25 0
    endloop
  endfacet
  facet normal -0.995181 0.0980585 0
    outer loop
      vertex 73.6 25 8
      vertex 73.5308 24.2977 0
      vertex 73.5308 24.2977 8
    endloop
  endfacet
  facet normal -0.29018 0.956972 0
    outer loop
      vertex 71.3777 21.674 0
      vertex 70.7023 21.4692 8
      vertex 71.3777 21.674 8
    endloop
  endfacet
  facet normal -0.29018 0.956972 0
    outer loop
      vertex 70.7023 21.4692 8
      vertex 71.3777 21.674 0
      vertex 70.7023 21.4692 0
    endloop
  endfacet
  facet normal -0.63441 0.772997 0
    outer loop
      vertex 72.5456 22.4544 0
      vertex 72.0001 22.0067 8
      vertex 72.5456 22.4544 8
    endloop
  endfacet
  facet normal -0.63441 0.772997 0
    outer loop
      vertex 72.0001 22.0067 8
      vertex 72.5456 22.4544 0
      vertex 72.0001 22.0067 0
    endloop
  endfacet
  facet normal -0.881909 0.471419 0
    outer loop
      vertex 72.9933 22.9999 0
      vertex 73.326 23.6223 8
      vertex 73.326 23.6223 0
    endloop
  endfacet
  facet normal -0.881909 0.471419 0
    outer loop
      vertex 73.326 23.6223 8
      vertex 72.9933 22.9999 0
      vertex 72.9933 22.9999 8
    endloop
  endfacet
  facet normal 0.471419 0.881909 -0
    outer loop
      vertex 68.6223 21.674 0
      vertex 67.9999 22.0067 8
      vertex 68.6223 21.674 8
    endloop
  endfacet
  facet normal 0.471419 0.881909 0
    outer loop
      vertex 67.9999 22.0067 8
      vertex 68.6223 21.674 0
      vertex 67.9999 22.0067 0
    endloop
  endfacet
  facet normal 0.0980585 0.995181 -0
    outer loop
      vertex 70 21.4 0
      vertex 69.2977 21.4692 8
      vertex 70 21.4 8
    endloop
  endfacet
  facet normal 0.0980585 0.995181 0
    outer loop
      vertex 69.2977 21.4692 8
      vertex 70 21.4 0
      vertex 69.2977 21.4692 0
    endloop
  endfacet
  facet normal 0.772997 0.63441 0
    outer loop
      vertex 67.4544 22.4544 8
      vertex 67.0067 22.9999 0
      vertex 67.0067 22.9999 8
    endloop
  endfacet
  facet normal 0.772997 0.63441 0
    outer loop
      vertex 67.0067 22.9999 0
      vertex 67.4544 22.4544 8
      vertex 67.4544 22.4544 0
    endloop
  endfacet
  facet normal 0.956972 0.29018 0
    outer loop
      vertex 66.674 23.6223 8
      vertex 66.4692 24.2977 0
      vertex 66.4692 24.2977 8
    endloop
  endfacet
  facet normal 0.956972 0.29018 0
    outer loop
      vertex 66.4692 24.2977 0
      vertex 66.674 23.6223 8
      vertex 66.674 23.6223 0
    endloop
  endfacet
  facet normal 0.995181 0.0980585 0
    outer loop
      vertex 66.4692 24.2977 8
      vertex 66.4 25 0
      vertex 66.4 25 8
    endloop
  endfacet
  facet normal 0.995181 0.0980585 0
    outer loop
      vertex 66.4 25 0
      vertex 66.4692 24.2977 8
      vertex 66.4692 24.2977 0
    endloop
  endfacet
  facet normal -0.471419 0.881909 0
    outer loop
      vertex 72.0001 22.0067 0
      vertex 71.3777 21.674 8
      vertex 72.0001 22.0067 8
    endloop
  endfacet
  facet normal -0.471419 0.881909 0
    outer loop
      vertex 71.3777 21.674 8
      vertex 72.0001 22.0067 0
      vertex 71.3777 21.674 0
    endloop
  endfacet
  facet normal -0.772997 0.63441 0
    outer loop
      vertex 72.5456 22.4544 0
      vertex 72.9933 22.9999 8
      vertex 72.9933 22.9999 0
    endloop
  endfacet
  facet normal -0.772997 0.63441 0
    outer loop
      vertex 72.9933 22.9999 8
      vertex 72.5456 22.4544 0
      vertex 72.5456 22.4544 8
    endloop
  endfacet
  facet normal -0.956972 0.29018 0
    outer loop
      vertex 73.326 23.6223 0
      vertex 73.5308 24.2977 8
      vertex 73.5308 24.2977 0
    endloop
  endfacet
  facet normal -0.956972 0.29018 0
    outer loop
      vertex 73.5308 24.2977 8
      vertex 73.326 23.6223 0
      vertex 73.326 23.6223 8
    endloop
  endfacet
  facet normal 0.29018 0.956972 -0
    outer loop
      vertex 69.2977 21.4692 0
      vertex 68.6223 21.674 8
      vertex 69.2977 21.4692 8
    endloop
  endfacet
  facet normal 0.29018 0.956972 0
    outer loop
      vertex 68.6223 21.674 8
      vertex 69.2977 21.4692 0
      vertex 68.6223 21.674 0
    endloop
  endfacet
  facet normal -0.0980585 0.995181 0
    outer loop
      vertex 70.7023 21.4692 0
      vertex 70 21.4 8
      vertex 70.7023 21.4692 8
    endloop
  endfacet
  facet normal -0.0980585 0.995181 0
    outer loop
      vertex 70 21.4 8
      vertex 70.7023 21.4692 0
      vertex 70 21.4 0
    endloop
  endfacet
  facet normal 0.63441 0.772997 -0
    outer loop
      vertex 67.9999 22.0067 0
      vertex 67.4544 22.4544 8
      vertex 67.9999 22.0067 8
    endloop
  endfacet
  facet normal 0.63441 0.772997 0
    outer loop
      vertex 67.4544 22.4544 8
      vertex 67.9999 22.0067 0
      vertex 67.4544 22.4544 0
    endloop
  endfacet
  facet normal 0.881909 0.471419 0
    outer loop
      vertex 67.0067 22.9999 8
      vertex 66.674 23.6223 0
      vertex 66.674 23.6223 8
    endloop
  endfacet
  facet normal 0.881909 0.471419 0
    outer loop
      vertex 66.674 23.6223 0
      vertex 67.0067 22.9999 8
      vertex 67.0067 22.9999 0
    endloop
  endfacet
  facet normal -0.471454 -0.881891 0
    outer loop
      vertex 6.99498 47.4021 0
      vertex 7.44448 47.1618 8
      vertex 6.99498 47.4021 8
    endloop
  endfacet
  facet normal -0.471454 -0.881891 -0
    outer loop
      vertex 7.44448 47.1618 8
      vertex 6.99498 47.4021 0
      vertex 7.44448 47.1618 0
    endloop
  endfacet
  facet normal 0.995184 -0.0980272 0
    outer loop
      vertex 3.4 45 8
      vertex 3.44996 45.5072 0
      vertex 3.44996 45.5072 8
    endloop
  endfacet
  facet normal 0.995184 -0.0980272 0
    outer loop
      vertex 3.44996 45.5072 0
      vertex 3.4 45 8
      vertex 3.4 45 0
    endloop
  endfacet
  facet normal -0.995184 0.0980272 0
    outer loop
      vertex 8.55004 44.4928 0
      vertex 8.6 45 8
      vertex 8.6 45 0
    endloop
  endfacet
  facet normal -0.995184 0.0980272 0
    outer loop
      vertex 8.6 45 8
      vertex 8.55004 44.4928 0
      vertex 8.55004 44.4928 8
    endloop
  endfacet
  facet normal 0.0980972 0.995177 -0
    outer loop
      vertex 6 42.4 0
      vertex 5.49276 42.45 8
      vertex 6 42.4 8
    endloop
  endfacet
  facet normal 0.0980972 0.995177 0
    outer loop
      vertex 5.49276 42.45 8
      vertex 6 42.4 0
      vertex 5.49276 42.45 0
    endloop
  endfacet
  facet normal 0.471454 -0.881891 0
    outer loop
      vertex 4.55552 47.1618 0
      vertex 5.00502 47.4021 8
      vertex 4.55552 47.1618 8
    endloop
  endfacet
  facet normal 0.471454 -0.881891 0
    outer loop
      vertex 5.00502 47.4021 8
      vertex 4.55552 47.1618 0
      vertex 5.00502 47.4021 0
    endloop
  endfacet
  facet normal 0.956953 -0.290244 0
    outer loop
      vertex 3.44996 45.5072 8
      vertex 3.59791 45.995 0
      vertex 3.59791 45.995 8
    endloop
  endfacet
  facet normal 0.956953 -0.290244 0
    outer loop
      vertex 3.59791 45.995 0
      vertex 3.44996 45.5072 8
      vertex 3.44996 45.5072 0
    endloop
  endfacet
  facet normal -0.956953 -0.290244 0
    outer loop
      vertex 8.55004 45.5072 0
      vertex 8.40209 45.995 8
      vertex 8.40209 45.995 0
    endloop
  endfacet
  facet normal -0.956953 -0.290244 0
    outer loop
      vertex 8.40209 45.995 8
      vertex 8.55004 45.5072 0
      vertex 8.55004 45.5072 8
    endloop
  endfacet
  facet normal -0.881915 -0.471408 0
    outer loop
      vertex 8.40209 45.995 0
      vertex 8.16182 46.4445 8
      vertex 8.16182 46.4445 0
    endloop
  endfacet
  facet normal -0.881915 -0.471408 0
    outer loop
      vertex 8.16182 46.4445 8
      vertex 8.40209 45.995 0
      vertex 8.40209 45.995 8
    endloop
  endfacet
  facet normal -0.773018 -0.634385 0
    outer loop
      vertex 8.16182 46.4445 0
      vertex 7.83848 46.8385 8
      vertex 7.83848 46.8385 0
    endloop
  endfacet
  facet normal -0.773018 -0.634385 0
    outer loop
      vertex 7.83848 46.8385 8
      vertex 8.16182 46.4445 0
      vertex 8.16182 46.4445 8
    endloop
  endfacet
  facet normal -0.634338 -0.773056 0
    outer loop
      vertex 7.44448 47.1618 0
      vertex 7.83848 46.8385 8
      vertex 7.44448 47.1618 8
    endloop
  endfacet
  facet normal -0.634338 -0.773056 -0
    outer loop
      vertex 7.83848 46.8385 8
      vertex 7.44448 47.1618 0
      vertex 7.83848 46.8385 0
    endloop
  endfacet
  facet normal -0.290182 -0.956972 0
    outer loop
      vertex 6.50723 47.55 0
      vertex 6.99498 47.4021 8
      vertex 6.50723 47.55 8
    endloop
  endfacet
  facet normal -0.290182 -0.956972 -0
    outer loop
      vertex 6.99498 47.4021 8
      vertex 6.50723 47.55 0
      vertex 6.99498 47.4021 0
    endloop
  endfacet
  facet normal 0.0980972 -0.995177 0
    outer loop
      vertex 5.49276 47.55 0
      vertex 6 47.6 8
      vertex 5.49276 47.55 8
    endloop
  endfacet
  facet normal 0.0980972 -0.995177 0
    outer loop
      vertex 6 47.6 8
      vertex 5.49276 47.55 0
      vertex 6 47.6 0
    endloop
  endfacet
  facet normal -0.0980992 -0.995177 0
    outer loop
      vertex 6 47.6 0
      vertex 6.50723 47.55 8
      vertex 6 47.6 8
    endloop
  endfacet
  facet normal -0.0980992 -0.995177 -0
    outer loop
      vertex 6.50723 47.55 8
      vertex 6 47.6 0
      vertex 6.50723 47.55 0
    endloop
  endfacet
  facet normal 0.995184 0.0980272 0
    outer loop
      vertex 3.44996 44.4928 8
      vertex 3.4 45 0
      vertex 3.4 45 8
    endloop
  endfacet
  facet normal 0.995184 0.0980272 0
    outer loop
      vertex 3.4 45 0
      vertex 3.44996 44.4928 8
      vertex 3.44996 44.4928 0
    endloop
  endfacet
  facet normal 0.881915 -0.471408 0
    outer loop
      vertex 3.59791 45.995 8
      vertex 3.83818 46.4445 0
      vertex 3.83818 46.4445 8
    endloop
  endfacet
  facet normal 0.881915 -0.471408 0
    outer loop
      vertex 3.83818 46.4445 0
      vertex 3.59791 45.995 8
      vertex 3.59791 45.995 0
    endloop
  endfacet
  facet normal 0.634338 -0.773056 0
    outer loop
      vertex 4.16152 46.8385 0
      vertex 4.55552 47.1618 8
      vertex 4.16152 46.8385 8
    endloop
  endfacet
  facet normal 0.634338 -0.773056 0
    outer loop
      vertex 4.55552 47.1618 8
      vertex 4.16152 46.8385 0
      vertex 4.55552 47.1618 0
    endloop
  endfacet
  facet normal 0.290187 -0.95697 0
    outer loop
      vertex 5.00502 47.4021 0
      vertex 5.49276 47.55 8
      vertex 5.00502 47.4021 8
    endloop
  endfacet
  facet normal 0.290187 -0.95697 0
    outer loop
      vertex 5.49276 47.55 8
      vertex 5.00502 47.4021 0
      vertex 5.49276 47.55 0
    endloop
  endfacet
  facet normal 0.773018 -0.634385 0
    outer loop
      vertex 3.83818 46.4445 8
      vertex 4.16152 46.8385 0
      vertex 4.16152 46.8385 8
    endloop
  endfacet
  facet normal 0.773018 -0.634385 0
    outer loop
      vertex 4.16152 46.8385 0
      vertex 3.83818 46.4445 8
      vertex 3.83818 46.4445 0
    endloop
  endfacet
  facet normal -0.995184 -0.0980272 0
    outer loop
      vertex 8.6 45 0
      vertex 8.55004 45.5072 8
      vertex 8.55004 45.5072 0
    endloop
  endfacet
  facet normal -0.995184 -0.0980272 0
    outer loop
      vertex 8.55004 45.5072 8
      vertex 8.6 45 0
      vertex 8.6 45 8
    endloop
  endfacet
  facet normal -0.290182 0.956972 0
    outer loop
      vertex 6.99498 42.5979 0
      vertex 6.50723 42.45 8
      vertex 6.99498 42.5979 8
    endloop
  endfacet
  facet normal -0.290182 0.956972 0
    outer loop
      vertex 6.50723 42.45 8
      vertex 6.99498 42.5979 0
      vertex 6.50723 42.45 0
    endloop
  endfacet
  facet normal -0.471454 0.881891 0
    outer loop
      vertex 7.44448 42.8382 0
      vertex 6.99498 42.5979 8
      vertex 7.44448 42.8382 8
    endloop
  endfacet
  facet normal -0.471454 0.881891 0
    outer loop
      vertex 6.99498 42.5979 8
      vertex 7.44448 42.8382 0
      vertex 6.99498 42.5979 0
    endloop
  endfacet
  facet normal -0.634338 0.773056 0
    outer loop
      vertex 7.83848 43.1615 0
      vertex 7.44448 42.8382 8
      vertex 7.83848 43.1615 8
    endloop
  endfacet
  facet normal -0.634338 0.773056 0
    outer loop
      vertex 7.44448 42.8382 8
      vertex 7.83848 43.1615 0
      vertex 7.44448 42.8382 0
    endloop
  endfacet
  facet normal -0.881915 0.471408 0
    outer loop
      vertex 8.16182 43.5555 0
      vertex 8.40209 44.005 8
      vertex 8.40209 44.005 0
    endloop
  endfacet
  facet normal -0.881915 0.471408 0
    outer loop
      vertex 8.40209 44.005 8
      vertex 8.16182 43.5555 0
      vertex 8.16182 43.5555 8
    endloop
  endfacet
  facet normal -0.0980992 0.995177 0
    outer loop
      vertex 6.50723 42.45 0
      vertex 6 42.4 8
      vertex 6.50723 42.45 8
    endloop
  endfacet
  facet normal -0.0980992 0.995177 0
    outer loop
      vertex 6 42.4 8
      vertex 6.50723 42.45 0
      vertex 6 42.4 0
    endloop
  endfacet
  facet normal 0.471454 0.881891 -0
    outer loop
      vertex 5.00502 42.5979 0
      vertex 4.55552 42.8382 8
      vertex 5.00502 42.5979 8
    endloop
  endfacet
  facet normal 0.471454 0.881891 0
    outer loop
      vertex 4.55552 42.8382 8
      vertex 5.00502 42.5979 0
      vertex 4.55552 42.8382 0
    endloop
  endfacet
  facet normal 0.773018 0.634385 0
    outer loop
      vertex 4.16152 43.1615 8
      vertex 3.83818 43.5555 0
      vertex 3.83818 43.5555 8
    endloop
  endfacet
  facet normal 0.773018 0.634385 0
    outer loop
      vertex 3.83818 43.5555 0
      vertex 4.16152 43.1615 8
      vertex 4.16152 43.1615 0
    endloop
  endfacet
  facet normal 0.956953 0.290244 0
    outer loop
      vertex 3.59791 44.005 8
      vertex 3.44996 44.4928 0
      vertex 3.44996 44.4928 8
    endloop
  endfacet
  facet normal 0.956953 0.290244 0
    outer loop
      vertex 3.44996 44.4928 0
      vertex 3.59791 44.005 8
      vertex 3.59791 44.005 0
    endloop
  endfacet
  facet normal 0.634338 0.773056 -0
    outer loop
      vertex 4.55552 42.8382 0
      vertex 4.16152 43.1615 8
      vertex 4.55552 42.8382 8
    endloop
  endfacet
  facet normal 0.634338 0.773056 0
    outer loop
      vertex 4.16152 43.1615 8
      vertex 4.55552 42.8382 0
      vertex 4.16152 43.1615 0
    endloop
  endfacet
  facet normal -0.773018 0.634385 0
    outer loop
      vertex 7.83848 43.1615 0
      vertex 8.16182 43.5555 8
      vertex 8.16182 43.5555 0
    endloop
  endfacet
  facet normal -0.773018 0.634385 0
    outer loop
      vertex 8.16182 43.5555 8
      vertex 7.83848 43.1615 0
      vertex 7.83848 43.1615 8
    endloop
  endfacet
  facet normal -0.956953 0.290244 0
    outer loop
      vertex 8.40209 44.005 0
      vertex 8.55004 44.4928 8
      vertex 8.55004 44.4928 0
    endloop
  endfacet
  facet normal -0.956953 0.290244 0
    outer loop
      vertex 8.55004 44.4928 8
      vertex 8.40209 44.005 0
      vertex 8.40209 44.005 8
    endloop
  endfacet
  facet normal 0.290187 0.95697 -0
    outer loop
      vertex 5.49276 42.45 0
      vertex 5.00502 42.5979 8
      vertex 5.49276 42.45 8
    endloop
  endfacet
  facet normal 0.290187 0.95697 0
    outer loop
      vertex 5.00502 42.5979 8
      vertex 5.49276 42.45 0
      vertex 5.00502 42.5979 0
    endloop
  endfacet
  facet normal 0.881915 0.471408 0
    outer loop
      vertex 3.83818 43.5555 8
      vertex 3.59791 44.005 0
      vertex 3.59791 44.005 8
    endloop
  endfacet
  facet normal 0.881915 0.471408 0
    outer loop
      vertex 3.59791 44.005 0
      vertex 3.83818 43.5555 8
      vertex 3.83818 43.5555 0
    endloop
  endfacet
  facet normal -0.995176 -0.0981049 0
    outer loop
      vertex 76.6 45 0
      vertex 76.55 45.5072 8
      vertex 76.55 45.5072 0
    endloop
  endfacet
  facet normal -0.995176 -0.0981049 0
    outer loop
      vertex 76.55 45.5072 8
      vertex 76.6 45 0
      vertex 76.6 45 8
    endloop
  endfacet
  facet normal 0.0981049 -0.995176 0
    outer loop
      vertex 73.4928 47.55 0
      vertex 74 47.6 8
      vertex 73.4928 47.55 8
    endloop
  endfacet
  facet normal 0.0981049 -0.995176 0
    outer loop
      vertex 74 47.6 8
      vertex 73.4928 47.55 0
      vertex 74 47.6 0
    endloop
  endfacet
  facet normal -0.634338 -0.773056 0
    outer loop
      vertex 75.4445 47.1618 0
      vertex 75.8385 46.8385 8
      vertex 75.4445 47.1618 8
    endloop
  endfacet
  facet normal -0.634338 -0.773056 -0
    outer loop
      vertex 75.8385 46.8385 8
      vertex 75.4445 47.1618 0
      vertex 75.8385 46.8385 0
    endloop
  endfacet
  facet normal 0.773056 -0.634338 0
    outer loop
      vertex 71.8382 46.4445 8
      vertex 72.1615 46.8385 0
      vertex 72.1615 46.8385 8
    endloop
  endfacet
  facet normal 0.773056 -0.634338 0
    outer loop
      vertex 72.1615 46.8385 0
      vertex 71.8382 46.4445 8
      vertex 71.8382 46.4445 0
    endloop
  endfacet
  facet normal 0.471454 -0.881891 0
    outer loop
      vertex 72.5555 47.1618 0
      vertex 73.005 47.4021 8
      vertex 72.5555 47.1618 8
    endloop
  endfacet
  facet normal 0.471454 -0.881891 0
    outer loop
      vertex 73.005 47.4021 8
      vertex 72.5555 47.1618 0
      vertex 73.005 47.4021 0
    endloop
  endfacet
  facet normal -0.881891 -0.471454 0
    outer loop
      vertex 76.4021 45.995 0
      vertex 76.1618 46.4445 8
      vertex 76.1618 46.4445 0
    endloop
  endfacet
  facet normal -0.881891 -0.471454 0
    outer loop
      vertex 76.1618 46.4445 8
      vertex 76.4021 45.995 0
      vertex 76.4021 45.995 8
    endloop
  endfacet
  facet normal -0.95698 -0.290154 0
    outer loop
      vertex 76.55 45.5072 0
      vertex 76.4021 45.995 8
      vertex 76.4021 45.995 0
    endloop
  endfacet
  facet normal -0.95698 -0.290154 0
    outer loop
      vertex 76.4021 45.995 8
      vertex 76.55 45.5072 0
      vertex 76.55 45.5072 8
    endloop
  endfacet
  facet normal -0.773056 -0.634338 0
    outer loop
      vertex 76.1618 46.4445 0
      vertex 75.8385 46.8385 8
      vertex 75.8385 46.8385 0
    endloop
  endfacet
  facet normal -0.773056 -0.634338 0
    outer loop
      vertex 75.8385 46.8385 8
      vertex 76.1618 46.4445 0
      vertex 76.1618 46.4445 8
    endloop
  endfacet
  facet normal -0.290154 -0.95698 0
    outer loop
      vertex 74.5072 47.55 0
      vertex 74.995 47.4021 8
      vertex 74.5072 47.55 8
    endloop
  endfacet
  facet normal -0.290154 -0.95698 -0
    outer loop
      vertex 74.995 47.4021 8
      vertex 74.5072 47.55 0
      vertex 74.995 47.4021 0
    endloop
  endfacet
  facet normal -0.0981049 -0.995176 0
    outer loop
      vertex 74 47.6 0
      vertex 74.5072 47.55 8
      vertex 74 47.6 8
    endloop
  endfacet
  facet normal -0.0981049 -0.995176 -0
    outer loop
      vertex 74.5072 47.55 8
      vertex 74 47.6 0
      vertex 74.5072 47.55 0
    endloop
  endfacet
  facet normal -0.471454 -0.881891 0
    outer loop
      vertex 74.995 47.4021 0
      vertex 75.4445 47.1618 8
      vertex 74.995 47.4021 8
    endloop
  endfacet
  facet normal -0.471454 -0.881891 -0
    outer loop
      vertex 75.4445 47.1618 8
      vertex 74.995 47.4021 0
      vertex 75.4445 47.1618 0
    endloop
  endfacet
  facet normal 0.95698 -0.290154 0
    outer loop
      vertex 71.45 45.5072 8
      vertex 71.5979 45.995 0
      vertex 71.5979 45.995 8
    endloop
  endfacet
  facet normal 0.95698 -0.290154 0
    outer loop
      vertex 71.5979 45.995 0
      vertex 71.45 45.5072 8
      vertex 71.45 45.5072 0
    endloop
  endfacet
  facet normal 0.881891 -0.471454 0
    outer loop
      vertex 71.5979 45.995 8
      vertex 71.8382 46.4445 0
      vertex 71.8382 46.4445 8
    endloop
  endfacet
  facet normal 0.881891 -0.471454 0
    outer loop
      vertex 71.8382 46.4445 0
      vertex 71.5979 45.995 8
      vertex 71.5979 45.995 0
    endloop
  endfacet
  facet normal 0.995176 -0.0981049 0
    outer loop
      vertex 71.4 45 8
      vertex 71.45 45.5072 0
      vertex 71.45 45.5072 8
    endloop
  endfacet
  facet normal 0.995176 -0.0981049 0
    outer loop
      vertex 71.45 45.5072 0
      vertex 71.4 45 8
      vertex 71.4 45 0
    endloop
  endfacet
  facet normal 0.634338 -0.773056 0
    outer loop
      vertex 72.1615 46.8385 0
      vertex 72.5555 47.1618 8
      vertex 72.1615 46.8385 8
    endloop
  endfacet
  facet normal 0.634338 -0.773056 0
    outer loop
      vertex 72.5555 47.1618 8
      vertex 72.1615 46.8385 0
      vertex 72.5555 47.1618 0
    endloop
  endfacet
  facet normal 0.290154 -0.95698 0
    outer loop
      vertex 73.005 47.4021 0
      vertex 73.4928 47.55 8
      vertex 73.005 47.4021 8
    endloop
  endfacet
  facet normal 0.290154 -0.95698 0
    outer loop
      vertex 73.4928 47.55 8
      vertex 73.005 47.4021 0
      vertex 73.4928 47.55 0
    endloop
  endfacet
  facet normal -0.995176 0.0981049 0
    outer loop
      vertex 76.55 44.4928 0
      vertex 76.6 45 8
      vertex 76.6 45 0
    endloop
  endfacet
  facet normal -0.995176 0.0981049 0
    outer loop
      vertex 76.6 45 8
      vertex 76.55 44.4928 0
      vertex 76.55 44.4928 8
    endloop
  endfacet
  facet normal -0.290154 0.95698 0
    outer loop
      vertex 74.995 42.5979 0
      vertex 74.5072 42.45 8
      vertex 74.995 42.5979 8
    endloop
  endfacet
  facet normal -0.290154 0.95698 0
    outer loop
      vertex 74.5072 42.45 8
      vertex 74.995 42.5979 0
      vertex 74.5072 42.45 0
    endloop
  endfacet
  facet normal -0.634338 0.773056 0
    outer loop
      vertex 75.8385 43.1615 0
      vertex 75.4445 42.8382 8
      vertex 75.8385 43.1615 8
    endloop
  endfacet
  facet normal -0.634338 0.773056 0
    outer loop
      vertex 75.4445 42.8382 8
      vertex 75.8385 43.1615 0
      vertex 75.4445 42.8382 0
    endloop
  endfacet
  facet normal -0.881891 0.471454 0
    outer loop
      vertex 76.1618 43.5555 0
      vertex 76.4021 44.005 8
      vertex 76.4021 44.005 0
    endloop
  endfacet
  facet normal -0.881891 0.471454 0
    outer loop
      vertex 76.4021 44.005 8
      vertex 76.1618 43.5555 0
      vertex 76.1618 43.5555 8
    endloop
  endfacet
  facet normal 0.471454 0.881891 -0
    outer loop
      vertex 73.005 42.5979 0
      vertex 72.5555 42.8382 8
      vertex 73.005 42.5979 8
    endloop
  endfacet
  facet normal 0.471454 0.881891 0
    outer loop
      vertex 72.5555 42.8382 8
      vertex 73.005 42.5979 0
      vertex 72.5555 42.8382 0
    endloop
  endfacet
  facet normal 0.0981049 0.995176 -0
    outer loop
      vertex 74 42.4 0
      vertex 73.4928 42.45 8
      vertex 74 42.4 8
    endloop
  endfacet
  facet normal 0.0981049 0.995176 0
    outer loop
      vertex 73.4928 42.45 8
      vertex 74 42.4 0
      vertex 73.4928 42.45 0
    endloop
  endfacet
  facet normal 0.773056 0.634338 0
    outer loop
      vertex 72.1615 43.1615 8
      vertex 71.8382 43.5555 0
      vertex 71.8382 43.5555 8
    endloop
  endfacet
  facet normal 0.773056 0.634338 0
    outer loop
      vertex 71.8382 43.5555 0
      vertex 72.1615 43.1615 8
      vertex 72.1615 43.1615 0
    endloop
  endfacet
  facet normal 0.95698 0.290154 0
    outer loop
      vertex 71.5979 44.005 8
      vertex 71.45 44.4928 0
      vertex 71.45 44.4928 8
    endloop
  endfacet
  facet normal 0.95698 0.290154 0
    outer loop
      vertex 71.45 44.4928 0
      vertex 71.5979 44.005 8
      vertex 71.5979 44.005 0
    endloop
  endfacet
  facet normal 0.995176 0.0981049 0
    outer loop
      vertex 71.45 44.4928 8
      vertex 71.4 45 0
      vertex 71.4 45 8
    endloop
  endfacet
  facet normal 0.995176 0.0981049 0
    outer loop
      vertex 71.4 45 0
      vertex 71.45 44.4928 8
      vertex 71.45 44.4928 0
    endloop
  endfacet
  facet normal -0.471454 0.881891 0
    outer loop
      vertex 75.4445 42.8382 0
      vertex 74.995 42.5979 8
      vertex 75.4445 42.8382 8
    endloop
  endfacet
  facet normal -0.471454 0.881891 0
    outer loop
      vertex 74.995 42.5979 8
      vertex 75.4445 42.8382 0
      vertex 74.995 42.5979 0
    endloop
  endfacet
  facet normal -0.773056 0.634338 0
    outer loop
      vertex 75.8385 43.1615 0
      vertex 76.1618 43.5555 8
      vertex 76.1618 43.5555 0
    endloop
  endfacet
  facet normal -0.773056 0.634338 0
    outer loop
      vertex 76.1618 43.5555 8
      vertex 75.8385 43.1615 0
      vertex 75.8385 43.1615 8
    endloop
  endfacet
  facet normal -0.95698 0.290154 0
    outer loop
      vertex 76.4021 44.005 0
      vertex 76.55 44.4928 8
      vertex 76.55 44.4928 0
    endloop
  endfacet
  facet normal -0.95698 0.290154 0
    outer loop
      vertex 76.55 44.4928 8
      vertex 76.4021 44.005 0
      vertex 76.4021 44.005 8
    endloop
  endfacet
  facet normal 0.290154 0.95698 -0
    outer loop
      vertex 73.4928 42.45 0
      vertex 73.005 42.5979 8
      vertex 73.4928 42.45 8
    endloop
  endfacet
  facet normal 0.290154 0.95698 0
    outer loop
      vertex 73.005 42.5979 8
      vertex 73.4928 42.45 0
      vertex 73.005 42.5979 0
    endloop
  endfacet
  facet normal -0.0981049 0.995176 0
    outer loop
      vertex 74.5072 42.45 0
      vertex 74 42.4 8
      vertex 74.5072 42.45 8
    endloop
  endfacet
  facet normal -0.0981049 0.995176 0
    outer loop
      vertex 74 42.4 8
      vertex 74.5072 42.45 0
      vertex 74 42.4 0
    endloop
  endfacet
  facet normal 0.634338 0.773056 -0
    outer loop
      vertex 72.5555 42.8382 0
      vertex 72.1615 43.1615 8
      vertex 72.5555 42.8382 8
    endloop
  endfacet
  facet normal 0.634338 0.773056 0
    outer loop
      vertex 72.1615 43.1615 8
      vertex 72.5555 42.8382 0
      vertex 72.1615 43.1615 0
    endloop
  endfacet
  facet normal 0.881891 0.471454 0
    outer loop
      vertex 71.8382 43.5555 8
      vertex 71.5979 44.005 0
      vertex 71.5979 44.005 8
    endloop
  endfacet
  facet normal 0.881891 0.471454 0
    outer loop
      vertex 71.5979 44.005 0
      vertex 71.8382 43.5555 8
      vertex 71.8382 43.5555 0
    endloop
  endfacet
  facet normal -0.99518 -0.0980655 0
    outer loop
      vertex 8.6 105 0
      vertex 8.55004 105.507 8
      vertex 8.55004 105.507 0
    endloop
  endfacet
  facet normal -0.99518 -0.0980655 0
    outer loop
      vertex 8.55004 105.507 8
      vertex 8.6 105 0
      vertex 8.6 105 8
    endloop
  endfacet
  facet normal 0.0980972 -0.995177 0
    outer loop
      vertex 5.49276 107.55 0
      vertex 6 107.6 8
      vertex 5.49276 107.55 8
    endloop
  endfacet
  facet normal 0.0980972 -0.995177 0
    outer loop
      vertex 6 107.6 8
      vertex 5.49276 107.55 0
      vertex 6 107.6 0
    endloop
  endfacet
  facet normal -0.635157 -0.772383 0
    outer loop
      vertex 7.44448 107.162 0
      vertex 7.83848 106.838 8
      vertex 7.44448 107.162 8
    endloop
  endfacet
  facet normal -0.635157 -0.772383 -0
    outer loop
      vertex 7.83848 106.838 8
      vertex 7.44448 107.162 0
      vertex 7.83848 106.838 0
    endloop
  endfacet
  facet normal 0.773018 -0.634385 0
    outer loop
      vertex 3.83818 106.444 8
      vertex 4.16152 106.838 0
      vertex 4.16152 106.838 8
    endloop
  endfacet
  facet normal 0.773018 -0.634385 0
    outer loop
      vertex 4.16152 106.838 0
      vertex 3.83818 106.444 8
      vertex 3.83818 106.444 0
    endloop
  endfacet
  facet normal 0.470996 -0.882136 0
    outer loop
      vertex 4.55552 107.162 0
      vertex 5.00502 107.402 8
      vertex 4.55552 107.162 8
    endloop
  endfacet
  facet normal 0.470996 -0.882136 0
    outer loop
      vertex 5.00502 107.402 8
      vertex 4.55552 107.162 0
      vertex 5.00502 107.402 0
    endloop
  endfacet
  facet normal -0.881697 -0.471816 0
    outer loop
      vertex 8.40209 105.995 0
      vertex 8.16182 106.444 8
      vertex 8.16182 106.444 0
    endloop
  endfacet
  facet normal -0.881697 -0.471816 0
    outer loop
      vertex 8.16182 106.444 8
      vertex 8.40209 105.995 0
      vertex 8.40209 105.995 8
    endloop
  endfacet
  facet normal -0.956986 -0.290135 0
    outer loop
      vertex 8.55004 105.507 0
      vertex 8.40209 105.995 8
      vertex 8.40209 105.995 0
    endloop
  endfacet
  facet normal -0.956986 -0.290135 0
    outer loop
      vertex 8.40209 105.995 8
      vertex 8.55004 105.507 0
      vertex 8.55004 105.507 8
    endloop
  endfacet
  facet normal -0.773018 -0.634385 0
    outer loop
      vertex 8.16182 106.444 0
      vertex 7.83848 106.838 8
      vertex 7.83848 106.838 0
    endloop
  endfacet
  facet normal -0.773018 -0.634385 0
    outer loop
      vertex 7.83848 106.838 8
      vertex 8.16182 106.444 0
      vertex 8.16182 106.444 8
    endloop
  endfacet
  facet normal -0.290361 -0.956917 0
    outer loop
      vertex 6.50723 107.55 0
      vertex 6.99498 107.402 8
      vertex 6.50723 107.55 8
    endloop
  endfacet
  facet normal -0.290361 -0.956917 -0
    outer loop
      vertex 6.99498 107.402 8
      vertex 6.50723 107.55 0
      vertex 6.99498 107.402 0
    endloop
  endfacet
  facet normal -0.0980992 -0.995177 0
    outer loop
      vertex 6 107.6 0
      vertex 6.50723 107.55 8
      vertex 6 107.6 8
    endloop
  endfacet
  facet normal -0.0980992 -0.995177 -0
    outer loop
      vertex 6.50723 107.55 8
      vertex 6 107.6 0
      vertex 6.50723 107.55 0
    endloop
  endfacet
  facet normal -0.470996 -0.882136 0
    outer loop
      vertex 6.99498 107.402 0
      vertex 7.44448 107.162 8
      vertex 6.99498 107.402 8
    endloop
  endfacet
  facet normal -0.470996 -0.882136 -0
    outer loop
      vertex 7.44448 107.162 8
      vertex 6.99498 107.402 0
      vertex 7.44448 107.162 0
    endloop
  endfacet
  facet normal 0.956986 -0.290135 0
    outer loop
      vertex 3.44996 105.507 8
      vertex 3.59791 105.995 0
      vertex 3.59791 105.995 8
    endloop
  endfacet
  facet normal 0.956986 -0.290135 0
    outer loop
      vertex 3.59791 105.995 0
      vertex 3.44996 105.507 8
      vertex 3.44996 105.507 0
    endloop
  endfacet
  facet normal 0.881697 -0.471816 0
    outer loop
      vertex 3.59791 105.995 8
      vertex 3.83818 106.444 0
      vertex 3.83818 106.444 8
    endloop
  endfacet
  facet normal 0.881697 -0.471816 0
    outer loop
      vertex 3.83818 106.444 0
      vertex 3.59791 105.995 8
      vertex 3.59791 105.995 0
    endloop
  endfacet
  facet normal 0.99518 -0.0980655 0
    outer loop
      vertex 3.4 105 8
      vertex 3.44996 105.507 0
      vertex 3.44996 105.507 8
    endloop
  endfacet
  facet normal 0.99518 -0.0980655 0
    outer loop
      vertex 3.44996 105.507 0
      vertex 3.4 105 8
      vertex 3.4 105 0
    endloop
  endfacet
  facet normal 0.635157 -0.772383 0
    outer loop
      vertex 4.16152 106.838 0
      vertex 4.55552 107.162 8
      vertex 4.16152 106.838 8
    endloop
  endfacet
  facet normal 0.635157 -0.772383 0
    outer loop
      vertex 4.55552 107.162 8
      vertex 4.16152 106.838 0
      vertex 4.55552 107.162 0
    endloop
  endfacet
  facet normal 0.290367 -0.956915 0
    outer loop
      vertex 5.00502 107.402 0
      vertex 5.49276 107.55 8
      vertex 5.00502 107.402 8
    endloop
  endfacet
  facet normal 0.290367 -0.956915 0
    outer loop
      vertex 5.49276 107.55 8
      vertex 5.00502 107.402 0
      vertex 5.49276 107.55 0
    endloop
  endfacet
  facet normal -0.99518 0.0980655 0
    outer loop
      vertex 8.55004 104.493 0
      vertex 8.6 105 8
      vertex 8.6 105 0
    endloop
  endfacet
  facet normal -0.99518 0.0980655 0
    outer loop
      vertex 8.6 105 8
      vertex 8.55004 104.493 0
      vertex 8.55004 104.493 8
    endloop
  endfacet
  facet normal -0.290361 0.956917 0
    outer loop
      vertex 6.99498 102.598 0
      vertex 6.50723 102.45 8
      vertex 6.99498 102.598 8
    endloop
  endfacet
  facet normal -0.290361 0.956917 0
    outer loop
      vertex 6.50723 102.45 8
      vertex 6.99498 102.598 0
      vertex 6.50723 102.45 0
    endloop
  endfacet
  facet normal -0.635157 0.772383 0
    outer loop
      vertex 7.83848 103.162 0
      vertex 7.44448 102.838 8
      vertex 7.83848 103.162 8
    endloop
  endfacet
  facet normal -0.635157 0.772383 0
    outer loop
      vertex 7.44448 102.838 8
      vertex 7.83848 103.162 0
      vertex 7.44448 102.838 0
    endloop
  endfacet
  facet normal -0.881697 0.471816 0
    outer loop
      vertex 8.16182 103.556 0
      vertex 8.40209 104.005 8
      vertex 8.40209 104.005 0
    endloop
  endfacet
  facet normal -0.881697 0.471816 0
    outer loop
      vertex 8.40209 104.005 8
      vertex 8.16182 103.556 0
      vertex 8.16182 103.556 8
    endloop
  endfacet
  facet normal 0.470996 0.882136 -0
    outer loop
      vertex 5.00502 102.598 0
      vertex 4.55552 102.838 8
      vertex 5.00502 102.598 8
    endloop
  endfacet
  facet normal 0.470996 0.882136 0
    outer loop
      vertex 4.55552 102.838 8
      vertex 5.00502 102.598 0
      vertex 4.55552 102.838 0
    endloop
  endfacet
  facet normal 0.0980972 0.995177 -0
    outer loop
      vertex 6 102.4 0
      vertex 5.49276 102.45 8
      vertex 6 102.4 8
    endloop
  endfacet
  facet normal 0.0980972 0.995177 0
    outer loop
      vertex 5.49276 102.45 8
      vertex 6 102.4 0
      vertex 5.49276 102.45 0
    endloop
  endfacet
  facet normal 0.773018 0.634385 0
    outer loop
      vertex 4.16152 103.162 8
      vertex 3.83818 103.556 0
      vertex 3.83818 103.556 8
    endloop
  endfacet
  facet normal 0.773018 0.634385 0
    outer loop
      vertex 3.83818 103.556 0
      vertex 4.16152 103.162 8
      vertex 4.16152 103.162 0
    endloop
  endfacet
  facet normal 0.956986 0.290135 0
    outer loop
      vertex 3.59791 104.005 8
      vertex 3.44996 104.493 0
      vertex 3.44996 104.493 8
    endloop
  endfacet
  facet normal 0.956986 0.290135 0
    outer loop
      vertex 3.44996 104.493 0
      vertex 3.59791 104.005 8
      vertex 3.59791 104.005 0
    endloop
  endfacet
  facet normal 0.99518 0.0980655 0
    outer loop
      vertex 3.44996 104.493 8
      vertex 3.4 105 0
      vertex 3.4 105 8
    endloop
  endfacet
  facet normal 0.99518 0.0980655 0
    outer loop
      vertex 3.4 105 0
      vertex 3.44996 104.493 8
      vertex 3.44996 104.493 0
    endloop
  endfacet
  facet normal -0.470996 0.882136 0
    outer loop
      vertex 7.44448 102.838 0
      vertex 6.99498 102.598 8
      vertex 7.44448 102.838 8
    endloop
  endfacet
  facet normal -0.470996 0.882136 0
    outer loop
      vertex 6.99498 102.598 8
      vertex 7.44448 102.838 0
      vertex 6.99498 102.598 0
    endloop
  endfacet
  facet normal -0.773018 0.634385 0
    outer loop
      vertex 7.83848 103.162 0
      vertex 8.16182 103.556 8
      vertex 8.16182 103.556 0
    endloop
  endfacet
  facet normal -0.773018 0.634385 0
    outer loop
      vertex 8.16182 103.556 8
      vertex 7.83848 103.162 0
      vertex 7.83848 103.162 8
    endloop
  endfacet
  facet normal -0.956986 0.290135 0
    outer loop
      vertex 8.40209 104.005 0
      vertex 8.55004 104.493 8
      vertex 8.55004 104.493 0
    endloop
  endfacet
  facet normal -0.956986 0.290135 0
    outer loop
      vertex 8.55004 104.493 8
      vertex 8.40209 104.005 0
      vertex 8.40209 104.005 8
    endloop
  endfacet
  facet normal 0.290367 0.956915 -0
    outer loop
      vertex 5.49276 102.45 0
      vertex 5.00502 102.598 8
      vertex 5.49276 102.45 8
    endloop
  endfacet
  facet normal 0.290367 0.956915 0
    outer loop
      vertex 5.00502 102.598 8
      vertex 5.49276 102.45 0
      vertex 5.00502 102.598 0
    endloop
  endfacet
  facet normal -0.0980992 0.995177 0
    outer loop
      vertex 6.50723 102.45 0
      vertex 6 102.4 8
      vertex 6.50723 102.45 8
    endloop
  endfacet
  facet normal -0.0980992 0.995177 0
    outer loop
      vertex 6 102.4 8
      vertex 6.50723 102.45 0
      vertex 6 102.4 0
    endloop
  endfacet
  facet normal 0.635157 0.772383 -0
    outer loop
      vertex 4.55552 102.838 0
      vertex 4.16152 103.162 8
      vertex 4.55552 102.838 8
    endloop
  endfacet
  facet normal 0.635157 0.772383 0
    outer loop
      vertex 4.16152 103.162 8
      vertex 4.55552 102.838 0
      vertex 4.16152 103.162 0
    endloop
  endfacet
  facet normal 0.881697 0.471816 0
    outer loop
      vertex 3.83818 103.556 8
      vertex 3.59791 104.005 0
      vertex 3.59791 104.005 8
    endloop
  endfacet
  facet normal 0.881697 0.471816 0
    outer loop
      vertex 3.59791 104.005 0
      vertex 3.83818 103.556 8
      vertex 3.83818 103.556 0
    endloop
  endfacet
  facet normal -0.995172 -0.0981432 0
    outer loop
      vertex 76.6 105 0
      vertex 76.55 105.507 8
      vertex 76.55 105.507 0
    endloop
  endfacet
  facet normal -0.995172 -0.0981432 0
    outer loop
      vertex 76.55 105.507 8
      vertex 76.6 105 0
      vertex 76.6 105 8
    endloop
  endfacet
  facet normal 0.0981049 -0.995176 0
    outer loop
      vertex 73.4928 107.55 0
      vertex 74 107.6 8
      vertex 73.4928 107.55 8
    endloop
  endfacet
  facet normal 0.0981049 -0.995176 0
    outer loop
      vertex 74 107.6 8
      vertex 73.4928 107.55 0
      vertex 74 107.6 0
    endloop
  endfacet
  facet normal 0.635157 0.772383 -0
    outer loop
      vertex 72.5555 102.838 0
      vertex 72.1615 103.162 8
      vertex 72.5555 102.838 8
    endloop
  endfacet
  facet normal 0.635157 0.772383 0
    outer loop
      vertex 72.1615 103.162 8
      vertex 72.5555 102.838 0
      vertex 72.1615 103.162 0
    endloop
  endfacet
  facet normal -0.635157 -0.772383 0
    outer loop
      vertex 75.4445 107.162 0
      vertex 75.8385 106.838 8
      vertex 75.4445 107.162 8
    endloop
  endfacet
  facet normal -0.635157 -0.772383 -0
    outer loop
      vertex 75.8385 106.838 8
      vertex 75.4445 107.162 0
      vertex 75.8385 106.838 0
    endloop
  endfacet
  facet normal 0.773056 -0.634338 0
    outer loop
      vertex 71.8382 106.444 8
      vertex 72.1615 106.838 0
      vertex 72.1615 106.838 8
    endloop
  endfacet
  facet normal 0.773056 -0.634338 0
    outer loop
      vertex 72.1615 106.838 0
      vertex 71.8382 106.444 8
      vertex 71.8382 106.444 0
    endloop
  endfacet
  facet normal 0.470996 -0.882136 0
    outer loop
      vertex 72.5555 107.162 0
      vertex 73.005 107.402 8
      vertex 72.5555 107.162 8
    endloop
  endfacet
  facet normal 0.470996 -0.882136 0
    outer loop
      vertex 73.005 107.402 8
      vertex 72.5555 107.162 0
      vertex 73.005 107.402 0
    endloop
  endfacet
  facet normal -0.881673 -0.471862 0
    outer loop
      vertex 76.4021 105.995 0
      vertex 76.1618 106.444 8
      vertex 76.1618 106.444 0
    endloop
  endfacet
  facet normal -0.881673 -0.471862 0
    outer loop
      vertex 76.1618 106.444 8
      vertex 76.4021 105.995 0
      vertex 76.4021 105.995 8
    endloop
  endfacet
  facet normal -0.957013 -0.290045 0
    outer loop
      vertex 76.55 105.507 0
      vertex 76.4021 105.995 8
      vertex 76.4021 105.995 0
    endloop
  endfacet
  facet normal -0.957013 -0.290045 0
    outer loop
      vertex 76.4021 105.995 8
      vertex 76.55 105.507 0
      vertex 76.55 105.507 8
    endloop
  endfacet
  facet normal -0.773056 -0.634338 0
    outer loop
      vertex 76.1618 106.444 0
      vertex 75.8385 106.838 8
      vertex 75.8385 106.838 0
    endloop
  endfacet
  facet normal -0.773056 -0.634338 0
    outer loop
      vertex 75.8385 106.838 8
      vertex 76.1618 106.444 0
      vertex 76.1618 106.444 8
    endloop
  endfacet
  facet normal -0.290334 -0.956925 0
    outer loop
      vertex 74.5072 107.55 0
      vertex 74.995 107.402 8
      vertex 74.5072 107.55 8
    endloop
  endfacet
  facet normal -0.290334 -0.956925 -0
    outer loop
      vertex 74.995 107.402 8
      vertex 74.5072 107.55 0
      vertex 74.995 107.402 0
    endloop
  endfacet
  facet normal -0.0981049 -0.995176 0
    outer loop
      vertex 74 107.6 0
      vertex 74.5072 107.55 8
      vertex 74 107.6 8
    endloop
  endfacet
  facet normal -0.0981049 -0.995176 -0
    outer loop
      vertex 74.5072 107.55 8
      vertex 74 107.6 0
      vertex 74.5072 107.55 0
    endloop
  endfacet
  facet normal -0.470996 -0.882136 0
    outer loop
      vertex 74.995 107.402 0
      vertex 75.4445 107.162 8
      vertex 74.995 107.402 8
    endloop
  endfacet
  facet normal -0.470996 -0.882136 -0
    outer loop
      vertex 75.4445 107.162 8
      vertex 74.995 107.402 0
      vertex 75.4445 107.162 0
    endloop
  endfacet
  facet normal 0.957013 -0.290045 0
    outer loop
      vertex 71.45 105.507 8
      vertex 71.5979 105.995 0
      vertex 71.5979 105.995 8
    endloop
  endfacet
  facet normal 0.957013 -0.290045 0
    outer loop
      vertex 71.5979 105.995 0
      vertex 71.45 105.507 8
      vertex 71.45 105.507 0
    endloop
  endfacet
  facet normal 0.881673 -0.471862 0
    outer loop
      vertex 71.5979 105.995 8
      vertex 71.8382 106.444 0
      vertex 71.8382 106.444 8
    endloop
  endfacet
  facet normal 0.881673 -0.471862 0
    outer loop
      vertex 71.8382 106.444 0
      vertex 71.5979 105.995 8
      vertex 71.5979 105.995 0
    endloop
  endfacet
  facet normal 0.995172 -0.0981432 0
    outer loop
      vertex 71.4 105 8
      vertex 71.45 105.507 0
      vertex 71.45 105.507 8
    endloop
  endfacet
  facet normal 0.995172 -0.0981432 0
    outer loop
      vertex 71.45 105.507 0
      vertex 71.4 105 8
      vertex 71.4 105 0
    endloop
  endfacet
  facet normal 0.635157 -0.772383 0
    outer loop
      vertex 72.1615 106.838 0
      vertex 72.5555 107.162 8
      vertex 72.1615 106.838 8
    endloop
  endfacet
  facet normal 0.635157 -0.772383 0
    outer loop
      vertex 72.5555 107.162 8
      vertex 72.1615 106.838 0
      vertex 72.5555 107.162 0
    endloop
  endfacet
  facet normal 0.290334 -0.956925 0
    outer loop
      vertex 73.005 107.402 0
      vertex 73.4928 107.55 8
      vertex 73.005 107.402 8
    endloop
  endfacet
  facet normal 0.290334 -0.956925 0
    outer loop
      vertex 73.4928 107.55 8
      vertex 73.005 107.402 0
      vertex 73.4928 107.55 0
    endloop
  endfacet
  facet normal -0.995172 0.0981432 0
    outer loop
      vertex 76.55 104.493 0
      vertex 76.6 105 8
      vertex 76.6 105 0
    endloop
  endfacet
  facet normal -0.995172 0.0981432 0
    outer loop
      vertex 76.6 105 8
      vertex 76.55 104.493 0
      vertex 76.55 104.493 8
    endloop
  endfacet
  facet normal -0.290334 0.956925 0
    outer loop
      vertex 74.995 102.598 0
      vertex 74.5072 102.45 8
      vertex 74.995 102.598 8
    endloop
  endfacet
  facet normal -0.290334 0.956925 0
    outer loop
      vertex 74.5072 102.45 8
      vertex 74.995 102.598 0
      vertex 74.5072 102.45 0
    endloop
  endfacet
  facet normal -0.635157 0.772383 0
    outer loop
      vertex 75.8385 103.162 0
      vertex 75.4445 102.838 8
      vertex 75.8385 103.162 8
    endloop
  endfacet
  facet normal -0.635157 0.772383 0
    outer loop
      vertex 75.4445 102.838 8
      vertex 75.8385 103.162 0
      vertex 75.4445 102.838 0
    endloop
  endfacet
  facet normal -0.881673 0.471862 0
    outer loop
      vertex 76.1618 103.556 0
      vertex 76.4021 104.005 8
      vertex 76.4021 104.005 0
    endloop
  endfacet
  facet normal -0.881673 0.471862 0
    outer loop
      vertex 76.4021 104.005 8
      vertex 76.1618 103.556 0
      vertex 76.1618 103.556 8
    endloop
  endfacet
  facet normal 0.470996 0.882136 -0
    outer loop
      vertex 73.005 102.598 0
      vertex 72.5555 102.838 8
      vertex 73.005 102.598 8
    endloop
  endfacet
  facet normal 0.470996 0.882136 0
    outer loop
      vertex 72.5555 102.838 8
      vertex 73.005 102.598 0
      vertex 72.5555 102.838 0
    endloop
  endfacet
  facet normal 0.0981049 0.995176 -0
    outer loop
      vertex 74 102.4 0
      vertex 73.4928 102.45 8
      vertex 74 102.4 8
    endloop
  endfacet
  facet normal 0.0981049 0.995176 0
    outer loop
      vertex 73.4928 102.45 8
      vertex 74 102.4 0
      vertex 73.4928 102.45 0
    endloop
  endfacet
  facet normal 0.773056 0.634338 0
    outer loop
      vertex 72.1615 103.162 8
      vertex 71.8382 103.556 0
      vertex 71.8382 103.556 8
    endloop
  endfacet
  facet normal 0.773056 0.634338 0
    outer loop
      vertex 71.8382 103.556 0
      vertex 72.1615 103.162 8
      vertex 72.1615 103.162 0
    endloop
  endfacet
  facet normal 0.957013 0.290045 0
    outer loop
      vertex 71.5979 104.005 8
      vertex 71.45 104.493 0
      vertex 71.45 104.493 8
    endloop
  endfacet
  facet normal 0.957013 0.290045 0
    outer loop
      vertex 71.45 104.493 0
      vertex 71.5979 104.005 8
      vertex 71.5979 104.005 0
    endloop
  endfacet
  facet normal 0.995172 0.0981432 0
    outer loop
      vertex 71.45 104.493 8
      vertex 71.4 105 0
      vertex 71.4 105 8
    endloop
  endfacet
  facet normal 0.995172 0.0981432 0
    outer loop
      vertex 71.4 105 0
      vertex 71.45 104.493 8
      vertex 71.45 104.493 0
    endloop
  endfacet
  facet normal -0.470996 0.882136 0
    outer loop
      vertex 75.4445 102.838 0
      vertex 74.995 102.598 8
      vertex 75.4445 102.838 8
    endloop
  endfacet
  facet normal -0.470996 0.882136 0
    outer loop
      vertex 74.995 102.598 8
      vertex 75.4445 102.838 0
      vertex 74.995 102.598 0
    endloop
  endfacet
  facet normal -0.773056 0.634338 0
    outer loop
      vertex 75.8385 103.162 0
      vertex 76.1618 103.556 8
      vertex 76.1618 103.556 0
    endloop
  endfacet
  facet normal -0.773056 0.634338 0
    outer loop
      vertex 76.1618 103.556 8
      vertex 75.8385 103.162 0
      vertex 75.8385 103.162 8
    endloop
  endfacet
  facet normal -0.957013 0.290045 0
    outer loop
      vertex 76.4021 104.005 0
      vertex 76.55 104.493 8
      vertex 76.55 104.493 0
    endloop
  endfacet
  facet normal -0.957013 0.290045 0
    outer loop
      vertex 76.55 104.493 8
      vertex 76.4021 104.005 0
      vertex 76.4021 104.005 8
    endloop
  endfacet
  facet normal 0.290334 0.956925 -0
    outer loop
      vertex 73.4928 102.45 0
      vertex 73.005 102.598 8
      vertex 73.4928 102.45 8
    endloop
  endfacet
  facet normal 0.290334 0.956925 0
    outer loop
      vertex 73.005 102.598 8
      vertex 73.4928 102.45 0
      vertex 73.005 102.598 0
    endloop
  endfacet
  facet normal -0.0981049 0.995176 0
    outer loop
      vertex 74.5072 102.45 0
      vertex 74 102.4 8
      vertex 74.5072 102.45 8
    endloop
  endfacet
  facet normal -0.0981049 0.995176 0
    outer loop
      vertex 74 102.4 8
      vertex 74.5072 102.45 0
      vertex 74 102.4 0
    endloop
  endfacet
  facet normal 0.881673 0.471862 0
    outer loop
      vertex 71.8382 103.556 8
      vertex 71.5979 104.005 0
      vertex 71.5979 104.005 8
    endloop
  endfacet
  facet normal 0.881673 0.471862 0
    outer loop
      vertex 71.5979 104.005 0
      vertex 71.8382 103.556 8
      vertex 71.8382 103.556 0
    endloop
  endfacet
  facet normal -1 0 0
    outer loop
      vertex 0 5 0
      vertex 0 170 8
      vertex 0 170 0
    endloop
  endfacet
  facet normal -1 -0 0
    outer loop
      vertex 0 170 8
      vertex 0 5 0
      vertex 0 5 8
    endloop
  endfacet
  facet normal 0 0 1
    outer loop
      vertex 32.2218 95.5482 8
      vertex 25.4722 101.815 8
      vertex 30.8538 93.8813 8
    endloop
  endfacet
  facet normal 0 0 1
    outer loop
      vertex 29 87.77 8
      vertex 26.2164 72.6114 8
      vertex 26.25 72.27 8
    endloop
  endfacet
  facet normal -0 0 1
    outer loop
      vertex 25.1697 101.653 8
      vertex 30.8538 93.8813 8
      vertex 25.4722 101.815 8
    endloop
  endfacet
  facet normal 0 0 1
    outer loop
      vertex 29 87.77 8
      vertex 26.1168 72.9397 8
      vertex 26.2164 72.6114 8
    endloop
  endfacet
  facet normal -0 0 1
    outer loop
      vertex 24.8414 101.554 8
      vertex 30.8538 93.8813 8
      vertex 25.1697 101.653 8
    endloop
  endfacet
  facet normal 0 0 1
    outer loop
      vertex 29 87.77 8
      vertex 25.9551 73.2422 8
      vertex 26.1168 72.9397 8
    endloop
  endfacet
  facet normal 0 0 1
    outer loop
      vertex 30.8538 93.8813 8
      vertex 24.8414 101.554 8
      vertex 29.8373 91.9795 8
    endloop
  endfacet
  facet normal 0 0 1
    outer loop
      vertex 29 87.77 8
      vertex 25.7374 73.5074 8
      vertex 25.9551 73.2422 8
    endloop
  endfacet
  facet normal -0 0 1
    outer loop
      vertex 24.5 101.52 8
      vertex 29.8373 91.9795 8
      vertex 24.8414 101.554 8
    endloop
  endfacet
  facet normal 0 0 1
    outer loop
      vertex 29 87.77 8
      vertex 25.4722 73.7251 8
      vertex 25.7374 73.5074 8
    endloop
  endfacet
  facet normal 0 0 1
    outer loop
      vertex 24.1586 101.554 8
      vertex 29.8373 91.9795 8
      vertex 24.5 101.52 8
    endloop
  endfacet
  facet normal 0 0 1
    outer loop
      vertex 29 87.77 8
      vertex 25.1697 73.8868 8
      vertex 25.4722 73.7251 8
    endloop
  endfacet
  facet normal 0 0 1
    outer loop
      vertex 23.8303 101.653 8
      vertex 29.8373 91.9795 8
      vertex 24.1586 101.554 8
    endloop
  endfacet
  facet normal 0 0 1
    outer loop
      vertex 29 87.77 8
      vertex 24.8414 73.9864 8
      vertex 25.1697 73.8868 8
    endloop
  endfacet
  facet normal 0 0 1
    outer loop
      vertex 29.8373 91.9795 8
      vertex 23.8303 101.653 8
      vertex 29.2114 89.916 8
    endloop
  endfacet
  facet normal 0 0 1
    outer loop
      vertex 29 87.77 8
      vertex 24.5 74.02 8
      vertex 24.8414 73.9864 8
    endloop
  endfacet
  facet normal 0 0 1
    outer loop
      vertex 23.5278 101.815 8
      vertex 29.2114 89.916 8
      vertex 23.8303 101.653 8
    endloop
  endfacet
  facet normal 0 0 1
    outer loop
      vertex 29 87.77 8
      vertex 24.1586 73.9864 8
      vertex 24.5 74.02 8
    endloop
  endfacet
  facet normal 0 0 1
    outer loop
      vertex 29.2114 89.916 8
      vertex 23.5278 101.815 8
      vertex 29 87.77 8
    endloop
  endfacet
  facet normal 0 0 1
    outer loop
      vertex 29 87.77 8
      vertex 23.8303 73.8868 8
      vertex 24.1586 73.9864 8
    endloop
  endfacet
  facet normal 0 0 1
    outer loop
      vertex 7.44448 102.838 8
      vertex 29 87.77 8
      vertex 23.5278 101.815 8
    endloop
  endfacet
  facet normal 0 -0 1
    outer loop
      vertex 23.5278 73.7251 8
      vertex 29 87.77 8
      vertex 11.4445 74.4318 8
    endloop
  endfacet
  facet normal 0 0 1
    outer loop
      vertex 7.44448 102.838 8
      vertex 23.5278 101.815 8
      vertex 23.2626 102.033 8
    endloop
  endfacet
  facet normal 0 0 1
    outer loop
      vertex 29 87.77 8
      vertex 23.5278 73.7251 8
      vertex 23.8303 73.8868 8
    endloop
  endfacet
  facet normal 0 0 1
    outer loop
      vertex 7.83848 103.162 8
      vertex 23.2626 102.033 8
      vertex 23.0449 102.298 8
    endloop
  endfacet
  facet normal -0 -0 1
    outer loop
      vertex 11.8385 74.1085 8
      vertex 23.5278 73.7251 8
      vertex 11.4445 74.4318 8
    endloop
  endfacet
  facet normal 0 0 1
    outer loop
      vertex 8.16182 103.556 8
      vertex 23.0449 102.298 8
      vertex 22.8832 102.6 8
    endloop
  endfacet
  facet normal 0 0 1
    outer loop
      vertex 23.5278 73.7251 8
      vertex 11.8385 74.1085 8
      vertex 23.2626 73.5074 8
    endloop
  endfacet
  facet normal 0 0 1
    outer loop
      vertex 8.40209 104.005 8
      vertex 22.8832 102.6 8
      vertex 22.7836 102.929 8
    endloop
  endfacet
  facet normal -0 -0 1
    outer loop
      vertex 12.1618 73.7145 8
      vertex 23.2626 73.5074 8
      vertex 11.8385 74.1085 8
    endloop
  endfacet
  facet normal 0 0 1
    outer loop
      vertex 8.55004 104.493 8
      vertex 22.7836 102.929 8
      vertex 22.75 103.27 8
    endloop
  endfacet
  facet normal 0 0 1
    outer loop
      vertex 23.2626 73.5074 8
      vertex 12.1618 73.7145 8
      vertex 23.0449 73.2422 8
    endloop
  endfacet
  facet normal 0 0 1
    outer loop
      vertex 12.4021 71.275 8
      vertex 22.75 72.27 8
      vertex 12.55 71.7628 8
    endloop
  endfacet
  facet normal 0 0 1
    outer loop
      vertex 12.1618 70.8255 8
      vertex 22.75 72.27 8
      vertex 12.4021 71.275 8
    endloop
  endfacet
  facet normal 0 0 1
    outer loop
      vertex 22.75 72.27 8
      vertex 8.6 45 8
      vertex 12.9933 27.0001 8
    endloop
  endfacet
  facet normal 0 0 1
    outer loop
      vertex 11.8385 70.4315 8
      vertex 22.75 72.27 8
      vertex 12.1618 70.8255 8
    endloop
  endfacet
  facet normal -0 0 1
    outer loop
      vertex 8.55004 44.4928 8
      vertex 12.9933 27.0001 8
      vertex 8.6 45 8
    endloop
  endfacet
  facet normal 0 0 1
    outer loop
      vertex 11.4445 70.1082 8
      vertex 22.75 72.27 8
      vertex 11.8385 70.4315 8
    endloop
  endfacet
  facet normal 0 0 1
    outer loop
      vertex 7.83848 46.8385 8
      vertex 22.75 72.27 8
      vertex 11.4445 70.1082 8
    endloop
  endfacet
  facet normal 0 0 1
    outer loop
      vertex 12.9933 27.0001 8
      vertex 8.55004 44.4928 8
      vertex 12.5456 27.5456 8
    endloop
  endfacet
  facet normal 0 0 1
    outer loop
      vertex 7.83848 46.8385 8
      vertex 11.4445 70.1082 8
      vertex 10.995 69.8679 8
    endloop
  endfacet
  facet normal -0 0 1
    outer loop
      vertex 8.40209 44.005 8
      vertex 12.5456 27.5456 8
      vertex 8.55004 44.4928 8
    endloop
  endfacet
  facet normal 0 0 1
    outer loop
      vertex 7.44448 47.1618 8
      vertex 10.995 69.8679 8
      vertex 10.5072 69.72 8
    endloop
  endfacet
  facet normal 0 0 1
    outer loop
      vertex 6.99498 47.4021 8
      vertex 10.5072 69.72 8
      vertex 10 69.67 8
    endloop
  endfacet
  facet normal 0 0 1
    outer loop
      vertex 12.5456 27.5456 8
      vertex 8.40209 44.005 8
      vertex 12.0001 27.9933 8
    endloop
  endfacet
  facet normal 0 0 1
    outer loop
      vertex 6.50723 47.55 8
      vertex 10 69.67 8
      vertex 9.49276 69.72 8
    endloop
  endfacet
  facet normal -0 0 1
    outer loop
      vertex 8.16182 43.5555 8
      vertex 12.0001 27.9933 8
      vertex 8.40209 44.005 8
    endloop
  endfacet
  facet normal 0 0 1
    outer loop
      vertex 6 47.6 8
      vertex 9.49276 69.72 8
      vertex 9.00502 69.8679 8
    endloop
  endfacet
  facet normal 0 0 1
    outer loop
      vertex 12.0001 27.9933 8
      vertex 8.16182 43.5555 8
      vertex 11.3777 28.326 8
    endloop
  endfacet
  facet normal -0 0 1
    outer loop
      vertex 7.83848 43.1615 8
      vertex 11.3777 28.326 8
      vertex 8.16182 43.5555 8
    endloop
  endfacet
  facet normal 0 0 1
    outer loop
      vertex 5.49276 47.55 8
      vertex 9.00502 69.8679 8
      vertex 8.55552 70.1082 8
    endloop
  endfacet
  facet normal 0 0 1
    outer loop
      vertex 22.75 72.27 8
      vertex 8.55004 45.5072 8
      vertex 8.6 45 8
    endloop
  endfacet
  facet normal 0 0 1
    outer loop
      vertex 22.75 72.27 8
      vertex 8.40209 45.995 8
      vertex 8.55004 45.5072 8
    endloop
  endfacet
  facet normal 0 0 1
    outer loop
      vertex 22.75 72.27 8
      vertex 8.16182 46.4445 8
      vertex 8.40209 45.995 8
    endloop
  endfacet
  facet normal 0 0 1
    outer loop
      vertex 5.00502 47.4021 8
      vertex 8.55552 70.1082 8
      vertex 8.16152 70.4315 8
    endloop
  endfacet
  facet normal 0 0 1
    outer loop
      vertex 22.75 72.27 8
      vertex 7.83848 46.8385 8
      vertex 8.16182 46.4445 8
    endloop
  endfacet
  facet normal 0 0 1
    outer loop
      vertex 4.55552 47.1618 8
      vertex 8.16152 70.4315 8
      vertex 7.83818 70.8255 8
    endloop
  endfacet
  facet normal 0 0 1
    outer loop
      vertex 4.16152 46.8385 8
      vertex 7.83818 70.8255 8
      vertex 7.59791 71.275 8
    endloop
  endfacet
  facet normal 0 0 1
    outer loop
      vertex 3.83818 46.4445 8
      vertex 7.59791 71.275 8
      vertex 7.44996 71.7628 8
    endloop
  endfacet
  facet normal 0 0 1
    outer loop
      vertex 10.995 69.8679 8
      vertex 7.44448 47.1618 8
      vertex 7.83848 46.8385 8
    endloop
  endfacet
  facet normal 0 0 1
    outer loop
      vertex 3.59791 45.995 8
      vertex 7.44996 71.7628 8
      vertex 7.4 72.27 8
    endloop
  endfacet
  facet normal 0 0 1
    outer loop
      vertex 4.55552 102.838 8
      vertex 8.16152 74.1085 8
      vertex 5.00502 102.598 8
    endloop
  endfacet
  facet normal 0 0 1
    outer loop
      vertex 10.5072 69.72 8
      vertex 6.99498 47.4021 8
      vertex 7.44448 47.1618 8
    endloop
  endfacet
  facet normal 0 0 1
    outer loop
      vertex 8.16152 74.1085 8
      vertex 4.55552 102.838 8
      vertex 7.83818 73.7145 8
    endloop
  endfacet
  facet normal 0 0 1
    outer loop
      vertex 10 69.67 8
      vertex 6.50723 47.55 8
      vertex 6.99498 47.4021 8
    endloop
  endfacet
  facet normal 0 0 1
    outer loop
      vertex 4.16152 103.162 8
      vertex 7.83818 73.7145 8
      vertex 4.55552 102.838 8
    endloop
  endfacet
  facet normal 0 0 1
    outer loop
      vertex 9.49276 69.72 8
      vertex 6 47.6 8
      vertex 6.50723 47.55 8
    endloop
  endfacet
  facet normal 0 0 1
    outer loop
      vertex 7.83818 73.7145 8
      vertex 4.16152 103.162 8
      vertex 7.59791 73.265 8
    endloop
  endfacet
  facet normal 0 0 1
    outer loop
      vertex 9.00502 69.8679 8
      vertex 5.49276 47.55 8
      vertex 6 47.6 8
    endloop
  endfacet
  facet normal 0 0 1
    outer loop
      vertex 3.83818 103.556 8
      vertex 7.59791 73.265 8
      vertex 4.16152 103.162 8
    endloop
  endfacet
  facet normal 0 0 1
    outer loop
      vertex 8.55552 70.1082 8
      vertex 5.00502 47.4021 8
      vertex 5.49276 47.55 8
    endloop
  endfacet
  facet normal 0 0 1
    outer loop
      vertex 7.59791 73.265 8
      vertex 3.83818 103.556 8
      vertex 7.44996 72.7772 8
    endloop
  endfacet
  facet normal 0 0 1
    outer loop
      vertex 8.16152 70.4315 8
      vertex 4.55552 47.1618 8
      vertex 5.00502 47.4021 8
    endloop
  endfacet
  facet normal 0 0 1
    outer loop
      vertex 3.59791 104.005 8
      vertex 7.44996 72.7772 8
      vertex 3.83818 103.556 8
    endloop
  endfacet
  facet normal 0 0 1
    outer loop
      vertex 7.83818 70.8255 8
      vertex 4.16152 46.8385 8
      vertex 4.55552 47.1618 8
    endloop
  endfacet
  facet normal 0 0 1
    outer loop
      vertex 7.44996 72.7772 8
      vertex 3.59791 104.005 8
      vertex 7.4 72.27 8
    endloop
  endfacet
  facet normal 0 0 1
    outer loop
      vertex 7.59791 71.275 8
      vertex 3.83818 46.4445 8
      vertex 4.16152 46.8385 8
    endloop
  endfacet
  facet normal 0 0 1
    outer loop
      vertex 3.44996 104.493 8
      vertex 7.4 72.27 8
      vertex 3.59791 104.005 8
    endloop
  endfacet
  facet normal 0 0 1
    outer loop
      vertex 7.44996 71.7628 8
      vertex 3.59791 45.995 8
      vertex 3.83818 46.4445 8
    endloop
  endfacet
  facet normal 0 0 1
    outer loop
      vertex 3.44996 45.5072 8
      vertex 7.4 72.27 8
      vertex 3.44996 104.493 8
    endloop
  endfacet
  facet normal 0 0 1
    outer loop
      vertex 7.4 72.27 8
      vertex 3.44996 45.5072 8
      vertex 3.59791 45.995 8
    endloop
  endfacet
  facet normal 0 0 1
    outer loop
      vertex 3.4 105 8
      vertex 3.44996 45.5072 8
      vertex 3.44996 104.493 8
    endloop
  endfacet
  facet normal 0 0 1
    outer loop
      vertex 3.44996 45.5072 8
      vertex 3.4 105 8
      vertex 3.4 45 8
    endloop
  endfacet
  facet normal 0 0 1
    outer loop
      vertex 23.2626 102.033 8
      vertex 7.83848 103.162 8
      vertex 7.44448 102.838 8
    endloop
  endfacet
  facet normal -0 0 1
    outer loop
      vertex 6.99498 102.598 8
      vertex 29 87.77 8
      vertex 7.44448 102.838 8
    endloop
  endfacet
  facet normal 0 0 1
    outer loop
      vertex 29 87.77 8
      vertex 6.99498 102.598 8
      vertex 10.5072 74.82 8
    endloop
  endfacet
  facet normal 0 0 1
    outer loop
      vertex 10.5072 74.82 8
      vertex 6.99498 102.598 8
      vertex 10 74.87 8
    endloop
  endfacet
  facet normal -0 0 1
    outer loop
      vertex 6.50723 102.45 8
      vertex 10 74.87 8
      vertex 6.99498 102.598 8
    endloop
  endfacet
  facet normal 0 0 1
    outer loop
      vertex 10 74.87 8
      vertex 6.50723 102.45 8
      vertex 9.49276 74.82 8
    endloop
  endfacet
  facet normal -0 0 1
    outer loop
      vertex 6 102.4 8
      vertex 9.49276 74.82 8
      vertex 6.50723 102.45 8
    endloop
  endfacet
  facet normal 0 0 1
    outer loop
      vertex 9.49276 74.82 8
      vertex 6 102.4 8
      vertex 9.00502 74.6721 8
    endloop
  endfacet
  facet normal 0 0 1
    outer loop
      vertex 5.49276 102.45 8
      vertex 9.00502 74.6721 8
      vertex 6 102.4 8
    endloop
  endfacet
  facet normal 0 0 1
    outer loop
      vertex 9.00502 74.6721 8
      vertex 5.49276 102.45 8
      vertex 8.55552 74.4318 8
    endloop
  endfacet
  facet normal 0 0 1
    outer loop
      vertex 5.00502 102.598 8
      vertex 8.55552 74.4318 8
      vertex 5.49276 102.45 8
    endloop
  endfacet
  facet normal 0 0 1
    outer loop
      vertex 8.55552 74.4318 8
      vertex 5.00502 102.598 8
      vertex 8.16152 74.1085 8
    endloop
  endfacet
  facet normal 0 0 1
    outer loop
      vertex 11.3777 28.326 8
      vertex 7.83848 43.1615 8
      vertex 10.7023 28.5308 8
    endloop
  endfacet
  facet normal -0 0 1
    outer loop
      vertex 7.44448 42.8382 8
      vertex 10.7023 28.5308 8
      vertex 7.83848 43.1615 8
    endloop
  endfacet
  facet normal 0 0 1
    outer loop
      vertex 10.7023 28.5308 8
      vertex 7.44448 42.8382 8
      vertex 10 28.6 8
    endloop
  endfacet
  facet normal -0 0 1
    outer loop
      vertex 6.99498 42.5979 8
      vertex 10 28.6 8
      vertex 7.44448 42.8382 8
    endloop
  endfacet
  facet normal 0 0 1
    outer loop
      vertex 10 28.6 8
      vertex 6.99498 42.5979 8
      vertex 9.29767 28.5308 8
    endloop
  endfacet
  facet normal -0 0 1
    outer loop
      vertex 6.50723 42.45 8
      vertex 9.29767 28.5308 8
      vertex 6.99498 42.5979 8
    endloop
  endfacet
  facet normal -0 0 1
    outer loop
      vertex 6 42.4 8
      vertex 9.29767 28.5308 8
      vertex 6.50723 42.45 8
    endloop
  endfacet
  facet normal 0 0 1
    outer loop
      vertex 9.29767 28.5308 8
      vertex 6 42.4 8
      vertex 8.62234 28.326 8
    endloop
  endfacet
  facet normal 0 0 1
    outer loop
      vertex 5.49276 42.45 8
      vertex 8.62234 28.326 8
      vertex 6 42.4 8
    endloop
  endfacet
  facet normal 0 0 1
    outer loop
      vertex 8.62234 28.326 8
      vertex 5.49276 42.45 8
      vertex 7.99995 27.9933 8
    endloop
  endfacet
  facet normal 0 0 1
    outer loop
      vertex 5.00502 42.5979 8
      vertex 7.99995 27.9933 8
      vertex 5.49276 42.45 8
    endloop
  endfacet
  facet normal 0 0 1
    outer loop
      vertex 7.99995 27.9933 8
      vertex 5.00502 42.5979 8
      vertex 7.45442 27.5456 8
    endloop
  endfacet
  facet normal 0 0 1
    outer loop
      vertex 4.55552 42.8382 8
      vertex 7.45442 27.5456 8
      vertex 5.00502 42.5979 8
    endloop
  endfacet
  facet normal 0 0 1
    outer loop
      vertex 7.45442 27.5456 8
      vertex 4.55552 42.8382 8
      vertex 7.00671 27.0001 8
    endloop
  endfacet
  facet normal 0 0 1
    outer loop
      vertex 42.55 130.507 8
      vertex 80 170 8
      vertex 42.55 149.493 8
    endloop
  endfacet
  facet normal 0 0 1
    outer loop
      vertex 80 170 8
      vertex 42.55 130.507 8
      vertex 42.6 130 8
    endloop
  endfacet
  facet normal -0 0 1
    outer loop
      vertex 42.4021 149.005 8
      vertex 42.55 130.507 8
      vertex 42.55 149.493 8
    endloop
  endfacet
  facet normal 0 0 1
    outer loop
      vertex 42.4021 149.005 8
      vertex 42.4021 130.995 8
      vertex 42.55 130.507 8
    endloop
  endfacet
  facet normal -0 0 1
    outer loop
      vertex 42.1618 148.556 8
      vertex 42.4021 130.995 8
      vertex 42.4021 149.005 8
    endloop
  endfacet
  facet normal 0 0 1
    outer loop
      vertex 42.1618 148.556 8
      vertex 42.1618 131.444 8
      vertex 42.4021 130.995 8
    endloop
  endfacet
  facet normal -0 0 1
    outer loop
      vertex 41.8385 148.162 8
      vertex 42.1618 131.444 8
      vertex 42.1618 148.556 8
    endloop
  endfacet
  facet normal 0 0 1
    outer loop
      vertex 41.8385 148.162 8
      vertex 41.8385 131.838 8
      vertex 42.1618 131.444 8
    endloop
  endfacet
  facet normal -0 0 1
    outer loop
      vertex 41.4445 147.838 8
      vertex 41.8385 131.838 8
      vertex 41.8385 148.162 8
    endloop
  endfacet
  facet normal 0 0 1
    outer loop
      vertex 41.4445 147.838 8
      vertex 41.4445 132.162 8
      vertex 41.8385 131.838 8
    endloop
  endfacet
  facet normal -0 0 1
    outer loop
      vertex 40.995 147.598 8
      vertex 41.4445 132.162 8
      vertex 41.4445 147.838 8
    endloop
  endfacet
  facet normal 0 0 1
    outer loop
      vertex 40.995 147.598 8
      vertex 40.995 132.402 8
      vertex 41.4445 132.162 8
    endloop
  endfacet
  facet normal -0 0 1
    outer loop
      vertex 40.5072 147.45 8
      vertex 40.995 132.402 8
      vertex 40.995 147.598 8
    endloop
  endfacet
  facet normal 0 0 1
    outer loop
      vertex 40.5072 147.45 8
      vertex 40.5072 132.55 8
      vertex 40.995 132.402 8
    endloop
  endfacet
  facet normal -0 0 1
    outer loop
      vertex 40 147.4 8
      vertex 40.5072 132.55 8
      vertex 40.5072 147.45 8
    endloop
  endfacet
  facet normal 0 0 1
    outer loop
      vertex 40 147.4 8
      vertex 40 132.6 8
      vertex 40.5072 132.55 8
    endloop
  endfacet
  facet normal 0 0 1
    outer loop
      vertex 39.4928 147.45 8
      vertex 40 132.6 8
      vertex 40 147.4 8
    endloop
  endfacet
  facet normal 0 0 1
    outer loop
      vertex 39.4928 147.45 8
      vertex 39.4928 132.55 8
      vertex 40 132.6 8
    endloop
  endfacet
  facet normal 0 0 1
    outer loop
      vertex 39.005 147.598 8
      vertex 39.4928 132.55 8
      vertex 39.4928 147.45 8
    endloop
  endfacet
  facet normal 0 0 1
    outer loop
      vertex 39.005 147.598 8
      vertex 39.005 132.402 8
      vertex 39.4928 132.55 8
    endloop
  endfacet
  facet normal 0 0 1
    outer loop
      vertex 38.5555 147.838 8
      vertex 39.005 132.402 8
      vertex 39.005 147.598 8
    endloop
  endfacet
  facet normal 0 0 1
    outer loop
      vertex 38.5555 147.838 8
      vertex 38.5555 132.162 8
      vertex 39.005 132.402 8
    endloop
  endfacet
  facet normal 0 0 1
    outer loop
      vertex 38.1615 148.162 8
      vertex 38.5555 132.162 8
      vertex 38.5555 147.838 8
    endloop
  endfacet
  facet normal 0 0 1
    outer loop
      vertex 38.1615 148.162 8
      vertex 38.1615 131.838 8
      vertex 38.5555 132.162 8
    endloop
  endfacet
  facet normal 0 0 1
    outer loop
      vertex 37.8382 148.556 8
      vertex 38.1615 131.838 8
      vertex 38.1615 148.162 8
    endloop
  endfacet
  facet normal 0 0 1
    outer loop
      vertex 37.8382 148.556 8
      vertex 37.8382 131.444 8
      vertex 38.1615 131.838 8
    endloop
  endfacet
  facet normal 0 0 1
    outer loop
      vertex 37.5979 149.005 8
      vertex 37.8382 131.444 8
      vertex 37.8382 148.556 8
    endloop
  endfacet
  facet normal 0 0 1
    outer loop
      vertex 37.5979 149.005 8
      vertex 37.5979 130.995 8
      vertex 37.8382 131.444 8
    endloop
  endfacet
  facet normal 0 0 1
    outer loop
      vertex 37.45 149.493 8
      vertex 37.5979 130.995 8
      vertex 37.5979 149.005 8
    endloop
  endfacet
  facet normal 0 0 1
    outer loop
      vertex 37.45 149.493 8
      vertex 37.45 130.507 8
      vertex 37.5979 130.995 8
    endloop
  endfacet
  facet normal 0 0 1
    outer loop
      vertex 0 170 8
      vertex 37.45 149.493 8
      vertex 37.4 150 8
    endloop
  endfacet
  facet normal 0 0 1
    outer loop
      vertex 37.45 149.493 8
      vertex 0 170 8
      vertex 37.45 130.507 8
    endloop
  endfacet
  facet normal 0 0 1
    outer loop
      vertex 66.4692 25.7023 8
      vertex 43.5308 25.7023 8
      vertex 43.6 25 8
    endloop
  endfacet
  facet normal 0 0 1
    outer loop
      vertex 54.2626 71.0326 8
      vertex 43.326 26.3777 8
      vertex 43.5308 25.7023 8
    endloop
  endfacet
  facet normal 0 0 1
    outer loop
      vertex 54.2626 71.0326 8
      vertex 42.9933 27.0001 8
      vertex 43.326 26.3777 8
    endloop
  endfacet
  facet normal 0 0 1
    outer loop
      vertex 54.2626 71.0326 8
      vertex 42.5456 27.5456 8
      vertex 42.9933 27.0001 8
    endloop
  endfacet
  facet normal 0 0 1
    outer loop
      vertex 54.0449 71.2978 8
      vertex 40 76.77 8
      vertex 54.2626 71.0326 8
    endloop
  endfacet
  facet normal 0 0 1
    outer loop
      vertex 54.2626 71.0326 8
      vertex 42.0001 27.9933 8
      vertex 42.5456 27.5456 8
    endloop
  endfacet
  facet normal 0 0 1
    outer loop
      vertex 54.2626 71.0326 8
      vertex 41.3777 28.326 8
      vertex 42.0001 27.9933 8
    endloop
  endfacet
  facet normal 0 0 1
    outer loop
      vertex 54.2626 71.0326 8
      vertex 40.7023 28.5308 8
      vertex 41.3777 28.326 8
    endloop
  endfacet
  facet normal 0 0 1
    outer loop
      vertex 25.7374 71.0326 8
      vertex 54.2626 71.0326 8
      vertex 40 76.77 8
    endloop
  endfacet
  facet normal 0 0 1
    outer loop
      vertex 54.2626 71.0326 8
      vertex 40 28.6 8
      vertex 40.7023 28.5308 8
    endloop
  endfacet
  facet normal 0 0 1
    outer loop
      vertex 25.4722 70.8149 8
      vertex 54.2626 71.0326 8
      vertex 25.7374 71.0326 8
    endloop
  endfacet
  facet normal 0 0 1
    outer loop
      vertex 54.2626 71.0326 8
      vertex 25.4722 70.8149 8
      vertex 40 28.6 8
    endloop
  endfacet
  facet normal 0 0 1
    outer loop
      vertex 40 28.6 8
      vertex 25.4722 70.8149 8
      vertex 39.2977 28.5308 8
    endloop
  endfacet
  facet normal 0 0 1
    outer loop
      vertex 25.9551 71.2978 8
      vertex 40 76.77 8
      vertex 37.854 76.9814 8
    endloop
  endfacet
  facet normal -0 0 1
    outer loop
      vertex 25.1697 70.6532 8
      vertex 39.2977 28.5308 8
      vertex 25.4722 70.8149 8
    endloop
  endfacet
  facet normal 0 0 1
    outer loop
      vertex 39.2977 28.5308 8
      vertex 25.1697 70.6532 8
      vertex 38.6223 28.326 8
    endloop
  endfacet
  facet normal -0 0 1
    outer loop
      vertex 24.8414 70.5536 8
      vertex 38.6223 28.326 8
      vertex 25.1697 70.6532 8
    endloop
  endfacet
  facet normal 0 0 1
    outer loop
      vertex 38.6223 28.326 8
      vertex 24.8414 70.5536 8
      vertex 37.9999 27.9933 8
    endloop
  endfacet
  facet normal -0 0 1
    outer loop
      vertex 24.5 70.52 8
      vertex 37.9999 27.9933 8
      vertex 24.8414 70.5536 8
    endloop
  endfacet
  facet normal 0 0 1
    outer loop
      vertex 26.1168 71.6003 8
      vertex 37.854 76.9814 8
      vertex 35.7905 77.6073 8
    endloop
  endfacet
  facet normal 0 0 1
    outer loop
      vertex 56.4722 101.815 8
      vertex 72.5555 102.838 8
      vertex 56.7374 102.033 8
    endloop
  endfacet
  facet normal 0 0 1
    outer loop
      vertex 68.5555 74.4318 8
      vertex 57.2164 72.6114 8
      vertex 57.25 72.27 8
    endloop
  endfacet
  facet normal 0 0 1
    outer loop
      vertex 72.5555 102.838 8
      vertex 51 87.77 8
      vertex 69.4928 74.82 8
    endloop
  endfacet
  facet normal 0 0 1
    outer loop
      vertex 68.5555 74.4318 8
      vertex 57.1168 72.9397 8
      vertex 57.2164 72.6114 8
    endloop
  endfacet
  facet normal 0 0 1
    outer loop
      vertex 69.4928 74.82 8
      vertex 51 87.77 8
      vertex 69.005 74.6721 8
    endloop
  endfacet
  facet normal 0 0 1
    outer loop
      vertex 68.5555 74.4318 8
      vertex 56.9551 73.2422 8
      vertex 57.1168 72.9397 8
    endloop
  endfacet
  facet normal -0 0 1
    outer loop
      vertex 50.7886 85.624 8
      vertex 69.005 74.6721 8
      vertex 51 87.77 8
    endloop
  endfacet
  facet normal 0 0 1
    outer loop
      vertex 68.5555 74.4318 8
      vertex 56.7374 73.5074 8
      vertex 56.9551 73.2422 8
    endloop
  endfacet
  facet normal 0 0 1
    outer loop
      vertex 72.5555 102.838 8
      vertex 56.4722 101.815 8
      vertex 51 87.77 8
    endloop
  endfacet
  facet normal 0 0 1
    outer loop
      vertex 69.005 74.6721 8
      vertex 50.7886 85.624 8
      vertex 68.5555 74.4318 8
    endloop
  endfacet
  facet normal 0 0 1
    outer loop
      vertex 50.7886 89.916 8
      vertex 56.4722 101.815 8
      vertex 56.1697 101.653 8
    endloop
  endfacet
  facet normal 0 0 1
    outer loop
      vertex 68.5555 74.4318 8
      vertex 56.4722 73.7251 8
      vertex 56.7374 73.5074 8
    endloop
  endfacet
  facet normal 0 0 1
    outer loop
      vertex 50.1627 91.9795 8
      vertex 56.1697 101.653 8
      vertex 55.8414 101.554 8
    endloop
  endfacet
  facet normal 0 0 1
    outer loop
      vertex 68.5555 74.4318 8
      vertex 50.7886 85.624 8
      vertex 56.4722 73.7251 8
    endloop
  endfacet
  facet normal 0 0 1
    outer loop
      vertex 50.1627 91.9795 8
      vertex 55.8414 101.554 8
      vertex 55.5 101.52 8
    endloop
  endfacet
  facet normal 0 0 1
    outer loop
      vertex 56.4722 73.7251 8
      vertex 50.7886 85.624 8
      vertex 56.1697 73.8868 8
    endloop
  endfacet
  facet normal 0 0 1
    outer loop
      vertex 50.1627 91.9795 8
      vertex 55.5 101.52 8
      vertex 55.1586 101.554 8
    endloop
  endfacet
  facet normal -0 0 1
    outer loop
      vertex 50.1627 83.5605 8
      vertex 56.1697 73.8868 8
      vertex 50.7886 85.624 8
    endloop
  endfacet
  facet normal 0 0 1
    outer loop
      vertex 49.1462 93.8813 8
      vertex 55.1586 101.554 8
      vertex 54.8303 101.653 8
    endloop
  endfacet
  facet normal 0 0 1
    outer loop
      vertex 56.1697 73.8868 8
      vertex 50.1627 83.5605 8
      vertex 55.8414 73.9864 8
    endloop
  endfacet
  facet normal 0 0 1
    outer loop
      vertex 49.1462 93.8813 8
      vertex 54.8303 101.653 8
      vertex 54.5278 101.815 8
    endloop
  endfacet
  facet normal 0 0 1
    outer loop
      vertex 55.8414 73.9864 8
      vertex 50.1627 83.5605 8
      vertex 55.5 74.02 8
    endloop
  endfacet
  facet normal 0 0 1
    outer loop
      vertex 47.7782 95.5482 8
      vertex 54.5278 101.815 8
      vertex 54.2626 102.033 8
    endloop
  endfacet
  facet normal 0 0 1
    outer loop
      vertex 55.5 74.02 8
      vertex 50.1627 83.5605 8
      vertex 55.1586 73.9864 8
    endloop
  endfacet
  facet normal 0 0 1
    outer loop
      vertex 47.7782 95.5482 8
      vertex 54.2626 102.033 8
      vertex 54.0449 102.298 8
    endloop
  endfacet
  facet normal -0 0 1
    outer loop
      vertex 49.1462 81.6587 8
      vertex 55.1586 73.9864 8
      vertex 50.1627 83.5605 8
    endloop
  endfacet
  facet normal 0 0 1
    outer loop
      vertex 46.1113 96.9162 8
      vertex 54.0449 102.298 8
      vertex 53.8832 102.6 8
    endloop
  endfacet
  facet normal 0 0 1
    outer loop
      vertex 55.1586 73.9864 8
      vertex 49.1462 81.6587 8
      vertex 54.8303 73.8868 8
    endloop
  endfacet
  facet normal 0 0 1
    outer loop
      vertex 46.1113 96.9162 8
      vertex 53.8832 102.6 8
      vertex 53.7836 102.929 8
    endloop
  endfacet
  facet normal 0 0 1
    outer loop
      vertex 54.8303 73.8868 8
      vertex 49.1462 81.6587 8
      vertex 54.5278 73.7251 8
    endloop
  endfacet
  facet normal 0 0 1
    outer loop
      vertex 46.1113 96.9162 8
      vertex 53.7836 102.929 8
      vertex 53.75 103.27 8
    endloop
  endfacet
  facet normal -0 0 1
    outer loop
      vertex 47.7782 79.9918 8
      vertex 54.5278 73.7251 8
      vertex 49.1462 81.6587 8
    endloop
  endfacet
  facet normal 0 0 1
    outer loop
      vertex 76.4021 44.005 8
      vertex 73.5308 25.7023 8
      vertex 73.6 25 8
    endloop
  endfacet
  facet normal 0 0 1
    outer loop
      vertex 70.7023 28.5308 8
      vertex 74 42.4 8
      vertex 73.4928 42.45 8
    endloop
  endfacet
  facet normal 0 0 1
    outer loop
      vertex 74.5072 42.45 8
      vertex 73.326 26.3777 8
      vertex 73.5308 25.7023 8
    endloop
  endfacet
  facet normal 0 0 1
    outer loop
      vertex 70.7023 28.5308 8
      vertex 73.4928 42.45 8
      vertex 73.005 42.5979 8
    endloop
  endfacet
  facet normal 0 0 1
    outer loop
      vertex 74.5072 42.45 8
      vertex 72.9933 27.0001 8
      vertex 73.326 26.3777 8
    endloop
  endfacet
  facet normal 0 0 1
    outer loop
      vertex 70 28.6 8
      vertex 73.005 42.5979 8
      vertex 72.5555 42.8382 8
    endloop
  endfacet
  facet normal 0 0 1
    outer loop
      vertex 74.5072 42.45 8
      vertex 72.5456 27.5456 8
      vertex 72.9933 27.0001 8
    endloop
  endfacet
  facet normal 0 0 1
    outer loop
      vertex 69.2977 28.5308 8
      vertex 72.5555 42.8382 8
      vertex 72.1615 43.1615 8
    endloop
  endfacet
  facet normal 0 0 1
    outer loop
      vertex 74.5072 42.45 8
      vertex 72.0001 27.9933 8
      vertex 72.5456 27.5456 8
    endloop
  endfacet
  facet normal 0 0 1
    outer loop
      vertex 68.6223 28.326 8
      vertex 72.1615 43.1615 8
      vertex 71.8382 43.5555 8
    endloop
  endfacet
  facet normal 0 0 1
    outer loop
      vertex 67.9999 27.9933 8
      vertex 71.8382 43.5555 8
      vertex 71.5979 44.005 8
    endloop
  endfacet
  facet normal 0 0 1
    outer loop
      vertex 67.4544 27.5456 8
      vertex 71.5979 44.005 8
      vertex 71.45 44.4928 8
    endloop
  endfacet
  facet normal 0 0 1
    outer loop
      vertex 67.0067 27.0001 8
      vertex 71.45 44.4928 8
      vertex 71.4 45 8
    endloop
  endfacet
  facet normal 0 0 1
    outer loop
      vertex 74.5072 42.45 8
      vertex 71.3777 28.326 8
      vertex 72.0001 27.9933 8
    endloop
  endfacet
  facet normal -0 0 1
    outer loop
      vertex 76.55 104.493 8
      vertex 76.6 45 8
      vertex 76.6 105 8
    endloop
  endfacet
  facet normal 0 0 1
    outer loop
      vertex 76.55 104.493 8
      vertex 76.55 45.5072 8
      vertex 76.6 45 8
    endloop
  endfacet
  facet normal 0 0 1
    outer loop
      vertex 72.6 72.27 8
      vertex 76.55 104.493 8
      vertex 76.4021 104.005 8
    endloop
  endfacet
  facet normal 0 0 1
    outer loop
      vertex 76.55 104.493 8
      vertex 72.6 72.27 8
      vertex 76.55 45.5072 8
    endloop
  endfacet
  facet normal 0 0 1
    outer loop
      vertex 72.55 72.7772 8
      vertex 76.4021 104.005 8
      vertex 76.1618 103.556 8
    endloop
  endfacet
  facet normal 0 0 1
    outer loop
      vertex 76.55 45.5072 8
      vertex 72.6 72.27 8
      vertex 76.4021 45.995 8
    endloop
  endfacet
  facet normal 0 0 1
    outer loop
      vertex 72.4021 73.265 8
      vertex 76.1618 103.556 8
      vertex 75.8385 103.162 8
    endloop
  endfacet
  facet normal -0 0 1
    outer loop
      vertex 72.55 71.7628 8
      vertex 76.4021 45.995 8
      vertex 72.6 72.27 8
    endloop
  endfacet
  facet normal 0 0 1
    outer loop
      vertex 72.1618 73.7145 8
      vertex 75.8385 103.162 8
      vertex 75.4445 102.838 8
    endloop
  endfacet
  facet normal 0 0 1
    outer loop
      vertex 76.4021 45.995 8
      vertex 72.55 71.7628 8
      vertex 76.1618 46.4445 8
    endloop
  endfacet
  facet normal 0 0 1
    outer loop
      vertex 71.8385 74.1085 8
      vertex 75.4445 102.838 8
      vertex 74.995 102.598 8
    endloop
  endfacet
  facet normal -0 0 1
    outer loop
      vertex 72.4021 71.275 8
      vertex 76.1618 46.4445 8
      vertex 72.55 71.7628 8
    endloop
  endfacet
  facet normal 0 0 1
    outer loop
      vertex 71.4445 74.4318 8
      vertex 74.995 102.598 8
      vertex 74.5072 102.45 8
    endloop
  endfacet
  facet normal 0 0 1
    outer loop
      vertex 76.1618 46.4445 8
      vertex 72.4021 71.275 8
      vertex 75.8385 46.8385 8
    endloop
  endfacet
  facet normal 0 0 1
    outer loop
      vertex 70.995 74.6721 8
      vertex 74.5072 102.45 8
      vertex 74 102.4 8
    endloop
  endfacet
  facet normal -0 0 1
    outer loop
      vertex 72.1618 70.8255 8
      vertex 75.8385 46.8385 8
      vertex 72.4021 71.275 8
    endloop
  endfacet
  facet normal 0 0 1
    outer loop
      vertex 70.5072 74.82 8
      vertex 74 102.4 8
      vertex 73.4928 102.45 8
    endloop
  endfacet
  facet normal 0 0 1
    outer loop
      vertex 75.8385 46.8385 8
      vertex 72.1618 70.8255 8
      vertex 75.4445 47.1618 8
    endloop
  endfacet
  facet normal 0 0 1
    outer loop
      vertex 70 74.87 8
      vertex 73.4928 102.45 8
      vertex 73.005 102.598 8
    endloop
  endfacet
  facet normal -0 0 1
    outer loop
      vertex 71.8385 70.4315 8
      vertex 75.4445 47.1618 8
      vertex 72.1618 70.8255 8
    endloop
  endfacet
  facet normal 0 0 1
    outer loop
      vertex 75.4445 47.1618 8
      vertex 71.8385 70.4315 8
      vertex 74.995 47.4021 8
    endloop
  endfacet
  facet normal 0 0 1
    outer loop
      vertex 69.4928 74.82 8
      vertex 73.005 102.598 8
      vertex 72.5555 102.838 8
    endloop
  endfacet
  facet normal 0 0 1
    outer loop
      vertex 76.4021 104.005 8
      vertex 72.55 72.7772 8
      vertex 72.6 72.27 8
    endloop
  endfacet
  facet normal 0 0 1
    outer loop
      vertex 76.1618 103.556 8
      vertex 72.4021 73.265 8
      vertex 72.55 72.7772 8
    endloop
  endfacet
  facet normal 0 0 1
    outer loop
      vertex 75.8385 103.162 8
      vertex 72.1618 73.7145 8
      vertex 72.4021 73.265 8
    endloop
  endfacet
  facet normal 0 0 1
    outer loop
      vertex 71.5979 104.005 8
      vertex 57.1168 102.6 8
      vertex 71.8382 103.556 8
    endloop
  endfacet
  facet normal 0 0 1
    outer loop
      vertex 75.4445 102.838 8
      vertex 71.8385 74.1085 8
      vertex 72.1618 73.7145 8
    endloop
  endfacet
  facet normal 0 0 1
    outer loop
      vertex 57.1168 102.6 8
      vertex 71.5979 104.005 8
      vertex 57.2164 102.929 8
    endloop
  endfacet
  facet normal 0 0 1
    outer loop
      vertex 71.45 104.493 8
      vertex 57.2164 102.929 8
      vertex 71.5979 104.005 8
    endloop
  endfacet
  facet normal 0 0 1
    outer loop
      vertex 57.2164 102.929 8
      vertex 71.45 104.493 8
      vertex 57.25 103.27 8
    endloop
  endfacet
  facet normal 0 0 1
    outer loop
      vertex 74.995 102.598 8
      vertex 71.4445 74.4318 8
      vertex 71.8385 74.1085 8
    endloop
  endfacet
  facet normal 0 0 1
    outer loop
      vertex 57.25 103.27 8
      vertex 71.45 104.493 8
      vertex 71.4 105 8
    endloop
  endfacet
  facet normal 0 0 1
    outer loop
      vertex 74.5072 102.45 8
      vertex 70.995 74.6721 8
      vertex 71.4445 74.4318 8
    endloop
  endfacet
  facet normal 0 0 1
    outer loop
      vertex 80 170 8
      vertex 76.6 105 8
      vertex 80 5 8
    endloop
  endfacet
  facet normal 0 0 1
    outer loop
      vertex 80 170 8
      vertex 76.55 105.507 8
      vertex 76.6 105 8
    endloop
  endfacet
  facet normal 0 0 1
    outer loop
      vertex 80 170 8
      vertex 76.4021 105.995 8
      vertex 76.55 105.507 8
    endloop
  endfacet
  facet normal 0 0 1
    outer loop
      vertex 80 170 8
      vertex 76.1618 106.444 8
      vertex 76.4021 105.995 8
    endloop
  endfacet
  facet normal 0 0 1
    outer loop
      vertex 80 170 8
      vertex 75.8385 106.838 8
      vertex 76.1618 106.444 8
    endloop
  endfacet
  facet normal 0 0 1
    outer loop
      vertex 80 170 8
      vertex 75.4445 107.162 8
      vertex 75.8385 106.838 8
    endloop
  endfacet
  facet normal 0 0 1
    outer loop
      vertex 80 170 8
      vertex 74.995 107.402 8
      vertex 75.4445 107.162 8
    endloop
  endfacet
  facet normal 0 0 1
    outer loop
      vertex 80 170 8
      vertex 74.5072 107.55 8
      vertex 74.995 107.402 8
    endloop
  endfacet
  facet normal 0 0 1
    outer loop
      vertex 80 170 8
      vertex 74 107.6 8
      vertex 74.5072 107.55 8
    endloop
  endfacet
  facet normal -0 0 1
    outer loop
      vertex 42.6 130 8
      vertex 74 107.6 8
      vertex 80 170 8
    endloop
  endfacet
  facet normal 0 0 1
    outer loop
      vertex 74 107.6 8
      vertex 42.6 130 8
      vertex 73.4928 107.55 8
    endloop
  endfacet
  facet normal 0 0 1
    outer loop
      vertex 73.4928 107.55 8
      vertex 42.6 130 8
      vertex 73.005 107.402 8
    endloop
  endfacet
  facet normal -0 0 1
    outer loop
      vertex 42.55 129.493 8
      vertex 73.005 107.402 8
      vertex 42.6 130 8
    endloop
  endfacet
  facet normal 0 0 1
    outer loop
      vertex 73.005 107.402 8
      vertex 42.55 129.493 8
      vertex 72.5555 107.162 8
    endloop
  endfacet
  facet normal 0 -0 1
    outer loop
      vertex 56.1697 104.887 8
      vertex 72.5555 107.162 8
      vertex 42.55 129.493 8
    endloop
  endfacet
  facet normal 0 0 1
    outer loop
      vertex 72.5555 107.162 8
      vertex 56.1697 104.887 8
      vertex 72.1615 106.838 8
    endloop
  endfacet
  facet normal 0 0 1
    outer loop
      vertex 74 102.4 8
      vertex 70.5072 74.82 8
      vertex 70.995 74.6721 8
    endloop
  endfacet
  facet normal 0 0 1
    outer loop
      vertex 73.4928 102.45 8
      vertex 70 74.87 8
      vertex 70.5072 74.82 8
    endloop
  endfacet
  facet normal 0 0 1
    outer loop
      vertex 73.005 102.598 8
      vertex 69.4928 74.82 8
      vertex 70 74.87 8
    endloop
  endfacet
  facet normal 0 0 1
    outer loop
      vertex 56.9551 102.298 8
      vertex 71.8382 103.556 8
      vertex 57.1168 102.6 8
    endloop
  endfacet
  facet normal 0 0 1
    outer loop
      vertex 56.7374 102.033 8
      vertex 72.1615 103.162 8
      vertex 56.9551 102.298 8
    endloop
  endfacet
  facet normal 0 0 1
    outer loop
      vertex 71.8382 103.556 8
      vertex 56.9551 102.298 8
      vertex 72.1615 103.162 8
    endloop
  endfacet
  facet normal 0 0 1
    outer loop
      vertex 57.1168 103.94 8
      vertex 71.4 105 8
      vertex 71.45 105.507 8
    endloop
  endfacet
  facet normal 0 0 1
    outer loop
      vertex 72.1615 103.162 8
      vertex 56.7374 102.033 8
      vertex 72.5555 102.838 8
    endloop
  endfacet
  facet normal 0 0 1
    outer loop
      vertex 68.5555 74.4318 8
      vertex 57.25 72.27 8
      vertex 68.1615 74.1085 8
    endloop
  endfacet
  facet normal 0 0 1
    outer loop
      vertex 68.1615 74.1085 8
      vertex 57.25 72.27 8
      vertex 67.8382 73.7145 8
    endloop
  endfacet
  facet normal 0 0 1
    outer loop
      vertex 71.4 45 8
      vertex 66.674 26.3777 8
      vertex 67.0067 27.0001 8
    endloop
  endfacet
  facet normal 0 0 1
    outer loop
      vertex 67.45 71.7628 8
      vertex 56.1697 70.6532 8
      vertex 66.674 26.3777 8
    endloop
  endfacet
  facet normal -0 0 1
    outer loop
      vertex 55.8414 70.5536 8
      vertex 66.674 26.3777 8
      vertex 56.1697 70.6532 8
    endloop
  endfacet
  facet normal 0 0 1
    outer loop
      vertex 67.45 72.7772 8
      vertex 57.25 72.27 8
      vertex 67.4 72.27 8
    endloop
  endfacet
  facet normal 0 0 1
    outer loop
      vertex 67.5979 73.265 8
      vertex 57.25 72.27 8
      vertex 67.45 72.7772 8
    endloop
  endfacet
  facet normal 0 0 1
    outer loop
      vertex 67.8382 73.7145 8
      vertex 57.25 72.27 8
      vertex 67.5979 73.265 8
    endloop
  endfacet
  facet normal 0 -0 1
    outer loop
      vertex 56.4722 104.725 8
      vertex 72.1615 106.838 8
      vertex 56.1697 104.887 8
    endloop
  endfacet
  facet normal 0 0 1
    outer loop
      vertex 71.4 105 8
      vertex 57.2164 103.611 8
      vertex 57.25 103.27 8
    endloop
  endfacet
  facet normal 0 0 1
    outer loop
      vertex 71.4 105 8
      vertex 57.1168 103.94 8
      vertex 57.2164 103.611 8
    endloop
  endfacet
  facet normal 0 0 1
    outer loop
      vertex 71.45 105.507 8
      vertex 56.9551 104.242 8
      vertex 57.1168 103.94 8
    endloop
  endfacet
  facet normal 0 0 1
    outer loop
      vertex 71.5979 105.995 8
      vertex 56.9551 104.242 8
      vertex 71.45 105.507 8
    endloop
  endfacet
  facet normal 0 -0 1
    outer loop
      vertex 56.9551 104.242 8
      vertex 71.5979 105.995 8
      vertex 56.7374 104.507 8
    endloop
  endfacet
  facet normal 0 0 1
    outer loop
      vertex 72.1615 106.838 8
      vertex 56.4722 104.725 8
      vertex 71.8382 106.444 8
    endloop
  endfacet
  facet normal 0 0 1
    outer loop
      vertex 71.8382 106.444 8
      vertex 56.7374 104.507 8
      vertex 71.5979 105.995 8
    endloop
  endfacet
  facet normal 0 -0 1
    outer loop
      vertex 56.7374 104.507 8
      vertex 71.8382 106.444 8
      vertex 56.4722 104.725 8
    endloop
  endfacet
  facet normal 0 0 1
    outer loop
      vertex 56.1697 104.887 8
      vertex 42.55 129.493 8
      vertex 55.8414 104.986 8
    endloop
  endfacet
  facet normal -0 0 1
    outer loop
      vertex 42.4021 129.005 8
      vertex 55.8414 104.986 8
      vertex 42.55 129.493 8
    endloop
  endfacet
  facet normal 0 0 1
    outer loop
      vertex 55.8414 104.986 8
      vertex 42.4021 129.005 8
      vertex 55.5 105.02 8
    endloop
  endfacet
  facet normal -0 0 1
    outer loop
      vertex 42.1618 128.556 8
      vertex 55.5 105.02 8
      vertex 42.4021 129.005 8
    endloop
  endfacet
  facet normal 0 0 1
    outer loop
      vertex 55.5 105.02 8
      vertex 42.1618 128.556 8
      vertex 55.1586 104.986 8
    endloop
  endfacet
  facet normal -0 0 1
    outer loop
      vertex 41.8385 128.162 8
      vertex 55.1586 104.986 8
      vertex 42.1618 128.556 8
    endloop
  endfacet
  facet normal 0 0 1
    outer loop
      vertex 54.5278 73.7251 8
      vertex 47.7782 79.9918 8
      vertex 54.2626 73.5074 8
    endloop
  endfacet
  facet normal 0 0 1
    outer loop
      vertex 44.2095 97.9327 8
      vertex 53.75 103.27 8
      vertex 53.7836 103.611 8
    endloop
  endfacet
  facet normal 0 0 1
    outer loop
      vertex 56.4722 101.815 8
      vertex 50.7886 89.916 8
      vertex 51 87.77 8
    endloop
  endfacet
  facet normal 0 0 1
    outer loop
      vertex 56.1697 101.653 8
      vertex 50.1627 91.9795 8
      vertex 50.7886 89.916 8
    endloop
  endfacet
  facet normal 0 0 1
    outer loop
      vertex 44.2095 97.9327 8
      vertex 53.7836 103.611 8
      vertex 53.8832 103.94 8
    endloop
  endfacet
  facet normal 0 0 1
    outer loop
      vertex 55.1586 101.554 8
      vertex 49.1462 93.8813 8
      vertex 50.1627 91.9795 8
    endloop
  endfacet
  facet normal 0 0 1
    outer loop
      vertex 55.1586 104.986 8
      vertex 41.8385 128.162 8
      vertex 54.8303 104.887 8
    endloop
  endfacet
  facet normal 0 0 1
    outer loop
      vertex 54.8303 104.887 8
      vertex 41.4445 127.838 8
      vertex 54.5278 104.725 8
    endloop
  endfacet
  facet normal -0 0 1
    outer loop
      vertex 40.995 127.598 8
      vertex 54.5278 104.725 8
      vertex 41.4445 127.838 8
    endloop
  endfacet
  facet normal 0 0 1
    outer loop
      vertex 54.5278 101.815 8
      vertex 47.7782 95.5482 8
      vertex 49.1462 93.8813 8
    endloop
  endfacet
  facet normal 0 0 1
    outer loop
      vertex 42.55 149.493 8
      vertex 80 170 8
      vertex 42.6 150 8
    endloop
  endfacet
  facet normal 0 0 1
    outer loop
      vertex 80 170 8
      vertex 42.55 150.507 8
      vertex 42.6 150 8
    endloop
  endfacet
  facet normal 0 0 1
    outer loop
      vertex 80 170 8
      vertex 42.4021 150.995 8
      vertex 42.55 150.507 8
    endloop
  endfacet
  facet normal 0 0 1
    outer loop
      vertex 80 170 8
      vertex 42.1618 151.444 8
      vertex 42.4021 150.995 8
    endloop
  endfacet
  facet normal 0 0 1
    outer loop
      vertex 80 170 8
      vertex 41.8385 151.838 8
      vertex 42.1618 151.444 8
    endloop
  endfacet
  facet normal 0 0 1
    outer loop
      vertex 80 170 8
      vertex 41.4445 152.162 8
      vertex 41.8385 151.838 8
    endloop
  endfacet
  facet normal 0 0 1
    outer loop
      vertex 80 170 8
      vertex 40.995 152.402 8
      vertex 41.4445 152.162 8
    endloop
  endfacet
  facet normal 0 0 1
    outer loop
      vertex 80 170 8
      vertex 40.5072 152.55 8
      vertex 40.995 152.402 8
    endloop
  endfacet
  facet normal 0 0 1
    outer loop
      vertex 80 170 8
      vertex 40 152.6 8
      vertex 40.5072 152.55 8
    endloop
  endfacet
  facet normal -0 0 1
    outer loop
      vertex 0 170 8
      vertex 40 152.6 8
      vertex 80 170 8
    endloop
  endfacet
  facet normal 0 0 1
    outer loop
      vertex 40 152.6 8
      vertex 0 170 8
      vertex 39.4928 152.55 8
    endloop
  endfacet
  facet normal 0 -0 1
    outer loop
      vertex 6 107.6 8
      vertex 37.45 130.507 8
      vertex 0 170 8
    endloop
  endfacet
  facet normal 0 -0 1
    outer loop
      vertex 25.9551 104.242 8
      vertex 37.4 130 8
      vertex 25.7374 104.507 8
    endloop
  endfacet
  facet normal -0 -0 1
    outer loop
      vertex 26.1168 103.94 8
      vertex 35.7905 97.9327 8
      vertex 25.9551 104.242 8
    endloop
  endfacet
  facet normal -0 -0 1
    outer loop
      vertex 26.25 103.27 8
      vertex 35.7905 97.9327 8
      vertex 26.2164 103.611 8
    endloop
  endfacet
  facet normal 0 0 1
    outer loop
      vertex 0 170 8
      vertex 37.4 150 8
      vertex 37.45 150.507 8
    endloop
  endfacet
  facet normal 0 0 1
    outer loop
      vertex 35.7905 97.9327 8
      vertex 26.25 103.27 8
      vertex 33.8887 96.9162 8
    endloop
  endfacet
  facet normal -0 0 1
    outer loop
      vertex 26.1168 102.6 8
      vertex 33.8887 96.9162 8
      vertex 26.2164 102.929 8
    endloop
  endfacet
  facet normal -0 0 1
    outer loop
      vertex 25.7374 102.033 8
      vertex 32.2218 95.5482 8
      vertex 25.9551 102.298 8
    endloop
  endfacet
  facet normal -0 0 1
    outer loop
      vertex 25.9551 102.298 8
      vertex 33.8887 96.9162 8
      vertex 26.1168 102.6 8
    endloop
  endfacet
  facet normal 0 0 1
    outer loop
      vertex 33.8887 96.9162 8
      vertex 25.9551 102.298 8
      vertex 32.2218 95.5482 8
    endloop
  endfacet
  facet normal -0 0 1
    outer loop
      vertex 26.2164 102.929 8
      vertex 33.8887 96.9162 8
      vertex 26.25 103.27 8
    endloop
  endfacet
  facet normal -0 -0 1
    outer loop
      vertex 26.2164 103.611 8
      vertex 35.7905 97.9327 8
      vertex 26.1168 103.94 8
    endloop
  endfacet
  facet normal 0 0 1
    outer loop
      vertex 37.4 130 8
      vertex 25.9551 104.242 8
      vertex 35.7905 97.9327 8
    endloop
  endfacet
  facet normal 0 0 1
    outer loop
      vertex 37.4 130 8
      vertex 25.4722 104.725 8
      vertex 25.7374 104.507 8
    endloop
  endfacet
  facet normal 0 0 1
    outer loop
      vertex 37.4 130 8
      vertex 25.1697 104.887 8
      vertex 25.4722 104.725 8
    endloop
  endfacet
  facet normal 0 0 1
    outer loop
      vertex 37.4 130 8
      vertex 24.8414 104.986 8
      vertex 25.1697 104.887 8
    endloop
  endfacet
  facet normal 0 0 1
    outer loop
      vertex 37.4 130 8
      vertex 24.5 105.02 8
      vertex 24.8414 104.986 8
    endloop
  endfacet
  facet normal 0 0 1
    outer loop
      vertex 37.4 130 8
      vertex 24.1586 104.986 8
      vertex 24.5 105.02 8
    endloop
  endfacet
  facet normal 0 -0 1
    outer loop
      vertex 7.44448 107.162 8
      vertex 37.4 130 8
      vertex 6.99498 107.402 8
    endloop
  endfacet
  facet normal 0 0 1
    outer loop
      vertex 37.4 130 8
      vertex 7.44448 107.162 8
      vertex 24.1586 104.986 8
    endloop
  endfacet
  facet normal 0 0 1
    outer loop
      vertex 0 170 8
      vertex 37.45 150.507 8
      vertex 37.5979 150.995 8
    endloop
  endfacet
  facet normal 0 0 1
    outer loop
      vertex 24.1586 104.986 8
      vertex 7.44448 107.162 8
      vertex 23.8303 104.887 8
    endloop
  endfacet
  facet normal -0 -0 1
    outer loop
      vertex 7.83848 106.838 8
      vertex 23.8303 104.887 8
      vertex 7.44448 107.162 8
    endloop
  endfacet
  facet normal -0 -0 1
    outer loop
      vertex 8.16182 106.444 8
      vertex 23.5278 104.725 8
      vertex 7.83848 106.838 8
    endloop
  endfacet
  facet normal -0 -0 1
    outer loop
      vertex 12.4021 73.265 8
      vertex 23.0449 73.2422 8
      vertex 12.1618 73.7145 8
    endloop
  endfacet
  facet normal 0 0 1
    outer loop
      vertex 8.6 105 8
      vertex 22.75 103.27 8
      vertex 22.7836 103.611 8
    endloop
  endfacet
  facet normal 0 0 1
    outer loop
      vertex 22.75 72.27 8
      vertex 13.5308 25.7023 8
      vertex 13.6 25 8
    endloop
  endfacet
  facet normal 0 0 1
    outer loop
      vertex 12.55 71.7628 8
      vertex 22.75 72.27 8
      vertex 12.6 72.27 8
    endloop
  endfacet
  facet normal 0 0 1
    outer loop
      vertex 22.75 72.27 8
      vertex 13.326 26.3777 8
      vertex 13.5308 25.7023 8
    endloop
  endfacet
  facet normal 0 0 1
    outer loop
      vertex 22.75 72.27 8
      vertex 12.9933 27.0001 8
      vertex 13.326 26.3777 8
    endloop
  endfacet
  facet normal 0 0 1
    outer loop
      vertex 8.6 105 8
      vertex 22.7836 103.611 8
      vertex 22.8832 103.94 8
    endloop
  endfacet
  facet normal 0 0 1
    outer loop
      vertex 23.5278 104.725 8
      vertex 8.16182 106.444 8
      vertex 23.2626 104.507 8
    endloop
  endfacet
  facet normal 0 0 1
    outer loop
      vertex 22.7836 72.6114 8
      vertex 12.6 72.27 8
      vertex 22.75 72.27 8
    endloop
  endfacet
  facet normal 0 -0 1
    outer loop
      vertex 12.6 72.27 8
      vertex 22.7836 72.6114 8
      vertex 12.55 72.7772 8
    endloop
  endfacet
  facet normal -0 0 1
    outer loop
      vertex 8.55004 104.493 8
      vertex 22.75 103.27 8
      vertex 8.6 105 8
    endloop
  endfacet
  facet normal 0 0 1
    outer loop
      vertex 22.8832 72.9397 8
      vertex 12.55 72.7772 8
      vertex 22.7836 72.6114 8
    endloop
  endfacet
  facet normal 0 -0 1
    outer loop
      vertex 12.55 72.7772 8
      vertex 22.8832 72.9397 8
      vertex 12.4021 73.265 8
    endloop
  endfacet
  facet normal 0 0 1
    outer loop
      vertex 23.0449 73.2422 8
      vertex 12.4021 73.265 8
      vertex 22.8832 72.9397 8
    endloop
  endfacet
  facet normal 0 0 1
    outer loop
      vertex 29 87.77 8
      vertex 10.995 74.6721 8
      vertex 11.4445 74.4318 8
    endloop
  endfacet
  facet normal 0 0 1
    outer loop
      vertex 29 87.77 8
      vertex 10.5072 74.82 8
      vertex 10.995 74.6721 8
    endloop
  endfacet
  facet normal 0 0 1
    outer loop
      vertex 22.7836 102.929 8
      vertex 8.55004 104.493 8
      vertex 8.40209 104.005 8
    endloop
  endfacet
  facet normal 0 0 1
    outer loop
      vertex 22.8832 102.6 8
      vertex 8.40209 104.005 8
      vertex 8.16182 103.556 8
    endloop
  endfacet
  facet normal 0 0 1
    outer loop
      vertex 23.0449 102.298 8
      vertex 8.16182 103.556 8
      vertex 7.83848 103.162 8
    endloop
  endfacet
  facet normal 0 0 1
    outer loop
      vertex 0 170 8
      vertex 37.5979 150.995 8
      vertex 37.8382 151.444 8
    endloop
  endfacet
  facet normal 0 0 1
    outer loop
      vertex 22.8832 103.94 8
      vertex 8.55004 105.507 8
      vertex 8.6 105 8
    endloop
  endfacet
  facet normal 0 0 1
    outer loop
      vertex 23.0449 104.242 8
      vertex 8.55004 105.507 8
      vertex 22.8832 103.94 8
    endloop
  endfacet
  facet normal -0 -0 1
    outer loop
      vertex 8.55004 105.507 8
      vertex 23.0449 104.242 8
      vertex 8.40209 105.995 8
    endloop
  endfacet
  facet normal 0 0 1
    outer loop
      vertex 23.2626 104.507 8
      vertex 8.40209 105.995 8
      vertex 23.0449 104.242 8
    endloop
  endfacet
  facet normal -0 -0 1
    outer loop
      vertex 8.40209 105.995 8
      vertex 23.2626 104.507 8
      vertex 8.16182 106.444 8
    endloop
  endfacet
  facet normal 0 0 1
    outer loop
      vertex 23.8303 104.887 8
      vertex 7.83848 106.838 8
      vertex 23.5278 104.725 8
    endloop
  endfacet
  facet normal 0 0 1
    outer loop
      vertex 37.4 130 8
      vertex 6.50723 107.55 8
      vertex 6.99498 107.402 8
    endloop
  endfacet
  facet normal 0 0 1
    outer loop
      vertex 37.45 130.507 8
      vertex 6.50723 107.55 8
      vertex 37.4 130 8
    endloop
  endfacet
  facet normal 0 -0 1
    outer loop
      vertex 6.50723 107.55 8
      vertex 37.45 130.507 8
      vertex 6 107.6 8
    endloop
  endfacet
  facet normal 0 0 1
    outer loop
      vertex 6 107.6 8
      vertex 0 170 8
      vertex 5.49276 107.55 8
    endloop
  endfacet
  facet normal 0 0 1
    outer loop
      vertex 5.49276 107.55 8
      vertex 0 170 8
      vertex 5.00502 107.402 8
    endloop
  endfacet
  facet normal 0 0 1
    outer loop
      vertex 5.00502 107.402 8
      vertex 0 170 8
      vertex 4.55552 107.162 8
    endloop
  endfacet
  facet normal 0 0 1
    outer loop
      vertex 4.55552 107.162 8
      vertex 0 170 8
      vertex 4.16152 106.838 8
    endloop
  endfacet
  facet normal 0 0 1
    outer loop
      vertex 0 5 8
      vertex 3.4 105 8
      vertex 0 170 8
    endloop
  endfacet
  facet normal 0 0 1
    outer loop
      vertex 3.44996 105.507 8
      vertex 0 170 8
      vertex 3.4 105 8
    endloop
  endfacet
  facet normal 0 0 1
    outer loop
      vertex 3.59791 105.995 8
      vertex 0 170 8
      vertex 3.44996 105.507 8
    endloop
  endfacet
  facet normal 0 0 1
    outer loop
      vertex 3.83818 106.444 8
      vertex 0 170 8
      vertex 3.59791 105.995 8
    endloop
  endfacet
  facet normal 0 0 1
    outer loop
      vertex 4.16152 106.838 8
      vertex 0 170 8
      vertex 3.83818 106.444 8
    endloop
  endfacet
  facet normal 0 0 1
    outer loop
      vertex 38.1615 151.838 8
      vertex 0 170 8
      vertex 37.8382 151.444 8
    endloop
  endfacet
  facet normal 0 0 1
    outer loop
      vertex 38.5555 152.162 8
      vertex 0 170 8
      vertex 38.1615 151.838 8
    endloop
  endfacet
  facet normal 0 0 1
    outer loop
      vertex 39.005 152.402 8
      vertex 0 170 8
      vertex 38.5555 152.162 8
    endloop
  endfacet
  facet normal 0 0 1
    outer loop
      vertex 39.4928 152.55 8
      vertex 0 170 8
      vertex 39.005 152.402 8
    endloop
  endfacet
  facet normal -0 0 1
    outer loop
      vertex 76.6 45 8
      vertex 80 5 8
      vertex 76.6 105 8
    endloop
  endfacet
  facet normal -0 0 1
    outer loop
      vertex 76.55 44.4928 8
      vertex 80 5 8
      vertex 76.6 45 8
    endloop
  endfacet
  facet normal -0 0 1
    outer loop
      vertex 76.4021 44.005 8
      vertex 80 5 8
      vertex 76.55 44.4928 8
    endloop
  endfacet
  facet normal 0 0 1
    outer loop
      vertex 73.5308 25.7023 8
      vertex 76.4021 44.005 8
      vertex 76.1618 43.5555 8
    endloop
  endfacet
  facet normal 0 0 1
    outer loop
      vertex 73.5308 25.7023 8
      vertex 76.1618 43.5555 8
      vertex 75.8385 43.1615 8
    endloop
  endfacet
  facet normal 0 0 1
    outer loop
      vertex 73.5308 25.7023 8
      vertex 75.8385 43.1615 8
      vertex 75.4445 42.8382 8
    endloop
  endfacet
  facet normal 0 0 1
    outer loop
      vertex 73.5308 25.7023 8
      vertex 75.4445 42.8382 8
      vertex 74.995 42.5979 8
    endloop
  endfacet
  facet normal 0 0 1
    outer loop
      vertex 73.5308 25.7023 8
      vertex 74.995 42.5979 8
      vertex 74.5072 42.45 8
    endloop
  endfacet
  facet normal 0 0 1
    outer loop
      vertex 71.3777 28.326 8
      vertex 74.5072 42.45 8
      vertex 74 42.4 8
    endloop
  endfacet
  facet normal 0 0 1
    outer loop
      vertex 76.4021 44.005 8
      vertex 73.6 25 8
      vertex 80 5 8
    endloop
  endfacet
  facet normal -0 0 1
    outer loop
      vertex 73.5308 24.2977 8
      vertex 80 5 8
      vertex 73.6 25 8
    endloop
  endfacet
  facet normal -0 0 1
    outer loop
      vertex 73.326 23.6223 8
      vertex 80 5 8
      vertex 73.5308 24.2977 8
    endloop
  endfacet
  facet normal -0 0 1
    outer loop
      vertex 72.9933 22.9999 8
      vertex 80 5 8
      vertex 73.326 23.6223 8
    endloop
  endfacet
  facet normal -0 0 1
    outer loop
      vertex 72.5456 22.4544 8
      vertex 80 5 8
      vertex 72.9933 22.9999 8
    endloop
  endfacet
  facet normal -0 0 1
    outer loop
      vertex 72.0001 22.0067 8
      vertex 80 5 8
      vertex 72.5456 22.4544 8
    endloop
  endfacet
  facet normal -0 0 1
    outer loop
      vertex 71.3777 21.674 8
      vertex 80 5 8
      vertex 72.0001 22.0067 8
    endloop
  endfacet
  facet normal -0 0 1
    outer loop
      vertex 70.7023 21.4692 8
      vertex 80 5 8
      vertex 71.3777 21.674 8
    endloop
  endfacet
  facet normal -0 0 1
    outer loop
      vertex 70 21.4 8
      vertex 80 5 8
      vertex 70.7023 21.4692 8
    endloop
  endfacet
  facet normal 0 0 1
    outer loop
      vertex 69.2977 21.4692 8
      vertex 80 5 8
      vertex 70 21.4 8
    endloop
  endfacet
  facet normal 0 0 1
    outer loop
      vertex 68.6223 21.674 8
      vertex 80 5 8
      vertex 69.2977 21.4692 8
    endloop
  endfacet
  facet normal 0 0 1
    outer loop
      vertex 67.9999 22.0067 8
      vertex 80 5 8
      vertex 68.6223 21.674 8
    endloop
  endfacet
  facet normal 0 0 1
    outer loop
      vertex 42.0001 22.0067 8
      vertex 67.9999 22.0067 8
      vertex 67.4544 22.4544 8
    endloop
  endfacet
  facet normal 0 0 1
    outer loop
      vertex 42.5456 22.4544 8
      vertex 67.4544 22.4544 8
      vertex 67.0067 22.9999 8
    endloop
  endfacet
  facet normal 0 0 1
    outer loop
      vertex 57.2164 71.9286 8
      vertex 67.4 72.27 8
      vertex 57.25 72.27 8
    endloop
  endfacet
  facet normal 0 0 1
    outer loop
      vertex 67.45 71.7628 8
      vertex 57.2164 71.9286 8
      vertex 57.1168 71.6003 8
    endloop
  endfacet
  facet normal 0 0 1
    outer loop
      vertex 67.45 71.7628 8
      vertex 57.1168 71.6003 8
      vertex 56.9551 71.2978 8
    endloop
  endfacet
  facet normal 0 0 1
    outer loop
      vertex 67.45 71.7628 8
      vertex 56.9551 71.2978 8
      vertex 56.7374 71.0326 8
    endloop
  endfacet
  facet normal 0 0 1
    outer loop
      vertex 67.45 71.7628 8
      vertex 56.7374 71.0326 8
      vertex 56.4722 70.8149 8
    endloop
  endfacet
  facet normal 0 0 1
    outer loop
      vertex 67.45 71.7628 8
      vertex 56.4722 70.8149 8
      vertex 56.1697 70.6532 8
    endloop
  endfacet
  facet normal -0 0 1
    outer loop
      vertex 55.5 70.52 8
      vertex 66.674 26.3777 8
      vertex 55.8414 70.5536 8
    endloop
  endfacet
  facet normal 0 0 1
    outer loop
      vertex 43.5308 25.7023 8
      vertex 66.674 26.3777 8
      vertex 55.5 70.52 8
    endloop
  endfacet
  facet normal 0 0 1
    outer loop
      vertex 43.5308 25.7023 8
      vertex 66.4692 25.7023 8
      vertex 66.674 26.3777 8
    endloop
  endfacet
  facet normal 0 0 1
    outer loop
      vertex 66.4692 25.7023 8
      vertex 43.6 25 8
      vertex 66.4 25 8
    endloop
  endfacet
  facet normal 0 0 1
    outer loop
      vertex 43.5308 25.7023 8
      vertex 55.5 70.52 8
      vertex 55.1586 70.5536 8
    endloop
  endfacet
  facet normal 0 0 1
    outer loop
      vertex 43.5308 25.7023 8
      vertex 55.1586 70.5536 8
      vertex 54.8303 70.6532 8
    endloop
  endfacet
  facet normal 0 0 1
    outer loop
      vertex 43.5308 25.7023 8
      vertex 54.8303 70.6532 8
      vertex 54.5278 70.8149 8
    endloop
  endfacet
  facet normal 0 0 1
    outer loop
      vertex 43.5308 25.7023 8
      vertex 54.5278 70.8149 8
      vertex 54.2626 71.0326 8
    endloop
  endfacet
  facet normal 0 0 1
    outer loop
      vertex 53.8832 71.6003 8
      vertex 42.146 76.9814 8
      vertex 54.0449 71.2978 8
    endloop
  endfacet
  facet normal -0 0 1
    outer loop
      vertex 42.146 76.9814 8
      vertex 53.8832 71.6003 8
      vertex 44.2095 77.6073 8
    endloop
  endfacet
  facet normal 0 0 1
    outer loop
      vertex 44.2095 77.6073 8
      vertex 53.8832 71.6003 8
      vertex 53.7836 71.9286 8
    endloop
  endfacet
  facet normal 0 0 1
    outer loop
      vertex 54.2626 73.5074 8
      vertex 47.7782 79.9918 8
      vertex 54.0449 73.2422 8
    endloop
  endfacet
  facet normal -0 0 1
    outer loop
      vertex 46.1113 78.6238 8
      vertex 54.0449 73.2422 8
      vertex 47.7782 79.9918 8
    endloop
  endfacet
  facet normal 0 0 1
    outer loop
      vertex 54.0449 73.2422 8
      vertex 46.1113 78.6238 8
      vertex 53.8832 72.9397 8
    endloop
  endfacet
  facet normal 0 0 1
    outer loop
      vertex 53.8832 72.9397 8
      vertex 46.1113 78.6238 8
      vertex 53.7836 72.6114 8
    endloop
  endfacet
  facet normal 0 0 1
    outer loop
      vertex 53.7836 72.6114 8
      vertex 46.1113 78.6238 8
      vertex 53.75 72.27 8
    endloop
  endfacet
  facet normal -0 0 1
    outer loop
      vertex 44.2095 77.6073 8
      vertex 53.75 72.27 8
      vertex 46.1113 78.6238 8
    endloop
  endfacet
  facet normal 0 0 1
    outer loop
      vertex 53.75 72.27 8
      vertex 44.2095 77.6073 8
      vertex 53.7836 71.9286 8
    endloop
  endfacet
  facet normal -0 0 1
    outer loop
      vertex 40 76.77 8
      vertex 54.0449 71.2978 8
      vertex 42.146 76.9814 8
    endloop
  endfacet
  facet normal 0 0 1
    outer loop
      vertex 66.4 25 8
      vertex 43.6 25 8
      vertex 66.4692 24.2977 8
    endloop
  endfacet
  facet normal 0 0 1
    outer loop
      vertex 43.5308 24.2977 8
      vertex 66.4692 24.2977 8
      vertex 43.6 25 8
    endloop
  endfacet
  facet normal 0 0 1
    outer loop
      vertex 66.4692 24.2977 8
      vertex 43.5308 24.2977 8
      vertex 66.674 23.6223 8
    endloop
  endfacet
  facet normal 0 0 1
    outer loop
      vertex 43.326 23.6223 8
      vertex 66.674 23.6223 8
      vertex 43.5308 24.2977 8
    endloop
  endfacet
  facet normal 0 0 1
    outer loop
      vertex 66.674 23.6223 8
      vertex 43.326 23.6223 8
      vertex 67.0067 22.9999 8
    endloop
  endfacet
  facet normal 0 0 1
    outer loop
      vertex 42.9933 22.9999 8
      vertex 67.0067 22.9999 8
      vertex 43.326 23.6223 8
    endloop
  endfacet
  facet normal 0 0 1
    outer loop
      vertex 42.5456 22.4544 8
      vertex 67.0067 22.9999 8
      vertex 42.9933 22.9999 8
    endloop
  endfacet
  facet normal 0 0 1
    outer loop
      vertex 67.4544 22.4544 8
      vertex 42.5456 22.4544 8
      vertex 42.0001 22.0067 8
    endloop
  endfacet
  facet normal 0 0 1
    outer loop
      vertex 67.9999 22.0067 8
      vertex 42.0001 22.0067 8
      vertex 80 5 8
    endloop
  endfacet
  facet normal -0 0 1
    outer loop
      vertex 41.3777 21.674 8
      vertex 80 5 8
      vertex 42.0001 22.0067 8
    endloop
  endfacet
  facet normal -0 0 1
    outer loop
      vertex 40.7023 21.4692 8
      vertex 80 5 8
      vertex 41.3777 21.674 8
    endloop
  endfacet
  facet normal -0 0 1
    outer loop
      vertex 40 21.4 8
      vertex 80 5 8
      vertex 40.7023 21.4692 8
    endloop
  endfacet
  facet normal 0 0 1
    outer loop
      vertex 0 5 8
      vertex 40 21.4 8
      vertex 39.2977 21.4692 8
    endloop
  endfacet
  facet normal 0 0 1
    outer loop
      vertex 0 5 8
      vertex 39.2977 21.4692 8
      vertex 38.6223 21.674 8
    endloop
  endfacet
  facet normal 0 0 1
    outer loop
      vertex 26.25 72.27 8
      vertex 35.7905 77.6073 8
      vertex 33.8887 78.6238 8
    endloop
  endfacet
  facet normal 0 0 1
    outer loop
      vertex 26.25 72.27 8
      vertex 33.8887 78.6238 8
      vertex 32.2218 79.9918 8
    endloop
  endfacet
  facet normal 0 0 1
    outer loop
      vertex 26.25 72.27 8
      vertex 32.2218 79.9918 8
      vertex 30.8538 81.6587 8
    endloop
  endfacet
  facet normal 0 0 1
    outer loop
      vertex 26.25 72.27 8
      vertex 30.8538 81.6587 8
      vertex 29.8373 83.5605 8
    endloop
  endfacet
  facet normal 0 0 1
    outer loop
      vertex 35.7905 77.6073 8
      vertex 26.2164 71.9286 8
      vertex 26.1168 71.6003 8
    endloop
  endfacet
  facet normal 0 0 1
    outer loop
      vertex 26.25 72.27 8
      vertex 29.8373 83.5605 8
      vertex 29.2114 85.624 8
    endloop
  endfacet
  facet normal -0 0 1
    outer loop
      vertex 25.4722 101.815 8
      vertex 32.2218 95.5482 8
      vertex 25.7374 102.033 8
    endloop
  endfacet
  facet normal 0 0 1
    outer loop
      vertex 29 87.77 8
      vertex 26.25 72.27 8
      vertex 29.2114 85.624 8
    endloop
  endfacet
  facet normal 0 0 1
    outer loop
      vertex 35.7905 77.6073 8
      vertex 26.25 72.27 8
      vertex 26.2164 71.9286 8
    endloop
  endfacet
  facet normal 0 0 1
    outer loop
      vertex 37.854 76.9814 8
      vertex 26.1168 71.6003 8
      vertex 25.9551 71.2978 8
    endloop
  endfacet
  facet normal 0 0 1
    outer loop
      vertex 40 76.77 8
      vertex 25.9551 71.2978 8
      vertex 25.7374 71.0326 8
    endloop
  endfacet
  facet normal 0 0 1
    outer loop
      vertex 13.6 25 8
      vertex 37.9999 27.9933 8
      vertex 24.5 70.52 8
    endloop
  endfacet
  facet normal 0 0 1
    outer loop
      vertex 37.9999 27.9933 8
      vertex 13.6 25 8
      vertex 37.4544 27.5456 8
    endloop
  endfacet
  facet normal 0 0 1
    outer loop
      vertex 37.4544 27.5456 8
      vertex 13.6 25 8
      vertex 37.0067 27.0001 8
    endloop
  endfacet
  facet normal 0 0 1
    outer loop
      vertex 37.0067 27.0001 8
      vertex 13.6 25 8
      vertex 36.674 26.3777 8
    endloop
  endfacet
  facet normal 0 0 1
    outer loop
      vertex 36.674 26.3777 8
      vertex 13.6 25 8
      vertex 36.4692 25.7023 8
    endloop
  endfacet
  facet normal 0 0 1
    outer loop
      vertex 36.4692 25.7023 8
      vertex 13.6 25 8
      vertex 36.4 25 8
    endloop
  endfacet
  facet normal 0 0 1
    outer loop
      vertex 13.6 25 8
      vertex 24.5 70.52 8
      vertex 24.1586 70.5536 8
    endloop
  endfacet
  facet normal 0 0 1
    outer loop
      vertex 13.6 25 8
      vertex 24.1586 70.5536 8
      vertex 23.8303 70.6532 8
    endloop
  endfacet
  facet normal 0 0 1
    outer loop
      vertex 13.6 25 8
      vertex 23.8303 70.6532 8
      vertex 23.5278 70.8149 8
    endloop
  endfacet
  facet normal 0 0 1
    outer loop
      vertex 13.6 25 8
      vertex 23.5278 70.8149 8
      vertex 23.2626 71.0326 8
    endloop
  endfacet
  facet normal 0 0 1
    outer loop
      vertex 13.6 25 8
      vertex 23.2626 71.0326 8
      vertex 23.0449 71.2978 8
    endloop
  endfacet
  facet normal 0 0 1
    outer loop
      vertex 13.6 25 8
      vertex 23.0449 71.2978 8
      vertex 22.8832 71.6003 8
    endloop
  endfacet
  facet normal 0 0 1
    outer loop
      vertex 13.6 25 8
      vertex 22.8832 71.6003 8
      vertex 22.7836 71.9286 8
    endloop
  endfacet
  facet normal 0 0 1
    outer loop
      vertex 13.6 25 8
      vertex 22.7836 71.9286 8
      vertex 22.75 72.27 8
    endloop
  endfacet
  facet normal 0 0 1
    outer loop
      vertex 36.4 25 8
      vertex 13.6 25 8
      vertex 36.4692 24.2977 8
    endloop
  endfacet
  facet normal 0 0 1
    outer loop
      vertex 13.5308 24.2977 8
      vertex 36.4692 24.2977 8
      vertex 13.6 25 8
    endloop
  endfacet
  facet normal 0 0 1
    outer loop
      vertex 36.4692 24.2977 8
      vertex 13.5308 24.2977 8
      vertex 36.674 23.6223 8
    endloop
  endfacet
  facet normal 0 0 1
    outer loop
      vertex 13.326 23.6223 8
      vertex 36.674 23.6223 8
      vertex 13.5308 24.2977 8
    endloop
  endfacet
  facet normal 0 0 1
    outer loop
      vertex 36.674 23.6223 8
      vertex 13.326 23.6223 8
      vertex 37.0067 22.9999 8
    endloop
  endfacet
  facet normal 0 0 1
    outer loop
      vertex 12.9933 22.9999 8
      vertex 37.0067 22.9999 8
      vertex 13.326 23.6223 8
    endloop
  endfacet
  facet normal 0 0 1
    outer loop
      vertex 37.0067 22.9999 8
      vertex 12.9933 22.9999 8
      vertex 37.4544 22.4544 8
    endloop
  endfacet
  facet normal 0 0 1
    outer loop
      vertex 12.5456 22.4544 8
      vertex 37.4544 22.4544 8
      vertex 12.9933 22.9999 8
    endloop
  endfacet
  facet normal 0 0 1
    outer loop
      vertex 37.4544 22.4544 8
      vertex 12.5456 22.4544 8
      vertex 37.9999 22.0067 8
    endloop
  endfacet
  facet normal 0 0 1
    outer loop
      vertex 12.0001 22.0067 8
      vertex 37.9999 22.0067 8
      vertex 12.5456 22.4544 8
    endloop
  endfacet
  facet normal 0 0 1
    outer loop
      vertex 0 5 8
      vertex 37.9999 22.0067 8
      vertex 12.0001 22.0067 8
    endloop
  endfacet
  facet normal 0 0 1
    outer loop
      vertex 37.9999 22.0067 8
      vertex 0 5 8
      vertex 38.6223 21.674 8
    endloop
  endfacet
  facet normal 0 0 1
    outer loop
      vertex 0 5 8
      vertex 12.0001 22.0067 8
      vertex 11.3777 21.674 8
    endloop
  endfacet
  facet normal 0 0 1
    outer loop
      vertex 0 5 8
      vertex 11.3777 21.674 8
      vertex 10.7023 21.4692 8
    endloop
  endfacet
  facet normal 0 0 1
    outer loop
      vertex 0 5 8
      vertex 10.7023 21.4692 8
      vertex 10 21.4 8
    endloop
  endfacet
  facet normal 0 0 1
    outer loop
      vertex 0 5 8
      vertex 10 21.4 8
      vertex 9.29767 21.4692 8
    endloop
  endfacet
  facet normal 0 0 1
    outer loop
      vertex 4.16152 43.1615 8
      vertex 7.00671 27.0001 8
      vertex 4.55552 42.8382 8
    endloop
  endfacet
  facet normal 0 0 1
    outer loop
      vertex 7.00671 27.0001 8
      vertex 4.16152 43.1615 8
      vertex 6.67403 26.3777 8
    endloop
  endfacet
  facet normal 0 0 1
    outer loop
      vertex 3.83818 43.5555 8
      vertex 6.67403 26.3777 8
      vertex 4.16152 43.1615 8
    endloop
  endfacet
  facet normal 0 0 1
    outer loop
      vertex 6.67403 26.3777 8
      vertex 3.83818 43.5555 8
      vertex 6.46917 25.7023 8
    endloop
  endfacet
  facet normal 0 0 1
    outer loop
      vertex 3.59791 44.005 8
      vertex 6.46917 25.7023 8
      vertex 3.83818 43.5555 8
    endloop
  endfacet
  facet normal 0 0 1
    outer loop
      vertex 6.46917 25.7023 8
      vertex 3.59791 44.005 8
      vertex 6.4 25 8
    endloop
  endfacet
  facet normal 0 0 1
    outer loop
      vertex 0 5 8
      vertex 6.4 25 8
      vertex 3.59791 44.005 8
    endloop
  endfacet
  facet normal 0 0 1
    outer loop
      vertex 0 5 8
      vertex 3.59791 44.005 8
      vertex 3.44996 44.4928 8
    endloop
  endfacet
  facet normal 0 0 1
    outer loop
      vertex 40 21.4 8
      vertex 0 5 8
      vertex 80 5 8
    endloop
  endfacet
  facet normal 0 0 1
    outer loop
      vertex 8.62234 21.674 8
      vertex 0 5 8
      vertex 9.29767 21.4692 8
    endloop
  endfacet
  facet normal 0 0 1
    outer loop
      vertex 7.99995 22.0067 8
      vertex 0 5 8
      vertex 8.62234 21.674 8
    endloop
  endfacet
  facet normal 0 0 1
    outer loop
      vertex 7.45442 22.4544 8
      vertex 0 5 8
      vertex 7.99995 22.0067 8
    endloop
  endfacet
  facet normal 0 0 1
    outer loop
      vertex 7.00671 22.9999 8
      vertex 0 5 8
      vertex 7.45442 22.4544 8
    endloop
  endfacet
  facet normal 0 0 1
    outer loop
      vertex 6.67403 23.6223 8
      vertex 0 5 8
      vertex 7.00671 22.9999 8
    endloop
  endfacet
  facet normal 0 0 1
    outer loop
      vertex 6.46917 24.2977 8
      vertex 0 5 8
      vertex 6.67403 23.6223 8
    endloop
  endfacet
  facet normal 0 0 1
    outer loop
      vertex 6.4 25 8
      vertex 0 5 8
      vertex 6.46917 24.2977 8
    endloop
  endfacet
  facet normal 0 0 1
    outer loop
      vertex 3.4 45 8
      vertex 0 5 8
      vertex 3.44996 44.4928 8
    endloop
  endfacet
  facet normal 0 0 1
    outer loop
      vertex 3.4 105 8
      vertex 0 5 8
      vertex 3.4 45 8
    endloop
  endfacet
  facet normal -0 0 1
    outer loop
      vertex 71.4445 70.1082 8
      vertex 74.995 47.4021 8
      vertex 71.8385 70.4315 8
    endloop
  endfacet
  facet normal 0 0 1
    outer loop
      vertex 74.995 47.4021 8
      vertex 71.4445 70.1082 8
      vertex 74.5072 47.55 8
    endloop
  endfacet
  facet normal -0 0 1
    outer loop
      vertex 70.995 69.8679 8
      vertex 74.5072 47.55 8
      vertex 71.4445 70.1082 8
    endloop
  endfacet
  facet normal 0 0 1
    outer loop
      vertex 74.5072 47.55 8
      vertex 70.995 69.8679 8
      vertex 74 47.6 8
    endloop
  endfacet
  facet normal -0 0 1
    outer loop
      vertex 70.5072 69.72 8
      vertex 74 47.6 8
      vertex 70.995 69.8679 8
    endloop
  endfacet
  facet normal 0 0 1
    outer loop
      vertex 74 47.6 8
      vertex 70.5072 69.72 8
      vertex 73.4928 47.55 8
    endloop
  endfacet
  facet normal -0 0 1
    outer loop
      vertex 70 69.67 8
      vertex 73.4928 47.55 8
      vertex 70.5072 69.72 8
    endloop
  endfacet
  facet normal 0 0 1
    outer loop
      vertex 73.4928 47.55 8
      vertex 70 69.67 8
      vertex 73.005 47.4021 8
    endloop
  endfacet
  facet normal 0 0 1
    outer loop
      vertex 69.4928 69.72 8
      vertex 73.005 47.4021 8
      vertex 70 69.67 8
    endloop
  endfacet
  facet normal 0 0 1
    outer loop
      vertex 73.005 47.4021 8
      vertex 69.4928 69.72 8
      vertex 72.5555 47.1618 8
    endloop
  endfacet
  facet normal 0 0 1
    outer loop
      vertex 69.005 69.8679 8
      vertex 72.5555 47.1618 8
      vertex 69.4928 69.72 8
    endloop
  endfacet
  facet normal 0 0 1
    outer loop
      vertex 72.5555 47.1618 8
      vertex 69.005 69.8679 8
      vertex 72.1615 46.8385 8
    endloop
  endfacet
  facet normal 0 0 1
    outer loop
      vertex 68.5555 70.1082 8
      vertex 72.1615 46.8385 8
      vertex 69.005 69.8679 8
    endloop
  endfacet
  facet normal 0 0 1
    outer loop
      vertex 74 42.4 8
      vertex 70.7023 28.5308 8
      vertex 71.3777 28.326 8
    endloop
  endfacet
  facet normal 0 0 1
    outer loop
      vertex 72.1615 46.8385 8
      vertex 68.5555 70.1082 8
      vertex 71.8382 46.4445 8
    endloop
  endfacet
  facet normal 0 0 1
    outer loop
      vertex 68.1615 70.4315 8
      vertex 71.8382 46.4445 8
      vertex 68.5555 70.1082 8
    endloop
  endfacet
  facet normal 0 0 1
    outer loop
      vertex 73.005 42.5979 8
      vertex 70 28.6 8
      vertex 70.7023 28.5308 8
    endloop
  endfacet
  facet normal 0 0 1
    outer loop
      vertex 71.8382 46.4445 8
      vertex 68.1615 70.4315 8
      vertex 71.5979 45.995 8
    endloop
  endfacet
  facet normal 0 0 1
    outer loop
      vertex 72.5555 42.8382 8
      vertex 69.2977 28.5308 8
      vertex 70 28.6 8
    endloop
  endfacet
  facet normal 0 0 1
    outer loop
      vertex 67.8382 70.8255 8
      vertex 71.5979 45.995 8
      vertex 68.1615 70.4315 8
    endloop
  endfacet
  facet normal 0 0 1
    outer loop
      vertex 72.1615 43.1615 8
      vertex 68.6223 28.326 8
      vertex 69.2977 28.5308 8
    endloop
  endfacet
  facet normal 0 0 1
    outer loop
      vertex 71.5979 45.995 8
      vertex 67.8382 70.8255 8
      vertex 71.45 45.5072 8
    endloop
  endfacet
  facet normal 0 0 1
    outer loop
      vertex 67.5979 71.275 8
      vertex 71.45 45.5072 8
      vertex 67.8382 70.8255 8
    endloop
  endfacet
  facet normal 0 0 1
    outer loop
      vertex 71.8382 43.5555 8
      vertex 67.9999 27.9933 8
      vertex 68.6223 28.326 8
    endloop
  endfacet
  facet normal 0 0 1
    outer loop
      vertex 71.45 45.5072 8
      vertex 67.5979 71.275 8
      vertex 71.4 45 8
    endloop
  endfacet
  facet normal 0 0 1
    outer loop
      vertex 66.674 26.3777 8
      vertex 71.4 45 8
      vertex 67.5979 71.275 8
    endloop
  endfacet
  facet normal 0 0 1
    outer loop
      vertex 71.5979 44.005 8
      vertex 67.4544 27.5456 8
      vertex 67.9999 27.9933 8
    endloop
  endfacet
  facet normal 0 0 1
    outer loop
      vertex 66.674 26.3777 8
      vertex 67.5979 71.275 8
      vertex 67.45 71.7628 8
    endloop
  endfacet
  facet normal -0 0 1
    outer loop
      vertex 57.2164 71.9286 8
      vertex 67.45 71.7628 8
      vertex 67.4 72.27 8
    endloop
  endfacet
  facet normal 0 0 1
    outer loop
      vertex 71.45 44.4928 8
      vertex 67.0067 27.0001 8
      vertex 67.4544 27.5456 8
    endloop
  endfacet
  facet normal -0 0 1
    outer loop
      vertex 41.4445 127.838 8
      vertex 54.8303 104.887 8
      vertex 41.8385 128.162 8
    endloop
  endfacet
  facet normal 0 0 1
    outer loop
      vertex 54.5278 104.725 8
      vertex 40.995 127.598 8
      vertex 54.2626 104.507 8
    endloop
  endfacet
  facet normal 0 0 1
    outer loop
      vertex 54.0449 102.298 8
      vertex 46.1113 96.9162 8
      vertex 47.7782 95.5482 8
    endloop
  endfacet
  facet normal -0 0 1
    outer loop
      vertex 40.5072 127.45 8
      vertex 54.2626 104.507 8
      vertex 40.995 127.598 8
    endloop
  endfacet
  facet normal 0 0 1
    outer loop
      vertex 53.75 103.27 8
      vertex 44.2095 97.9327 8
      vertex 46.1113 96.9162 8
    endloop
  endfacet
  facet normal 0 0 1
    outer loop
      vertex 54.2626 104.507 8
      vertex 40.5072 127.45 8
      vertex 54.0449 104.242 8
    endloop
  endfacet
  facet normal 0 -0 1
    outer loop
      vertex 42.146 98.5586 8
      vertex 54.0449 104.242 8
      vertex 40.5072 127.45 8
    endloop
  endfacet
  facet normal 0 0 1
    outer loop
      vertex 53.8832 103.94 8
      vertex 42.146 98.5586 8
      vertex 44.2095 97.9327 8
    endloop
  endfacet
  facet normal 0 0 1
    outer loop
      vertex 54.0449 104.242 8
      vertex 42.146 98.5586 8
      vertex 53.8832 103.94 8
    endloop
  endfacet
  facet normal 0 0 1
    outer loop
      vertex 40 98.77 8
      vertex 40.5072 127.45 8
      vertex 40 127.4 8
    endloop
  endfacet
  facet normal 0 0 1
    outer loop
      vertex 40.5072 127.45 8
      vertex 40 98.77 8
      vertex 42.146 98.5586 8
    endloop
  endfacet
  facet normal 0 0 1
    outer loop
      vertex 39.4928 127.45 8
      vertex 40 98.77 8
      vertex 40 127.4 8
    endloop
  endfacet
  facet normal 0 0 1
    outer loop
      vertex 37.854 98.5586 8
      vertex 39.4928 127.45 8
      vertex 39.005 127.598 8
    endloop
  endfacet
  facet normal 0 0 1
    outer loop
      vertex 35.7905 97.9327 8
      vertex 39.005 127.598 8
      vertex 38.5555 127.838 8
    endloop
  endfacet
  facet normal 0 0 1
    outer loop
      vertex 35.7905 97.9327 8
      vertex 38.5555 127.838 8
      vertex 38.1615 128.162 8
    endloop
  endfacet
  facet normal 0 0 1
    outer loop
      vertex 39.4928 127.45 8
      vertex 37.854 98.5586 8
      vertex 40 98.77 8
    endloop
  endfacet
  facet normal 0 0 1
    outer loop
      vertex 35.7905 97.9327 8
      vertex 38.1615 128.162 8
      vertex 37.8382 128.556 8
    endloop
  endfacet
  facet normal 0 0 1
    outer loop
      vertex 35.7905 97.9327 8
      vertex 37.8382 128.556 8
      vertex 37.5979 129.005 8
    endloop
  endfacet
  facet normal 0 0 1
    outer loop
      vertex 35.7905 97.9327 8
      vertex 37.5979 129.005 8
      vertex 37.45 129.493 8
    endloop
  endfacet
  facet normal 0 0 1
    outer loop
      vertex 35.7905 97.9327 8
      vertex 37.45 129.493 8
      vertex 37.4 130 8
    endloop
  endfacet
  facet normal 0 0 1
    outer loop
      vertex 39.005 127.598 8
      vertex 35.7905 97.9327 8
      vertex 37.854 98.5586 8
    endloop
  endfacet
  facet normal 1 -0 0
    outer loop
      vertex 80 5 8
      vertex 80 170 0
      vertex 80 170 8
    endloop
  endfacet
  facet normal 1 0 0
    outer loop
      vertex 80 170 0
      vertex 80 5 8
      vertex 80 5 0
    endloop
  endfacet
  facet normal 0 1 -0
    outer loop
      vertex 80 170 0
      vertex 0 170 8
      vertex 80 170 8
    endloop
  endfacet
  facet normal 0 1 0
    outer loop
      vertex 0 170 8
      vertex 80 170 0
      vertex 0 170 0
    endloop
  endfacet
  facet normal 0 0 -1
    outer loop
      vertex 5.49276 102.45 0
      vertex 9.00502 74.6721 0
      vertex 8.55552 74.4318 0
    endloop
  endfacet
  facet normal 0 0 -1
    outer loop
      vertex 9.00502 74.6721 0
      vertex 8.55004 104.493 0
      vertex 8.6 105 0
    endloop
  endfacet
  facet normal 0 0 -1
    outer loop
      vertex 9.00502 74.6721 0
      vertex 8.40209 104.005 0
      vertex 8.55004 104.493 0
    endloop
  endfacet
  facet normal 0 0 -1
    outer loop
      vertex 9.00502 74.6721 0
      vertex 8.16182 103.556 0
      vertex 8.40209 104.005 0
    endloop
  endfacet
  facet normal 0 0 -1
    outer loop
      vertex 5.00502 102.598 0
      vertex 8.55552 74.4318 0
      vertex 8.16152 74.1085 0
    endloop
  endfacet
  facet normal 0 0 -1
    outer loop
      vertex 9.00502 74.6721 0
      vertex 7.83848 103.162 0
      vertex 8.16182 103.556 0
    endloop
  endfacet
  facet normal 0 0 -1
    outer loop
      vertex 4.55552 102.838 0
      vertex 8.16152 74.1085 0
      vertex 7.83818 73.7145 0
    endloop
  endfacet
  facet normal 0 0 -1
    outer loop
      vertex 4.16152 103.162 0
      vertex 7.83818 73.7145 0
      vertex 7.59791 73.265 0
    endloop
  endfacet
  facet normal 0 0 -1
    outer loop
      vertex 3.83818 103.556 0
      vertex 7.59791 73.265 0
      vertex 7.44996 72.7772 0
    endloop
  endfacet
  facet normal 0 0 -1
    outer loop
      vertex 9.00502 74.6721 0
      vertex 7.44448 102.838 0
      vertex 7.83848 103.162 0
    endloop
  endfacet
  facet normal 0 0 -1
    outer loop
      vertex 3.59791 104.005 0
      vertex 7.44996 72.7772 0
      vertex 7.4 72.27 0
    endloop
  endfacet
  facet normal 0 0 -1
    outer loop
      vertex 4.55552 47.1618 0
      vertex 8.16152 70.4315 0
      vertex 5.00502 47.4021 0
    endloop
  endfacet
  facet normal 0 0 -1
    outer loop
      vertex 9.00502 74.6721 0
      vertex 6.99498 102.598 0
      vertex 7.44448 102.838 0
    endloop
  endfacet
  facet normal -0 0 -1
    outer loop
      vertex 8.16152 70.4315 0
      vertex 4.55552 47.1618 0
      vertex 7.83818 70.8255 0
    endloop
  endfacet
  facet normal 0 0 -1
    outer loop
      vertex 9.00502 74.6721 0
      vertex 6.50723 102.45 0
      vertex 6.99498 102.598 0
    endloop
  endfacet
  facet normal 0 0 -1
    outer loop
      vertex 4.16152 46.8385 0
      vertex 7.83818 70.8255 0
      vertex 4.55552 47.1618 0
    endloop
  endfacet
  facet normal 0 0 -1
    outer loop
      vertex 9.00502 74.6721 0
      vertex 6 102.4 0
      vertex 6.50723 102.45 0
    endloop
  endfacet
  facet normal -0 0 -1
    outer loop
      vertex 7.83818 70.8255 0
      vertex 4.16152 46.8385 0
      vertex 7.59791 71.275 0
    endloop
  endfacet
  facet normal 0 0 -1
    outer loop
      vertex 9.00502 74.6721 0
      vertex 5.49276 102.45 0
      vertex 6 102.4 0
    endloop
  endfacet
  facet normal 0 0 -1
    outer loop
      vertex 3.83818 46.4445 0
      vertex 7.59791 71.275 0
      vertex 4.16152 46.8385 0
    endloop
  endfacet
  facet normal 0 0 -1
    outer loop
      vertex 8.55552 74.4318 0
      vertex 5.00502 102.598 0
      vertex 5.49276 102.45 0
    endloop
  endfacet
  facet normal -0 0 -1
    outer loop
      vertex 7.59791 71.275 0
      vertex 3.83818 46.4445 0
      vertex 7.44996 71.7628 0
    endloop
  endfacet
  facet normal 0 0 -1
    outer loop
      vertex 8.16152 74.1085 0
      vertex 4.55552 102.838 0
      vertex 5.00502 102.598 0
    endloop
  endfacet
  facet normal 0 0 -1
    outer loop
      vertex 3.59791 45.995 0
      vertex 7.44996 71.7628 0
      vertex 3.83818 46.4445 0
    endloop
  endfacet
  facet normal 0 0 -1
    outer loop
      vertex 7.83818 73.7145 0
      vertex 4.16152 103.162 0
      vertex 4.55552 102.838 0
    endloop
  endfacet
  facet normal -0 0 -1
    outer loop
      vertex 7.44996 71.7628 0
      vertex 3.59791 45.995 0
      vertex 7.4 72.27 0
    endloop
  endfacet
  facet normal 0 0 -1
    outer loop
      vertex 7.59791 73.265 0
      vertex 3.83818 103.556 0
      vertex 4.16152 103.162 0
    endloop
  endfacet
  facet normal 0 0 -1
    outer loop
      vertex 3.44996 45.5072 0
      vertex 7.4 72.27 0
      vertex 3.59791 45.995 0
    endloop
  endfacet
  facet normal 0 0 -1
    outer loop
      vertex 7.44996 72.7772 0
      vertex 3.59791 104.005 0
      vertex 3.83818 103.556 0
    endloop
  endfacet
  facet normal 0 0 -1
    outer loop
      vertex 3.44996 104.493 0
      vertex 7.4 72.27 0
      vertex 3.44996 45.5072 0
    endloop
  endfacet
  facet normal 0 0 -1
    outer loop
      vertex 7.4 72.27 0
      vertex 3.44996 104.493 0
      vertex 3.59791 104.005 0
    endloop
  endfacet
  facet normal 0 0 -1
    outer loop
      vertex 3.4 45 0
      vertex 3.44996 104.493 0
      vertex 3.44996 45.5072 0
    endloop
  endfacet
  facet normal -0 0 -1
    outer loop
      vertex 3.44996 104.493 0
      vertex 3.4 45 0
      vertex 3.4 105 0
    endloop
  endfacet
  facet normal 0 0 -1
    outer loop
      vertex 37.9999 27.9933 0
      vertex 8.55004 44.4928 0
      vertex 8.6 45 0
    endloop
  endfacet
  facet normal 0 0 -1
    outer loop
      vertex 9.29767 28.5308 0
      vertex 8.40209 44.005 0
      vertex 8.55004 44.4928 0
    endloop
  endfacet
  facet normal 0 0 -1
    outer loop
      vertex 9.29767 28.5308 0
      vertex 8.16182 43.5555 0
      vertex 8.40209 44.005 0
    endloop
  endfacet
  facet normal 0 0 -1
    outer loop
      vertex 5.49276 42.45 0
      vertex 8.62234 28.326 0
      vertex 7.99995 27.9933 0
    endloop
  endfacet
  facet normal 0 0 -1
    outer loop
      vertex 9.29767 28.5308 0
      vertex 7.83848 43.1615 0
      vertex 8.16182 43.5555 0
    endloop
  endfacet
  facet normal 0 0 -1
    outer loop
      vertex 5.00502 42.5979 0
      vertex 7.99995 27.9933 0
      vertex 7.45442 27.5456 0
    endloop
  endfacet
  facet normal 0 0 -1
    outer loop
      vertex 9.29767 28.5308 0
      vertex 7.44448 42.8382 0
      vertex 7.83848 43.1615 0
    endloop
  endfacet
  facet normal 0 0 -1
    outer loop
      vertex 4.55552 42.8382 0
      vertex 7.45442 27.5456 0
      vertex 7.00671 27.0001 0
    endloop
  endfacet
  facet normal 0 0 -1
    outer loop
      vertex 9.29767 28.5308 0
      vertex 6.99498 42.5979 0
      vertex 7.44448 42.8382 0
    endloop
  endfacet
  facet normal 0 0 -1
    outer loop
      vertex 4.16152 43.1615 0
      vertex 7.00671 27.0001 0
      vertex 6.67403 26.3777 0
    endloop
  endfacet
  facet normal 0 0 -1
    outer loop
      vertex 9.29767 28.5308 0
      vertex 6.50723 42.45 0
      vertex 6.99498 42.5979 0
    endloop
  endfacet
  facet normal 0 0 -1
    outer loop
      vertex 3.83818 43.5555 0
      vertex 6.67403 26.3777 0
      vertex 6.46917 25.7023 0
    endloop
  endfacet
  facet normal 0 0 -1
    outer loop
      vertex 3.59791 44.005 0
      vertex 6.46917 25.7023 0
      vertex 6.4 25 0
    endloop
  endfacet
  facet normal 0 0 -1
    outer loop
      vertex 9.29767 28.5308 0
      vertex 6 42.4 0
      vertex 6.50723 42.45 0
    endloop
  endfacet
  facet normal -0 0 -1
    outer loop
      vertex 22.7836 71.9286 0
      vertex 12.55 71.7628 0
      vertex 12.6 72.27 0
    endloop
  endfacet
  facet normal 0 0 -1
    outer loop
      vertex 8.55004 44.4928 0
      vertex 12.9933 27.0001 0
      vertex 12.5456 27.5456 0
    endloop
  endfacet
  facet normal 0 0 -1
    outer loop
      vertex 23.8303 70.6532 0
      vertex 12.4021 71.275 0
      vertex 12.55 71.7628 0
    endloop
  endfacet
  facet normal 0 0 -1
    outer loop
      vertex 8.16182 46.4445 0
      vertex 24.5 70.52 0
      vertex 8.40209 45.995 0
    endloop
  endfacet
  facet normal 0 0 -1
    outer loop
      vertex 8.55004 44.4928 0
      vertex 12.5456 27.5456 0
      vertex 12.0001 27.9933 0
    endloop
  endfacet
  facet normal -0 0 -1
    outer loop
      vertex 24.5 70.52 0
      vertex 8.16182 46.4445 0
      vertex 24.1586 70.5536 0
    endloop
  endfacet
  facet normal 0 0 -1
    outer loop
      vertex 23.8303 70.6532 0
      vertex 12.1618 70.8255 0
      vertex 12.4021 71.275 0
    endloop
  endfacet
  facet normal 0 0 -1
    outer loop
      vertex 8.55004 44.4928 0
      vertex 12.0001 27.9933 0
      vertex 11.3777 28.326 0
    endloop
  endfacet
  facet normal -0 0 -1
    outer loop
      vertex 24.1586 70.5536 0
      vertex 8.16182 46.4445 0
      vertex 23.8303 70.6532 0
    endloop
  endfacet
  facet normal 0 0 -1
    outer loop
      vertex 8.55004 44.4928 0
      vertex 11.3777 28.326 0
      vertex 10.7023 28.5308 0
    endloop
  endfacet
  facet normal -0 0 -1
    outer loop
      vertex 23.8303 70.6532 0
      vertex 11.8385 70.4315 0
      vertex 12.1618 70.8255 0
    endloop
  endfacet
  facet normal 0 0 -1
    outer loop
      vertex 8.55004 44.4928 0
      vertex 10.7023 28.5308 0
      vertex 10 28.6 0
    endloop
  endfacet
  facet normal 0 0 -1
    outer loop
      vertex 7.83848 46.8385 0
      vertex 23.8303 70.6532 0
      vertex 8.16182 46.4445 0
    endloop
  endfacet
  facet normal 0 0 -1
    outer loop
      vertex 23.8303 70.6532 0
      vertex 11.4445 70.1082 0
      vertex 11.8385 70.4315 0
    endloop
  endfacet
  facet normal 0 0 -1
    outer loop
      vertex 8.55004 44.4928 0
      vertex 10 28.6 0
      vertex 9.29767 28.5308 0
    endloop
  endfacet
  facet normal 0 0 -1
    outer loop
      vertex 23.8303 70.6532 0
      vertex 7.83848 46.8385 0
      vertex 11.4445 70.1082 0
    endloop
  endfacet
  facet normal 0 0 -1
    outer loop
      vertex 6 42.4 0
      vertex 9.29767 28.5308 0
      vertex 8.62234 28.326 0
    endloop
  endfacet
  facet normal 0 0 -1
    outer loop
      vertex 11.4445 70.1082 0
      vertex 7.83848 46.8385 0
      vertex 10.995 69.8679 0
    endloop
  endfacet
  facet normal 0 0 -1
    outer loop
      vertex 7.44448 47.1618 0
      vertex 10.995 69.8679 0
      vertex 7.83848 46.8385 0
    endloop
  endfacet
  facet normal 0 0 -1
    outer loop
      vertex 10.995 69.8679 0
      vertex 7.44448 47.1618 0
      vertex 10.5072 69.72 0
    endloop
  endfacet
  facet normal 0 0 -1
    outer loop
      vertex 6.99498 47.4021 0
      vertex 10.5072 69.72 0
      vertex 7.44448 47.1618 0
    endloop
  endfacet
  facet normal 0 0 -1
    outer loop
      vertex 10.5072 69.72 0
      vertex 6.99498 47.4021 0
      vertex 10 69.67 0
    endloop
  endfacet
  facet normal 0 0 -1
    outer loop
      vertex 6.50723 47.55 0
      vertex 10 69.67 0
      vertex 6.99498 47.4021 0
    endloop
  endfacet
  facet normal -0 0 -1
    outer loop
      vertex 10 69.67 0
      vertex 6.50723 47.55 0
      vertex 9.49276 69.72 0
    endloop
  endfacet
  facet normal 0 0 -1
    outer loop
      vertex 6 47.6 0
      vertex 9.49276 69.72 0
      vertex 6.50723 47.55 0
    endloop
  endfacet
  facet normal -0 0 -1
    outer loop
      vertex 9.49276 69.72 0
      vertex 6 47.6 0
      vertex 9.00502 69.8679 0
    endloop
  endfacet
  facet normal 0 0 -1
    outer loop
      vertex 5.49276 47.55 0
      vertex 9.00502 69.8679 0
      vertex 6 47.6 0
    endloop
  endfacet
  facet normal -0 0 -1
    outer loop
      vertex 9.00502 69.8679 0
      vertex 5.49276 47.55 0
      vertex 8.55552 70.1082 0
    endloop
  endfacet
  facet normal 0 0 -1
    outer loop
      vertex 5.00502 47.4021 0
      vertex 8.55552 70.1082 0
      vertex 5.49276 47.55 0
    endloop
  endfacet
  facet normal -0 0 -1
    outer loop
      vertex 8.55552 70.1082 0
      vertex 5.00502 47.4021 0
      vertex 8.16152 70.4315 0
    endloop
  endfacet
  facet normal -0 0 -1
    outer loop
      vertex 32.2218 79.9918 0
      vertex 25.4722 73.7251 0
      vertex 30.8538 81.6587 0
    endloop
  endfacet
  facet normal 0 0 -1
    outer loop
      vertex 29 87.77 0
      vertex 26.2164 102.929 0
      vertex 26.25 103.27 0
    endloop
  endfacet
  facet normal 0 0 -1
    outer loop
      vertex 25.1697 73.8868 0
      vertex 30.8538 81.6587 0
      vertex 25.4722 73.7251 0
    endloop
  endfacet
  facet normal 0 0 -1
    outer loop
      vertex 29 87.77 0
      vertex 26.1168 102.6 0
      vertex 26.2164 102.929 0
    endloop
  endfacet
  facet normal 0 0 -1
    outer loop
      vertex 24.8414 73.9864 0
      vertex 30.8538 81.6587 0
      vertex 25.1697 73.8868 0
    endloop
  endfacet
  facet normal 0 0 -1
    outer loop
      vertex 29 87.77 0
      vertex 25.9551 102.298 0
      vertex 26.1168 102.6 0
    endloop
  endfacet
  facet normal -0 0 -1
    outer loop
      vertex 30.8538 81.6587 0
      vertex 24.8414 73.9864 0
      vertex 29.8373 83.5605 0
    endloop
  endfacet
  facet normal 0 0 -1
    outer loop
      vertex 29 87.77 0
      vertex 25.7374 102.033 0
      vertex 25.9551 102.298 0
    endloop
  endfacet
  facet normal 0 0 -1
    outer loop
      vertex 24.5 74.02 0
      vertex 29.8373 83.5605 0
      vertex 24.8414 73.9864 0
    endloop
  endfacet
  facet normal 0 0 -1
    outer loop
      vertex 29 87.77 0
      vertex 25.4722 101.815 0
      vertex 25.7374 102.033 0
    endloop
  endfacet
  facet normal 0 0 -1
    outer loop
      vertex 24.1586 73.9864 0
      vertex 29.8373 83.5605 0
      vertex 24.5 74.02 0
    endloop
  endfacet
  facet normal 0 0 -1
    outer loop
      vertex 29 87.77 0
      vertex 25.1697 101.653 0
      vertex 25.4722 101.815 0
    endloop
  endfacet
  facet normal 0 0 -1
    outer loop
      vertex 23.8303 73.8868 0
      vertex 29.8373 83.5605 0
      vertex 24.1586 73.9864 0
    endloop
  endfacet
  facet normal 0 0 -1
    outer loop
      vertex 29 87.77 0
      vertex 24.8414 101.554 0
      vertex 25.1697 101.653 0
    endloop
  endfacet
  facet normal -0 0 -1
    outer loop
      vertex 29.8373 83.5605 0
      vertex 23.8303 73.8868 0
      vertex 29.2114 85.624 0
    endloop
  endfacet
  facet normal 0 0 -1
    outer loop
      vertex 29 87.77 0
      vertex 24.5 101.52 0
      vertex 24.8414 101.554 0
    endloop
  endfacet
  facet normal 0 0 -1
    outer loop
      vertex 23.5278 73.7251 0
      vertex 29.2114 85.624 0
      vertex 23.8303 73.8868 0
    endloop
  endfacet
  facet normal 0 0 -1
    outer loop
      vertex 29 87.77 0
      vertex 24.1586 101.554 0
      vertex 24.5 101.52 0
    endloop
  endfacet
  facet normal 0 0 -1
    outer loop
      vertex 11.4445 74.4318 0
      vertex 29.2114 85.624 0
      vertex 23.5278 73.7251 0
    endloop
  endfacet
  facet normal 0 0 -1
    outer loop
      vertex 29 87.77 0
      vertex 23.8303 101.653 0
      vertex 24.1586 101.554 0
    endloop
  endfacet
  facet normal 0 0 -1
    outer loop
      vertex 10.995 74.6721 0
      vertex 29.2114 85.624 0
      vertex 11.4445 74.4318 0
    endloop
  endfacet
  facet normal -0 0 -1
    outer loop
      vertex 29.2114 85.624 0
      vertex 10.995 74.6721 0
      vertex 29 87.77 0
    endloop
  endfacet
  facet normal 0 0 -1
    outer loop
      vertex 11.8385 74.1085 0
      vertex 23.5278 73.7251 0
      vertex 23.2626 73.5074 0
    endloop
  endfacet
  facet normal 0 0 -1
    outer loop
      vertex 10.5072 74.82 0
      vertex 29 87.77 0
      vertex 10.995 74.6721 0
    endloop
  endfacet
  facet normal 0 0 -1
    outer loop
      vertex 12.1618 73.7145 0
      vertex 23.2626 73.5074 0
      vertex 23.0449 73.2422 0
    endloop
  endfacet
  facet normal 0 0 -1
    outer loop
      vertex 29 87.77 0
      vertex 23.5278 101.815 0
      vertex 23.8303 101.653 0
    endloop
  endfacet
  facet normal 0 0 -1
    outer loop
      vertex 12.4021 73.265 0
      vertex 23.0449 73.2422 0
      vertex 22.8832 72.9397 0
    endloop
  endfacet
  facet normal -0 0 -1
    outer loop
      vertex 29 87.77 0
      vertex 10.5072 74.82 0
      vertex 23.5278 101.815 0
    endloop
  endfacet
  facet normal 0 0 -1
    outer loop
      vertex 12.55 72.7772 0
      vertex 22.8832 72.9397 0
      vertex 22.7836 72.6114 0
    endloop
  endfacet
  facet normal -0 0 -1
    outer loop
      vertex 23.5278 101.815 0
      vertex 10.5072 74.82 0
      vertex 23.2626 102.033 0
    endloop
  endfacet
  facet normal 0 0 -1
    outer loop
      vertex 12.6 72.27 0
      vertex 22.7836 72.6114 0
      vertex 22.75 72.27 0
    endloop
  endfacet
  facet normal 0 0 -1
    outer loop
      vertex 8.6 105 0
      vertex 23.2626 102.033 0
      vertex 10.5072 74.82 0
    endloop
  endfacet
  facet normal 0 0 -1
    outer loop
      vertex 42.55 149.493 0
      vertex 80 170 0
      vertex 42.55 130.507 0
    endloop
  endfacet
  facet normal 0 0 -1
    outer loop
      vertex 80 170 0
      vertex 42.55 149.493 0
      vertex 42.6 150 0
    endloop
  endfacet
  facet normal 0 0 -1
    outer loop
      vertex 42.4021 130.995 0
      vertex 42.55 149.493 0
      vertex 42.55 130.507 0
    endloop
  endfacet
  facet normal 0 0 -1
    outer loop
      vertex 42.4021 130.995 0
      vertex 42.4021 149.005 0
      vertex 42.55 149.493 0
    endloop
  endfacet
  facet normal 0 0 -1
    outer loop
      vertex 42.1618 131.444 0
      vertex 42.4021 149.005 0
      vertex 42.4021 130.995 0
    endloop
  endfacet
  facet normal 0 0 -1
    outer loop
      vertex 42.1618 131.444 0
      vertex 42.1618 148.556 0
      vertex 42.4021 149.005 0
    endloop
  endfacet
  facet normal 0 0 -1
    outer loop
      vertex 41.8385 131.838 0
      vertex 42.1618 148.556 0
      vertex 42.1618 131.444 0
    endloop
  endfacet
  facet normal 0 0 -1
    outer loop
      vertex 41.8385 131.838 0
      vertex 41.8385 148.162 0
      vertex 42.1618 148.556 0
    endloop
  endfacet
  facet normal 0 0 -1
    outer loop
      vertex 41.4445 132.162 0
      vertex 41.8385 148.162 0
      vertex 41.8385 131.838 0
    endloop
  endfacet
  facet normal 0 0 -1
    outer loop
      vertex 41.4445 132.162 0
      vertex 41.4445 147.838 0
      vertex 41.8385 148.162 0
    endloop
  endfacet
  facet normal 0 0 -1
    outer loop
      vertex 40.995 132.402 0
      vertex 41.4445 147.838 0
      vertex 41.4445 132.162 0
    endloop
  endfacet
  facet normal 0 0 -1
    outer loop
      vertex 40.995 132.402 0
      vertex 40.995 147.598 0
      vertex 41.4445 147.838 0
    endloop
  endfacet
  facet normal 0 0 -1
    outer loop
      vertex 40.5072 132.55 0
      vertex 40.995 147.598 0
      vertex 40.995 132.402 0
    endloop
  endfacet
  facet normal 0 0 -1
    outer loop
      vertex 40.5072 132.55 0
      vertex 40.5072 147.45 0
      vertex 40.995 147.598 0
    endloop
  endfacet
  facet normal 0 0 -1
    outer loop
      vertex 40 132.6 0
      vertex 40.5072 147.45 0
      vertex 40.5072 132.55 0
    endloop
  endfacet
  facet normal 0 0 -1
    outer loop
      vertex 40 132.6 0
      vertex 40 147.4 0
      vertex 40.5072 147.45 0
    endloop
  endfacet
  facet normal 0 0 -1
    outer loop
      vertex 39.4928 132.55 0
      vertex 40 147.4 0
      vertex 40 132.6 0
    endloop
  endfacet
  facet normal 0 0 -1
    outer loop
      vertex 39.4928 132.55 0
      vertex 39.4928 147.45 0
      vertex 40 147.4 0
    endloop
  endfacet
  facet normal 0 0 -1
    outer loop
      vertex 39.005 132.402 0
      vertex 39.4928 147.45 0
      vertex 39.4928 132.55 0
    endloop
  endfacet
  facet normal 0 0 -1
    outer loop
      vertex 39.005 132.402 0
      vertex 39.005 147.598 0
      vertex 39.4928 147.45 0
    endloop
  endfacet
  facet normal 0 0 -1
    outer loop
      vertex 38.5555 132.162 0
      vertex 39.005 147.598 0
      vertex 39.005 132.402 0
    endloop
  endfacet
  facet normal 0 0 -1
    outer loop
      vertex 38.5555 132.162 0
      vertex 38.5555 147.838 0
      vertex 39.005 147.598 0
    endloop
  endfacet
  facet normal 0 0 -1
    outer loop
      vertex 38.1615 131.838 0
      vertex 38.5555 147.838 0
      vertex 38.5555 132.162 0
    endloop
  endfacet
  facet normal 0 0 -1
    outer loop
      vertex 38.1615 131.838 0
      vertex 38.1615 148.162 0
      vertex 38.5555 147.838 0
    endloop
  endfacet
  facet normal 0 0 -1
    outer loop
      vertex 37.8382 131.444 0
      vertex 38.1615 148.162 0
      vertex 38.1615 131.838 0
    endloop
  endfacet
  facet normal 0 0 -1
    outer loop
      vertex 37.8382 131.444 0
      vertex 37.8382 148.556 0
      vertex 38.1615 148.162 0
    endloop
  endfacet
  facet normal 0 0 -1
    outer loop
      vertex 37.5979 130.995 0
      vertex 37.8382 148.556 0
      vertex 37.8382 131.444 0
    endloop
  endfacet
  facet normal 0 0 -1
    outer loop
      vertex 37.5979 130.995 0
      vertex 37.5979 149.005 0
      vertex 37.8382 148.556 0
    endloop
  endfacet
  facet normal 0 0 -1
    outer loop
      vertex 37.45 130.507 0
      vertex 37.5979 149.005 0
      vertex 37.5979 130.995 0
    endloop
  endfacet
  facet normal 0 0 -1
    outer loop
      vertex 37.45 130.507 0
      vertex 37.45 149.493 0
      vertex 37.5979 149.005 0
    endloop
  endfacet
  facet normal 0 0 -1
    outer loop
      vertex 6.50723 107.55 0
      vertex 37.45 130.507 0
      vertex 37.4 130 0
    endloop
  endfacet
  facet normal 0 0 -1
    outer loop
      vertex 37.45 130.507 0
      vertex 0 170 0
      vertex 37.45 149.493 0
    endloop
  endfacet
  facet normal 0 0 -1
    outer loop
      vertex 73.005 107.402 0
      vertex 42.55 129.493 0
      vertex 42.6 130 0
    endloop
  endfacet
  facet normal 0 0 -1
    outer loop
      vertex 54.0449 104.242 0
      vertex 42.4021 129.005 0
      vertex 42.55 129.493 0
    endloop
  endfacet
  facet normal 0 0 -1
    outer loop
      vertex 54.0449 104.242 0
      vertex 42.1618 128.556 0
      vertex 42.4021 129.005 0
    endloop
  endfacet
  facet normal 0 0 -1
    outer loop
      vertex 40.5072 127.45 0
      vertex 54.0449 104.242 0
      vertex 42.146 98.5586 0
    endloop
  endfacet
  facet normal 0 0 -1
    outer loop
      vertex 54.0449 104.242 0
      vertex 41.8385 128.162 0
      vertex 42.1618 128.556 0
    endloop
  endfacet
  facet normal 0 0 -1
    outer loop
      vertex 54.0449 104.242 0
      vertex 41.4445 127.838 0
      vertex 41.8385 128.162 0
    endloop
  endfacet
  facet normal 0 0 -1
    outer loop
      vertex 54.0449 104.242 0
      vertex 40.995 127.598 0
      vertex 41.4445 127.838 0
    endloop
  endfacet
  facet normal 0 0 -1
    outer loop
      vertex 54.0449 104.242 0
      vertex 40.5072 127.45 0
      vertex 40.995 127.598 0
    endloop
  endfacet
  facet normal 0 0 -1
    outer loop
      vertex 40 98.77 0
      vertex 40.5072 127.45 0
      vertex 42.146 98.5586 0
    endloop
  endfacet
  facet normal 0 0 -1
    outer loop
      vertex 40 98.77 0
      vertex 40 127.4 0
      vertex 40.5072 127.45 0
    endloop
  endfacet
  facet normal 0 0 -1
    outer loop
      vertex 40 98.77 0
      vertex 39.4928 127.45 0
      vertex 40 127.4 0
    endloop
  endfacet
  facet normal 0 0 -1
    outer loop
      vertex 37.854 98.5586 0
      vertex 39.4928 127.45 0
      vertex 40 98.77 0
    endloop
  endfacet
  facet normal 0 0 -1
    outer loop
      vertex 25.9551 104.242 0
      vertex 39.4928 127.45 0
      vertex 37.854 98.5586 0
    endloop
  endfacet
  facet normal 0 0 -1
    outer loop
      vertex 25.7374 104.507 0
      vertex 39.4928 127.45 0
      vertex 25.9551 104.242 0
    endloop
  endfacet
  facet normal -0 0 -1
    outer loop
      vertex 39.4928 127.45 0
      vertex 25.7374 104.507 0
      vertex 39.005 127.598 0
    endloop
  endfacet
  facet normal 0 0 -1
    outer loop
      vertex 25.4722 104.725 0
      vertex 39.005 127.598 0
      vertex 25.7374 104.507 0
    endloop
  endfacet
  facet normal -0 0 -1
    outer loop
      vertex 39.005 127.598 0
      vertex 25.4722 104.725 0
      vertex 38.5555 127.838 0
    endloop
  endfacet
  facet normal 0 0 -1
    outer loop
      vertex 25.1697 104.887 0
      vertex 38.5555 127.838 0
      vertex 25.4722 104.725 0
    endloop
  endfacet
  facet normal -0 0 -1
    outer loop
      vertex 38.5555 127.838 0
      vertex 25.1697 104.887 0
      vertex 38.1615 128.162 0
    endloop
  endfacet
  facet normal 0 0 -1
    outer loop
      vertex 24.8414 104.986 0
      vertex 38.1615 128.162 0
      vertex 25.1697 104.887 0
    endloop
  endfacet
  facet normal 0 0 -1
    outer loop
      vertex 25.9551 104.242 0
      vertex 37.854 98.5586 0
      vertex 35.7905 97.9327 0
    endloop
  endfacet
  facet normal 0 0 -1
    outer loop
      vertex 56.7374 73.5074 0
      vertex 67.8382 73.7145 0
      vertex 56.9551 73.2422 0
    endloop
  endfacet
  facet normal 0 0 -1
    outer loop
      vertex 68.5555 74.4318 0
      vertex 57.2164 102.929 0
      vertex 57.25 103.27 0
    endloop
  endfacet
  facet normal -0 0 -1
    outer loop
      vertex 67.8382 73.7145 0
      vertex 56.7374 73.5074 0
      vertex 68.1615 74.1085 0
    endloop
  endfacet
  facet normal 0 0 -1
    outer loop
      vertex 68.5555 74.4318 0
      vertex 57.1168 102.6 0
      vertex 57.2164 102.929 0
    endloop
  endfacet
  facet normal 0 0 -1
    outer loop
      vertex 56.4722 73.7251 0
      vertex 68.1615 74.1085 0
      vertex 56.7374 73.5074 0
    endloop
  endfacet
  facet normal 0 0 -1
    outer loop
      vertex 68.5555 74.4318 0
      vertex 56.9551 102.298 0
      vertex 57.1168 102.6 0
    endloop
  endfacet
  facet normal -0 0 -1
    outer loop
      vertex 68.1615 74.1085 0
      vertex 56.4722 73.7251 0
      vertex 68.5555 74.4318 0
    endloop
  endfacet
  facet normal 0 0 -1
    outer loop
      vertex 68.5555 74.4318 0
      vertex 56.7374 102.033 0
      vertex 56.9551 102.298 0
    endloop
  endfacet
  facet normal 0 0 -1
    outer loop
      vertex 50.7886 85.624 0
      vertex 68.5555 74.4318 0
      vertex 56.4722 73.7251 0
    endloop
  endfacet
  facet normal 0 0 -1
    outer loop
      vertex 68.5555 74.4318 0
      vertex 51 87.77 0
      vertex 56.7374 102.033 0
    endloop
  endfacet
  facet normal 0 0 -1
    outer loop
      vertex 50.7886 85.624 0
      vertex 56.4722 73.7251 0
      vertex 56.1697 73.8868 0
    endloop
  endfacet
  facet normal 0 0 -1
    outer loop
      vertex 56.7374 102.033 0
      vertex 51 87.77 0
      vertex 56.4722 101.815 0
    endloop
  endfacet
  facet normal 0 0 -1
    outer loop
      vertex 50.1627 83.5605 0
      vertex 56.1697 73.8868 0
      vertex 55.8414 73.9864 0
    endloop
  endfacet
  facet normal 0 0 -1
    outer loop
      vertex 50.7886 89.916 0
      vertex 56.4722 101.815 0
      vertex 51 87.77 0
    endloop
  endfacet
  facet normal 0 0 -1
    outer loop
      vertex 50.1627 83.5605 0
      vertex 55.8414 73.9864 0
      vertex 55.5 74.02 0
    endloop
  endfacet
  facet normal 0 0 -1
    outer loop
      vertex 56.4722 101.815 0
      vertex 50.7886 89.916 0
      vertex 56.1697 101.653 0
    endloop
  endfacet
  facet normal 0 0 -1
    outer loop
      vertex 50.1627 83.5605 0
      vertex 55.5 74.02 0
      vertex 55.1586 73.9864 0
    endloop
  endfacet
  facet normal 0 0 -1
    outer loop
      vertex 50.1627 91.9795 0
      vertex 56.1697 101.653 0
      vertex 50.7886 89.916 0
    endloop
  endfacet
  facet normal 0 0 -1
    outer loop
      vertex 49.1462 81.6587 0
      vertex 55.1586 73.9864 0
      vertex 54.8303 73.8868 0
    endloop
  endfacet
  facet normal 0 0 -1
    outer loop
      vertex 56.1697 101.653 0
      vertex 50.1627 91.9795 0
      vertex 55.8414 101.554 0
    endloop
  endfacet
  facet normal 0 0 -1
    outer loop
      vertex 49.1462 81.6587 0
      vertex 54.8303 73.8868 0
      vertex 54.5278 73.7251 0
    endloop
  endfacet
  facet normal 0 0 -1
    outer loop
      vertex 55.8414 101.554 0
      vertex 50.1627 91.9795 0
      vertex 55.5 101.52 0
    endloop
  endfacet
  facet normal 0 0 -1
    outer loop
      vertex 47.7782 79.9918 0
      vertex 54.5278 73.7251 0
      vertex 54.2626 73.5074 0
    endloop
  endfacet
  facet normal -0 0 -1
    outer loop
      vertex 55.5 101.52 0
      vertex 50.1627 91.9795 0
      vertex 55.1586 101.554 0
    endloop
  endfacet
  facet normal 0 0 -1
    outer loop
      vertex 47.7782 79.9918 0
      vertex 54.2626 73.5074 0
      vertex 54.0449 73.2422 0
    endloop
  endfacet
  facet normal 0 0 -1
    outer loop
      vertex 49.1462 93.8813 0
      vertex 55.1586 101.554 0
      vertex 50.1627 91.9795 0
    endloop
  endfacet
  facet normal 0 0 -1
    outer loop
      vertex 46.1113 78.6238 0
      vertex 54.0449 73.2422 0
      vertex 53.8832 72.9397 0
    endloop
  endfacet
  facet normal -0 0 -1
    outer loop
      vertex 55.1586 101.554 0
      vertex 49.1462 93.8813 0
      vertex 54.8303 101.653 0
    endloop
  endfacet
  facet normal 0 0 -1
    outer loop
      vertex 46.1113 78.6238 0
      vertex 53.8832 72.9397 0
      vertex 53.7836 72.6114 0
    endloop
  endfacet
  facet normal -0 0 -1
    outer loop
      vertex 54.8303 101.653 0
      vertex 49.1462 93.8813 0
      vertex 54.5278 101.815 0
    endloop
  endfacet
  facet normal 0 0 -1
    outer loop
      vertex 46.1113 78.6238 0
      vertex 53.7836 72.6114 0
      vertex 53.75 72.27 0
    endloop
  endfacet
  facet normal 0 0 -1
    outer loop
      vertex 47.7782 95.5482 0
      vertex 54.5278 101.815 0
      vertex 49.1462 93.8813 0
    endloop
  endfacet
  facet normal -0 0 -1
    outer loop
      vertex 55.5 70.52 0
      vertex 42.0001 27.9933 0
      vertex 55.1586 70.5536 0
    endloop
  endfacet
  facet normal 0 0 -1
    outer loop
      vertex 41.3777 28.326 0
      vertex 55.1586 70.5536 0
      vertex 42.0001 27.9933 0
    endloop
  endfacet
  facet normal -0 0 -1
    outer loop
      vertex 55.1586 70.5536 0
      vertex 41.3777 28.326 0
      vertex 54.8303 70.6532 0
    endloop
  endfacet
  facet normal 0 0 -1
    outer loop
      vertex 40.7023 28.5308 0
      vertex 54.8303 70.6532 0
      vertex 41.3777 28.326 0
    endloop
  endfacet
  facet normal -0 0 -1
    outer loop
      vertex 54.8303 70.6532 0
      vertex 40.7023 28.5308 0
      vertex 54.5278 70.8149 0
    endloop
  endfacet
  facet normal 0 0 -1
    outer loop
      vertex 40 28.6 0
      vertex 54.5278 70.8149 0
      vertex 40.7023 28.5308 0
    endloop
  endfacet
  facet normal 0 0 -1
    outer loop
      vertex 54.2626 71.0326 0
      vertex 42.146 76.9814 0
      vertex 44.2095 77.6073 0
    endloop
  endfacet
  facet normal 0 0 -1
    outer loop
      vertex 25.4722 70.8149 0
      vertex 54.5278 70.8149 0
      vertex 40 28.6 0
    endloop
  endfacet
  facet normal 0 0 -1
    outer loop
      vertex 54.5278 70.8149 0
      vertex 25.4722 70.8149 0
      vertex 54.2626 71.0326 0
    endloop
  endfacet
  facet normal 0 0 -1
    outer loop
      vertex 54.2626 71.0326 0
      vertex 40 76.77 0
      vertex 42.146 76.9814 0
    endloop
  endfacet
  facet normal 0 0 -1
    outer loop
      vertex 25.4722 70.8149 0
      vertex 40 28.6 0
      vertex 39.2977 28.5308 0
    endloop
  endfacet
  facet normal 0 0 -1
    outer loop
      vertex 25.1697 70.6532 0
      vertex 39.2977 28.5308 0
      vertex 38.6223 28.326 0
    endloop
  endfacet
  facet normal 0 0 -1
    outer loop
      vertex 8.6 45 0
      vertex 38.6223 28.326 0
      vertex 37.9999 27.9933 0
    endloop
  endfacet
  facet normal 0 0 -1
    outer loop
      vertex 54.2626 71.0326 0
      vertex 25.7374 71.0326 0
      vertex 40 76.77 0
    endloop
  endfacet
  facet normal 0 0 -1
    outer loop
      vertex 8.55004 44.4928 0
      vertex 37.4544 27.5456 0
      vertex 12.9933 27.0001 0
    endloop
  endfacet
  facet normal 0 0 -1
    outer loop
      vertex 12.9933 27.0001 0
      vertex 37.4544 27.5456 0
      vertex 37.0067 27.0001 0
    endloop
  endfacet
  facet normal 0 0 -1
    outer loop
      vertex 12.9933 27.0001 0
      vertex 37.0067 27.0001 0
      vertex 36.674 26.3777 0
    endloop
  endfacet
  facet normal 0 0 -1
    outer loop
      vertex 13.326 26.3777 0
      vertex 36.674 26.3777 0
      vertex 36.4692 25.7023 0
    endloop
  endfacet
  facet normal 0 0 -1
    outer loop
      vertex 13.5308 25.7023 0
      vertex 36.4692 25.7023 0
      vertex 36.4 25 0
    endloop
  endfacet
  facet normal 0 -0 -1
    outer loop
      vertex 25.9551 71.2978 0
      vertex 40 76.77 0
      vertex 25.7374 71.0326 0
    endloop
  endfacet
  facet normal 0 0 -1
    outer loop
      vertex 76.55 45.5072 0
      vertex 76.6 105 0
      vertex 76.6 45 0
    endloop
  endfacet
  facet normal 0 0 -1
    outer loop
      vertex 76.55 45.5072 0
      vertex 76.55 104.493 0
      vertex 76.6 105 0
    endloop
  endfacet
  facet normal 0 0 -1
    outer loop
      vertex 72.6 72.27 0
      vertex 76.55 45.5072 0
      vertex 76.4021 45.995 0
    endloop
  endfacet
  facet normal 0 0 -1
    outer loop
      vertex 76.55 45.5072 0
      vertex 72.6 72.27 0
      vertex 76.55 104.493 0
    endloop
  endfacet
  facet normal 0 0 -1
    outer loop
      vertex 72.55 71.7628 0
      vertex 76.4021 45.995 0
      vertex 76.1618 46.4445 0
    endloop
  endfacet
  facet normal 0 0 -1
    outer loop
      vertex 76.55 104.493 0
      vertex 72.6 72.27 0
      vertex 76.4021 104.005 0
    endloop
  endfacet
  facet normal 0 0 -1
    outer loop
      vertex 72.4021 71.275 0
      vertex 76.1618 46.4445 0
      vertex 75.8385 46.8385 0
    endloop
  endfacet
  facet normal 0 0 -1
    outer loop
      vertex 72.55 72.7772 0
      vertex 76.4021 104.005 0
      vertex 72.6 72.27 0
    endloop
  endfacet
  facet normal 0 0 -1
    outer loop
      vertex 72.1618 70.8255 0
      vertex 75.8385 46.8385 0
      vertex 75.4445 47.1618 0
    endloop
  endfacet
  facet normal 0 0 -1
    outer loop
      vertex 76.4021 104.005 0
      vertex 72.55 72.7772 0
      vertex 76.1618 103.556 0
    endloop
  endfacet
  facet normal 0 0 -1
    outer loop
      vertex 71.8385 70.4315 0
      vertex 75.4445 47.1618 0
      vertex 74.995 47.4021 0
    endloop
  endfacet
  facet normal 0 0 -1
    outer loop
      vertex 72.4021 73.265 0
      vertex 76.1618 103.556 0
      vertex 72.55 72.7772 0
    endloop
  endfacet
  facet normal 0 0 -1
    outer loop
      vertex 71.4445 70.1082 0
      vertex 74.995 47.4021 0
      vertex 74.5072 47.55 0
    endloop
  endfacet
  facet normal 0 0 -1
    outer loop
      vertex 76.1618 103.556 0
      vertex 72.4021 73.265 0
      vertex 75.8385 103.162 0
    endloop
  endfacet
  facet normal 0 0 -1
    outer loop
      vertex 70.995 69.8679 0
      vertex 74.5072 47.55 0
      vertex 74 47.6 0
    endloop
  endfacet
  facet normal 0 0 -1
    outer loop
      vertex 72.1618 73.7145 0
      vertex 75.8385 103.162 0
      vertex 72.4021 73.265 0
    endloop
  endfacet
  facet normal 0 0 -1
    outer loop
      vertex 70.5072 69.72 0
      vertex 74 47.6 0
      vertex 73.4928 47.55 0
    endloop
  endfacet
  facet normal 0 0 -1
    outer loop
      vertex 75.8385 103.162 0
      vertex 72.1618 73.7145 0
      vertex 75.4445 102.838 0
    endloop
  endfacet
  facet normal 0 0 -1
    outer loop
      vertex 70 69.67 0
      vertex 73.4928 47.55 0
      vertex 73.005 47.4021 0
    endloop
  endfacet
  facet normal 0 0 -1
    outer loop
      vertex 71.8385 74.1085 0
      vertex 75.4445 102.838 0
      vertex 72.1618 73.7145 0
    endloop
  endfacet
  facet normal 0 0 -1
    outer loop
      vertex 75.4445 102.838 0
      vertex 71.8385 74.1085 0
      vertex 74.995 102.598 0
    endloop
  endfacet
  facet normal 0 0 -1
    outer loop
      vertex 69.4928 69.72 0
      vertex 73.005 47.4021 0
      vertex 72.5555 47.1618 0
    endloop
  endfacet
  facet normal 0 0 -1
    outer loop
      vertex 76.4021 45.995 0
      vertex 72.55 71.7628 0
      vertex 72.6 72.27 0
    endloop
  endfacet
  facet normal 0 0 -1
    outer loop
      vertex 76.1618 46.4445 0
      vertex 72.4021 71.275 0
      vertex 72.55 71.7628 0
    endloop
  endfacet
  facet normal 0 0 -1
    outer loop
      vertex 75.8385 46.8385 0
      vertex 72.1618 70.8255 0
      vertex 72.4021 71.275 0
    endloop
  endfacet
  facet normal 0 0 -1
    outer loop
      vertex 69.005 69.8679 0
      vertex 72.5555 47.1618 0
      vertex 72.1615 46.8385 0
    endloop
  endfacet
  facet normal 0 0 -1
    outer loop
      vertex 75.4445 47.1618 0
      vertex 71.8385 70.4315 0
      vertex 72.1618 70.8255 0
    endloop
  endfacet
  facet normal 0 0 -1
    outer loop
      vertex 57.25 72.27 0
      vertex 72.1615 46.8385 0
      vertex 71.8382 46.4445 0
    endloop
  endfacet
  facet normal 0 0 -1
    outer loop
      vertex 57.25 72.27 0
      vertex 71.8382 46.4445 0
      vertex 71.5979 45.995 0
    endloop
  endfacet
  facet normal 0 0 -1
    outer loop
      vertex 57.25 72.27 0
      vertex 71.5979 45.995 0
      vertex 71.45 45.5072 0
    endloop
  endfacet
  facet normal 0 0 -1
    outer loop
      vertex 74.995 47.4021 0
      vertex 71.4445 70.1082 0
      vertex 71.8385 70.4315 0
    endloop
  endfacet
  facet normal 0 0 -1
    outer loop
      vertex 57.25 72.27 0
      vertex 71.45 45.5072 0
      vertex 71.4 45 0
    endloop
  endfacet
  facet normal 0 0 -1
    outer loop
      vertex 74.5072 47.55 0
      vertex 70.995 69.8679 0
      vertex 71.4445 70.1082 0
    endloop
  endfacet
  facet normal -0 0 -1
    outer loop
      vertex 72.1615 43.1615 0
      vertex 68.6223 28.326 0
      vertex 71.8382 43.5555 0
    endloop
  endfacet
  facet normal 0 0 -1
    outer loop
      vertex 67.9999 27.9933 0
      vertex 71.8382 43.5555 0
      vertex 68.6223 28.326 0
    endloop
  endfacet
  facet normal 0 0 -1
    outer loop
      vertex 74 47.6 0
      vertex 70.5072 69.72 0
      vertex 70.995 69.8679 0
    endloop
  endfacet
  facet normal -0 0 -1
    outer loop
      vertex 71.8382 43.5555 0
      vertex 67.9999 27.9933 0
      vertex 71.5979 44.005 0
    endloop
  endfacet
  facet normal 0 0 -1
    outer loop
      vertex 73.4928 47.55 0
      vertex 70 69.67 0
      vertex 70.5072 69.72 0
    endloop
  endfacet
  facet normal 0 0 -1
    outer loop
      vertex 73.005 47.4021 0
      vertex 69.4928 69.72 0
      vertex 70 69.67 0
    endloop
  endfacet
  facet normal 0 0 -1
    outer loop
      vertex 67.4544 27.5456 0
      vertex 71.5979 44.005 0
      vertex 67.9999 27.9933 0
    endloop
  endfacet
  facet normal 0 0 -1
    outer loop
      vertex 72.5555 47.1618 0
      vertex 69.005 69.8679 0
      vertex 69.4928 69.72 0
    endloop
  endfacet
  facet normal -0 0 -1
    outer loop
      vertex 71.5979 44.005 0
      vertex 67.4544 27.5456 0
      vertex 71.45 44.4928 0
    endloop
  endfacet
  facet normal 0 0 -1
    outer loop
      vertex 72.1615 46.8385 0
      vertex 57.25 72.27 0
      vertex 68.5555 70.1082 0
    endloop
  endfacet
  facet normal 0 0 -1
    outer loop
      vertex 72.1615 46.8385 0
      vertex 68.5555 70.1082 0
      vertex 69.005 69.8679 0
    endloop
  endfacet
  facet normal 0 0 -1
    outer loop
      vertex 67.0067 27.0001 0
      vertex 71.45 44.4928 0
      vertex 67.4544 27.5456 0
    endloop
  endfacet
  facet normal 0 0 -1
    outer loop
      vertex 68.5555 70.1082 0
      vertex 57.25 72.27 0
      vertex 68.1615 70.4315 0
    endloop
  endfacet
  facet normal 0 0 -1
    outer loop
      vertex 68.1615 70.4315 0
      vertex 57.25 72.27 0
      vertex 67.8382 70.8255 0
    endloop
  endfacet
  facet normal -0 0 -1
    outer loop
      vertex 71.45 44.4928 0
      vertex 67.0067 27.0001 0
      vertex 71.4 45 0
    endloop
  endfacet
  facet normal 0 0 -1
    outer loop
      vertex 67.8382 70.8255 0
      vertex 57.25 72.27 0
      vertex 67.5979 71.275 0
    endloop
  endfacet
  facet normal 0 0 -1
    outer loop
      vertex 67.5979 71.275 0
      vertex 57.25 72.27 0
      vertex 67.45 71.7628 0
    endloop
  endfacet
  facet normal -0 0 -1
    outer loop
      vertex 71.4 45 0
      vertex 67.0067 27.0001 0
      vertex 57.25 72.27 0
    endloop
  endfacet
  facet normal 0 0 -1
    outer loop
      vertex 76.6 105 0
      vertex 80 5 0
      vertex 76.6 45 0
    endloop
  endfacet
  facet normal 0 0 -1
    outer loop
      vertex 80 5 0
      vertex 76.55 44.4928 0
      vertex 76.6 45 0
    endloop
  endfacet
  facet normal 0 0 -1
    outer loop
      vertex 80 5 0
      vertex 76.4021 44.005 0
      vertex 76.55 44.4928 0
    endloop
  endfacet
  facet normal 0 0 -1
    outer loop
      vertex 73.6 25 0
      vertex 76.4021 44.005 0
      vertex 80 5 0
    endloop
  endfacet
  facet normal 0 0 -1
    outer loop
      vertex 73.5308 25.7023 0
      vertex 76.4021 44.005 0
      vertex 73.6 25 0
    endloop
  endfacet
  facet normal 0 0 -1
    outer loop
      vertex 76.4021 44.005 0
      vertex 73.5308 25.7023 0
      vertex 76.1618 43.5555 0
    endloop
  endfacet
  facet normal 0 0 -1
    outer loop
      vertex 73.326 26.3777 0
      vertex 76.1618 43.5555 0
      vertex 73.5308 25.7023 0
    endloop
  endfacet
  facet normal 0 0 -1
    outer loop
      vertex 72.9933 27.0001 0
      vertex 75.8385 43.1615 0
      vertex 73.326 26.3777 0
    endloop
  endfacet
  facet normal 0 0 -1
    outer loop
      vertex 75.8385 43.1615 0
      vertex 72.9933 27.0001 0
      vertex 75.4445 42.8382 0
    endloop
  endfacet
  facet normal 0 0 -1
    outer loop
      vertex 76.1618 43.5555 0
      vertex 73.326 26.3777 0
      vertex 75.8385 43.1615 0
    endloop
  endfacet
  facet normal 0 0 -1
    outer loop
      vertex 80 5 0
      vertex 73.5308 24.2977 0
      vertex 73.6 25 0
    endloop
  endfacet
  facet normal 0 0 -1
    outer loop
      vertex 80 5 0
      vertex 73.326 23.6223 0
      vertex 73.5308 24.2977 0
    endloop
  endfacet
  facet normal 0 0 -1
    outer loop
      vertex 80 5 0
      vertex 72.9933 22.9999 0
      vertex 73.326 23.6223 0
    endloop
  endfacet
  facet normal 0 0 -1
    outer loop
      vertex 80 5 0
      vertex 72.5456 22.4544 0
      vertex 72.9933 22.9999 0
    endloop
  endfacet
  facet normal 0 0 -1
    outer loop
      vertex 80 5 0
      vertex 72.0001 22.0067 0
      vertex 72.5456 22.4544 0
    endloop
  endfacet
  facet normal 0 0 -1
    outer loop
      vertex 80 5 0
      vertex 71.3777 21.674 0
      vertex 72.0001 22.0067 0
    endloop
  endfacet
  facet normal 0 0 -1
    outer loop
      vertex 80 5 0
      vertex 70.7023 21.4692 0
      vertex 71.3777 21.674 0
    endloop
  endfacet
  facet normal 0 0 -1
    outer loop
      vertex 80 5 0
      vertex 70 21.4 0
      vertex 70.7023 21.4692 0
    endloop
  endfacet
  facet normal 0 0 -1
    outer loop
      vertex 80 5 0
      vertex 69.2977 21.4692 0
      vertex 70 21.4 0
    endloop
  endfacet
  facet normal 0 0 -1
    outer loop
      vertex 80 5 0
      vertex 68.6223 21.674 0
      vertex 69.2977 21.4692 0
    endloop
  endfacet
  facet normal 0 0 -1
    outer loop
      vertex 80 5 0
      vertex 67.9999 22.0067 0
      vertex 68.6223 21.674 0
    endloop
  endfacet
  facet normal 0 0 -1
    outer loop
      vertex 42.0001 22.0067 0
      vertex 67.9999 22.0067 0
      vertex 80 5 0
    endloop
  endfacet
  facet normal 0 0 -1
    outer loop
      vertex 67.9999 22.0067 0
      vertex 42.0001 22.0067 0
      vertex 67.4544 22.4544 0
    endloop
  endfacet
  facet normal 0 0 -1
    outer loop
      vertex 43.6 25 0
      vertex 66.4 25 0
      vertex 66.4692 24.2977 0
    endloop
  endfacet
  facet normal 0 0 -1
    outer loop
      vertex 66.4 25 0
      vertex 57.2164 71.9286 0
      vertex 57.25 72.27 0
    endloop
  endfacet
  facet normal 0 0 -1
    outer loop
      vertex 66.4 25 0
      vertex 57.1168 71.6003 0
      vertex 57.2164 71.9286 0
    endloop
  endfacet
  facet normal 0 0 -1
    outer loop
      vertex 66.4 25 0
      vertex 56.9551 71.2978 0
      vertex 57.1168 71.6003 0
    endloop
  endfacet
  facet normal 0 0 -1
    outer loop
      vertex 66.4 25 0
      vertex 56.7374 71.0326 0
      vertex 56.9551 71.2978 0
    endloop
  endfacet
  facet normal 0 0 -1
    outer loop
      vertex 66.4 25 0
      vertex 56.4722 70.8149 0
      vertex 56.7374 71.0326 0
    endloop
  endfacet
  facet normal 0 0 -1
    outer loop
      vertex 66.4 25 0
      vertex 56.1697 70.6532 0
      vertex 56.4722 70.8149 0
    endloop
  endfacet
  facet normal 0 0 -1
    outer loop
      vertex 66.4 25 0
      vertex 55.8414 70.5536 0
      vertex 56.1697 70.6532 0
    endloop
  endfacet
  facet normal 0 0 -1
    outer loop
      vertex 66.4 25 0
      vertex 55.5 70.52 0
      vertex 55.8414 70.5536 0
    endloop
  endfacet
  facet normal 0 0 -1
    outer loop
      vertex 43.5308 25.7023 0
      vertex 66.4 25 0
      vertex 43.6 25 0
    endloop
  endfacet
  facet normal 0 0 -1
    outer loop
      vertex 43.326 26.3777 0
      vertex 66.4 25 0
      vertex 43.5308 25.7023 0
    endloop
  endfacet
  facet normal 0 0 -1
    outer loop
      vertex 42.9933 27.0001 0
      vertex 66.4 25 0
      vertex 43.326 26.3777 0
    endloop
  endfacet
  facet normal 0 0 -1
    outer loop
      vertex 42.5456 27.5456 0
      vertex 66.4 25 0
      vertex 42.9933 27.0001 0
    endloop
  endfacet
  facet normal 0 0 -1
    outer loop
      vertex 42.0001 27.9933 0
      vertex 66.4 25 0
      vertex 42.5456 27.5456 0
    endloop
  endfacet
  facet normal 0 0 -1
    outer loop
      vertex 66.4 25 0
      vertex 42.0001 27.9933 0
      vertex 55.5 70.52 0
    endloop
  endfacet
  facet normal 0 0 -1
    outer loop
      vertex 54.2626 71.0326 0
      vertex 44.2095 77.6073 0
      vertex 54.0449 71.2978 0
    endloop
  endfacet
  facet normal -0 0 -1
    outer loop
      vertex 54.5278 101.815 0
      vertex 47.7782 95.5482 0
      vertex 54.2626 102.033 0
    endloop
  endfacet
  facet normal 0 0 -1
    outer loop
      vertex 44.2095 77.6073 0
      vertex 53.75 72.27 0
      vertex 53.7836 71.9286 0
    endloop
  endfacet
  facet normal 0 0 -1
    outer loop
      vertex 68.5555 74.4318 0
      vertex 50.7886 85.624 0
      vertex 51 87.77 0
    endloop
  endfacet
  facet normal 0 0 -1
    outer loop
      vertex 56.1697 73.8868 0
      vertex 50.1627 83.5605 0
      vertex 50.7886 85.624 0
    endloop
  endfacet
  facet normal 0 0 -1
    outer loop
      vertex 54.0449 71.2978 0
      vertex 44.2095 77.6073 0
      vertex 53.8832 71.6003 0
    endloop
  endfacet
  facet normal 0 0 -1
    outer loop
      vertex 55.1586 73.9864 0
      vertex 49.1462 81.6587 0
      vertex 50.1627 83.5605 0
    endloop
  endfacet
  facet normal 0 0 -1
    outer loop
      vertex 54.5278 73.7251 0
      vertex 47.7782 79.9918 0
      vertex 49.1462 81.6587 0
    endloop
  endfacet
  facet normal 0 0 -1
    outer loop
      vertex 43.5308 24.2977 0
      vertex 66.4692 24.2977 0
      vertex 66.674 23.6223 0
    endloop
  endfacet
  facet normal 0 0 -1
    outer loop
      vertex 54.0449 73.2422 0
      vertex 46.1113 78.6238 0
      vertex 47.7782 79.9918 0
    endloop
  endfacet
  facet normal 0 0 -1
    outer loop
      vertex 53.75 72.27 0
      vertex 44.2095 77.6073 0
      vertex 46.1113 78.6238 0
    endloop
  endfacet
  facet normal 0 0 -1
    outer loop
      vertex 53.8832 71.6003 0
      vertex 44.2095 77.6073 0
      vertex 53.7836 71.9286 0
    endloop
  endfacet
  facet normal 0 0 -1
    outer loop
      vertex 43.326 23.6223 0
      vertex 66.674 23.6223 0
      vertex 67.0067 22.9999 0
    endloop
  endfacet
  facet normal 0 -0 -1
    outer loop
      vertex 42.5456 22.4544 0
      vertex 67.4544 22.4544 0
      vertex 42.0001 22.0067 0
    endloop
  endfacet
  facet normal 0 0 -1
    outer loop
      vertex 66.4692 24.2977 0
      vertex 43.5308 24.2977 0
      vertex 43.6 25 0
    endloop
  endfacet
  facet normal 0 0 -1
    outer loop
      vertex 66.674 23.6223 0
      vertex 43.326 23.6223 0
      vertex 43.5308 24.2977 0
    endloop
  endfacet
  facet normal 0 0 -1
    outer loop
      vertex 67.0067 22.9999 0
      vertex 42.9933 22.9999 0
      vertex 43.326 23.6223 0
    endloop
  endfacet
  facet normal -0 0 -1
    outer loop
      vertex 67.0067 22.9999 0
      vertex 42.5456 22.4544 0
      vertex 42.9933 22.9999 0
    endloop
  endfacet
  facet normal 0 0 -1
    outer loop
      vertex 67.4544 22.4544 0
      vertex 42.5456 22.4544 0
      vertex 67.0067 22.9999 0
    endloop
  endfacet
  facet normal 0 0 -1
    outer loop
      vertex 80 5 0
      vertex 41.3777 21.674 0
      vertex 42.0001 22.0067 0
    endloop
  endfacet
  facet normal 0 0 -1
    outer loop
      vertex 80 5 0
      vertex 40.7023 21.4692 0
      vertex 41.3777 21.674 0
    endloop
  endfacet
  facet normal 0 0 -1
    outer loop
      vertex 80 5 0
      vertex 40 21.4 0
      vertex 40.7023 21.4692 0
    endloop
  endfacet
  facet normal 0 0 -1
    outer loop
      vertex 0 5 0
      vertex 40 21.4 0
      vertex 80 5 0
    endloop
  endfacet
  facet normal -0 0 -1
    outer loop
      vertex 40 21.4 0
      vertex 0 5 0
      vertex 39.2977 21.4692 0
    endloop
  endfacet
  facet normal -0 0 -1
    outer loop
      vertex 40 76.77 0
      vertex 25.9551 71.2978 0
      vertex 37.854 76.9814 0
    endloop
  endfacet
  facet normal -0 0 -1
    outer loop
      vertex 37.854 76.9814 0
      vertex 26.1168 71.6003 0
      vertex 35.7905 77.6073 0
    endloop
  endfacet
  facet normal 0 -0 -1
    outer loop
      vertex 26.25 72.27 0
      vertex 35.7905 77.6073 0
      vertex 26.2164 71.9286 0
    endloop
  endfacet
  facet normal -0 0 -1
    outer loop
      vertex 35.7905 77.6073 0
      vertex 26.25 72.27 0
      vertex 33.8887 78.6238 0
    endloop
  endfacet
  facet normal 0 0 -1
    outer loop
      vertex 13.6 25 0
      vertex 36.4 25 0
      vertex 36.4692 24.2977 0
    endloop
  endfacet
  facet normal 0 0 -1
    outer loop
      vertex 26.1168 72.9397 0
      vertex 33.8887 78.6238 0
      vertex 26.2164 72.6114 0
    endloop
  endfacet
  facet normal 0 0 -1
    outer loop
      vertex 25.7374 73.5074 0
      vertex 32.2218 79.9918 0
      vertex 25.9551 73.2422 0
    endloop
  endfacet
  facet normal 0 0 -1
    outer loop
      vertex 25.9551 73.2422 0
      vertex 33.8887 78.6238 0
      vertex 26.1168 72.9397 0
    endloop
  endfacet
  facet normal -0 0 -1
    outer loop
      vertex 33.8887 78.6238 0
      vertex 25.9551 73.2422 0
      vertex 32.2218 79.9918 0
    endloop
  endfacet
  facet normal 0 0 -1
    outer loop
      vertex 26.2164 72.6114 0
      vertex 33.8887 78.6238 0
      vertex 26.25 72.27 0
    endloop
  endfacet
  facet normal 0 -0 -1
    outer loop
      vertex 26.2164 71.9286 0
      vertex 35.7905 77.6073 0
      vertex 26.1168 71.6003 0
    endloop
  endfacet
  facet normal 0 -0 -1
    outer loop
      vertex 26.1168 71.6003 0
      vertex 37.854 76.9814 0
      vertex 25.9551 71.2978 0
    endloop
  endfacet
  facet normal -0 0 -1
    outer loop
      vertex 54.2626 71.0326 0
      vertex 25.4722 70.8149 0
      vertex 25.7374 71.0326 0
    endloop
  endfacet
  facet normal 0 0 -1
    outer loop
      vertex 39.2977 28.5308 0
      vertex 25.1697 70.6532 0
      vertex 25.4722 70.8149 0
    endloop
  endfacet
  facet normal 0 0 -1
    outer loop
      vertex 38.6223 28.326 0
      vertex 24.8414 70.5536 0
      vertex 25.1697 70.6532 0
    endloop
  endfacet
  facet normal 0 0 -1
    outer loop
      vertex 8.55004 45.5072 0
      vertex 38.6223 28.326 0
      vertex 8.6 45 0
    endloop
  endfacet
  facet normal 0 0 -1
    outer loop
      vertex 8.55004 44.4928 0
      vertex 37.9999 27.9933 0
      vertex 37.4544 27.5456 0
    endloop
  endfacet
  facet normal 0 0 -1
    outer loop
      vertex 38.6223 28.326 0
      vertex 8.55004 45.5072 0
      vertex 24.8414 70.5536 0
    endloop
  endfacet
  facet normal 0 0 -1
    outer loop
      vertex 8.40209 45.995 0
      vertex 24.8414 70.5536 0
      vertex 8.55004 45.5072 0
    endloop
  endfacet
  facet normal 0 0 -1
    outer loop
      vertex 24.8414 70.5536 0
      vertex 8.40209 45.995 0
      vertex 24.5 70.52 0
    endloop
  endfacet
  facet normal 0 0 -1
    outer loop
      vertex 12.55 71.7628 0
      vertex 23.5278 70.8149 0
      vertex 23.8303 70.6532 0
    endloop
  endfacet
  facet normal 0 0 -1
    outer loop
      vertex 12.55 71.7628 0
      vertex 23.2626 71.0326 0
      vertex 23.5278 70.8149 0
    endloop
  endfacet
  facet normal 0 0 -1
    outer loop
      vertex 12.55 71.7628 0
      vertex 23.0449 71.2978 0
      vertex 23.2626 71.0326 0
    endloop
  endfacet
  facet normal 0 0 -1
    outer loop
      vertex 36.674 26.3777 0
      vertex 13.326 26.3777 0
      vertex 12.9933 27.0001 0
    endloop
  endfacet
  facet normal 0 0 -1
    outer loop
      vertex 36.4692 25.7023 0
      vertex 13.5308 25.7023 0
      vertex 13.326 26.3777 0
    endloop
  endfacet
  facet normal 0 0 -1
    outer loop
      vertex 36.4 25 0
      vertex 13.6 25 0
      vertex 13.5308 25.7023 0
    endloop
  endfacet
  facet normal 0 0 -1
    outer loop
      vertex 13.5308 24.2977 0
      vertex 36.4692 24.2977 0
      vertex 36.674 23.6223 0
    endloop
  endfacet
  facet normal 0 0 -1
    outer loop
      vertex 13.326 23.6223 0
      vertex 36.674 23.6223 0
      vertex 37.0067 22.9999 0
    endloop
  endfacet
  facet normal 0 0 -1
    outer loop
      vertex 12.9933 22.9999 0
      vertex 37.0067 22.9999 0
      vertex 37.4544 22.4544 0
    endloop
  endfacet
  facet normal 0 0 -1
    outer loop
      vertex 12.5456 22.4544 0
      vertex 37.4544 22.4544 0
      vertex 37.9999 22.0067 0
    endloop
  endfacet
  facet normal 0 0 -1
    outer loop
      vertex 0 5 0
      vertex 37.9999 22.0067 0
      vertex 38.6223 21.674 0
    endloop
  endfacet
  facet normal -0 0 -1
    outer loop
      vertex 39.2977 21.4692 0
      vertex 0 5 0
      vertex 38.6223 21.674 0
    endloop
  endfacet
  facet normal 0 0 -1
    outer loop
      vertex 36.4692 24.2977 0
      vertex 13.5308 24.2977 0
      vertex 13.6 25 0
    endloop
  endfacet
  facet normal 0 0 -1
    outer loop
      vertex 36.674 23.6223 0
      vertex 13.326 23.6223 0
      vertex 13.5308 24.2977 0
    endloop
  endfacet
  facet normal 0 0 -1
    outer loop
      vertex 37.0067 22.9999 0
      vertex 12.9933 22.9999 0
      vertex 13.326 23.6223 0
    endloop
  endfacet
  facet normal 0 0 -1
    outer loop
      vertex 37.4544 22.4544 0
      vertex 12.5456 22.4544 0
      vertex 12.9933 22.9999 0
    endloop
  endfacet
  facet normal -0 0 -1
    outer loop
      vertex 37.9999 22.0067 0
      vertex 0 5 0
      vertex 12.0001 22.0067 0
    endloop
  endfacet
  facet normal 0 0 -1
    outer loop
      vertex 37.9999 22.0067 0
      vertex 12.0001 22.0067 0
      vertex 12.5456 22.4544 0
    endloop
  endfacet
  facet normal 0 0 -1
    outer loop
      vertex 12.0001 22.0067 0
      vertex 0 5 0
      vertex 11.3777 21.674 0
    endloop
  endfacet
  facet normal 0 0 -1
    outer loop
      vertex 11.3777 21.674 0
      vertex 0 5 0
      vertex 10.7023 21.4692 0
    endloop
  endfacet
  facet normal 0 0 -1
    outer loop
      vertex 10.7023 21.4692 0
      vertex 0 5 0
      vertex 10 21.4 0
    endloop
  endfacet
  facet normal 0 0 -1
    outer loop
      vertex 8.62234 28.326 0
      vertex 5.49276 42.45 0
      vertex 6 42.4 0
    endloop
  endfacet
  facet normal 0 0 -1
    outer loop
      vertex 7.99995 27.9933 0
      vertex 5.00502 42.5979 0
      vertex 5.49276 42.45 0
    endloop
  endfacet
  facet normal 0 0 -1
    outer loop
      vertex 7.45442 27.5456 0
      vertex 4.55552 42.8382 0
      vertex 5.00502 42.5979 0
    endloop
  endfacet
  facet normal 0 0 -1
    outer loop
      vertex 0 5 0
      vertex 6.4 25 0
      vertex 6.46917 24.2977 0
    endloop
  endfacet
  facet normal 0 0 -1
    outer loop
      vertex 7.00671 27.0001 0
      vertex 4.16152 43.1615 0
      vertex 4.55552 42.8382 0
    endloop
  endfacet
  facet normal 0 0 -1
    outer loop
      vertex 6.67403 26.3777 0
      vertex 3.83818 43.5555 0
      vertex 4.16152 43.1615 0
    endloop
  endfacet
  facet normal 0 0 -1
    outer loop
      vertex 6.46917 25.7023 0
      vertex 3.59791 44.005 0
      vertex 3.83818 43.5555 0
    endloop
  endfacet
  facet normal -0 0 -1
    outer loop
      vertex 6.4 25 0
      vertex 0 5 0
      vertex 3.59791 44.005 0
    endloop
  endfacet
  facet normal -0 0 -1
    outer loop
      vertex 3.4 45 0
      vertex 0 5 0
      vertex 3.4 105 0
    endloop
  endfacet
  facet normal -0 0 -1
    outer loop
      vertex 3.44996 44.4928 0
      vertex 0 5 0
      vertex 3.4 45 0
    endloop
  endfacet
  facet normal -0 0 -1
    outer loop
      vertex 3.59791 44.005 0
      vertex 0 5 0
      vertex 3.44996 44.4928 0
    endloop
  endfacet
  facet normal -0 0 -1
    outer loop
      vertex 6.67403 23.6223 0
      vertex 0 5 0
      vertex 6.46917 24.2977 0
    endloop
  endfacet
  facet normal -0 0 -1
    outer loop
      vertex 7.00671 22.9999 0
      vertex 0 5 0
      vertex 6.67403 23.6223 0
    endloop
  endfacet
  facet normal -0 0 -1
    outer loop
      vertex 7.45442 22.4544 0
      vertex 0 5 0
      vertex 7.00671 22.9999 0
    endloop
  endfacet
  facet normal -0 0 -1
    outer loop
      vertex 7.99995 22.0067 0
      vertex 0 5 0
      vertex 7.45442 22.4544 0
    endloop
  endfacet
  facet normal -0 0 -1
    outer loop
      vertex 8.62234 21.674 0
      vertex 0 5 0
      vertex 7.99995 22.0067 0
    endloop
  endfacet
  facet normal -0 0 -1
    outer loop
      vertex 9.29767 21.4692 0
      vertex 0 5 0
      vertex 8.62234 21.674 0
    endloop
  endfacet
  facet normal -0 0 -1
    outer loop
      vertex 10 21.4 0
      vertex 0 5 0
      vertex 9.29767 21.4692 0
    endloop
  endfacet
  facet normal 0 0 -1
    outer loop
      vertex 80 5 0
      vertex 76.6 105 0
      vertex 80 170 0
    endloop
  endfacet
  facet normal 0 0 -1
    outer loop
      vertex 76.55 105.507 0
      vertex 80 170 0
      vertex 76.6 105 0
    endloop
  endfacet
  facet normal 0 0 -1
    outer loop
      vertex 76.4021 105.995 0
      vertex 80 170 0
      vertex 76.55 105.507 0
    endloop
  endfacet
  facet normal 0 0 -1
    outer loop
      vertex 76.1618 106.444 0
      vertex 80 170 0
      vertex 76.4021 105.995 0
    endloop
  endfacet
  facet normal 0 0 -1
    outer loop
      vertex 75.8385 106.838 0
      vertex 80 170 0
      vertex 76.1618 106.444 0
    endloop
  endfacet
  facet normal 0 0 -1
    outer loop
      vertex 75.4445 107.162 0
      vertex 80 170 0
      vertex 75.8385 106.838 0
    endloop
  endfacet
  facet normal 0 0 -1
    outer loop
      vertex 74.995 107.402 0
      vertex 80 170 0
      vertex 75.4445 107.162 0
    endloop
  endfacet
  facet normal 0 0 -1
    outer loop
      vertex 74.5072 107.55 0
      vertex 80 170 0
      vertex 74.995 107.402 0
    endloop
  endfacet
  facet normal 0 0 -1
    outer loop
      vertex 74 107.6 0
      vertex 80 170 0
      vertex 74.5072 107.55 0
    endloop
  endfacet
  facet normal 0 0 -1
    outer loop
      vertex 42.55 130.507 0
      vertex 73.4928 107.55 0
      vertex 42.6 130 0
    endloop
  endfacet
  facet normal 0 0 -1
    outer loop
      vertex 42.6 130 0
      vertex 73.4928 107.55 0
      vertex 73.005 107.402 0
    endloop
  endfacet
  facet normal 0 0 -1
    outer loop
      vertex 42.55 129.493 0
      vertex 73.005 107.402 0
      vertex 72.5555 107.162 0
    endloop
  endfacet
  facet normal 0 0 -1
    outer loop
      vertex 56.1697 104.887 0
      vertex 72.5555 107.162 0
      vertex 72.1615 106.838 0
    endloop
  endfacet
  facet normal 0 0 -1
    outer loop
      vertex 56.4722 104.725 0
      vertex 72.1615 106.838 0
      vertex 71.8382 106.444 0
    endloop
  endfacet
  facet normal 0 0 -1
    outer loop
      vertex 56.7374 104.507 0
      vertex 71.8382 106.444 0
      vertex 71.5979 105.995 0
    endloop
  endfacet
  facet normal 0 0 -1
    outer loop
      vertex 56.9551 104.242 0
      vertex 71.5979 105.995 0
      vertex 71.45 105.507 0
    endloop
  endfacet
  facet normal 0 0 -1
    outer loop
      vertex 72.1615 103.162 0
      vertex 57.25 103.27 0
      vertex 71.8382 103.556 0
    endloop
  endfacet
  facet normal -0 0 -1
    outer loop
      vertex 71.8382 103.556 0
      vertex 57.25 103.27 0
      vertex 71.5979 104.005 0
    endloop
  endfacet
  facet normal -0 0 -1
    outer loop
      vertex 71.5979 104.005 0
      vertex 57.25 103.27 0
      vertex 71.45 104.493 0
    endloop
  endfacet
  facet normal 0 0 -1
    outer loop
      vertex 57.25 103.27 0
      vertex 69.4928 74.82 0
      vertex 69.005 74.6721 0
    endloop
  endfacet
  facet normal 0 0 -1
    outer loop
      vertex 57.25 103.27 0
      vertex 69.005 74.6721 0
      vertex 68.5555 74.4318 0
    endloop
  endfacet
  facet normal 0 0 -1
    outer loop
      vertex 56.9551 73.2422 0
      vertex 67.5979 73.265 0
      vertex 57.1168 72.9397 0
    endloop
  endfacet
  facet normal -0 0 -1
    outer loop
      vertex 71.45 104.493 0
      vertex 57.25 103.27 0
      vertex 71.4 105 0
    endloop
  endfacet
  facet normal 0 0 -1
    outer loop
      vertex 67.45 72.7772 0
      vertex 57.1168 72.9397 0
      vertex 67.5979 73.265 0
    endloop
  endfacet
  facet normal 0 0 -1
    outer loop
      vertex 57.1168 72.9397 0
      vertex 67.45 72.7772 0
      vertex 57.2164 72.6114 0
    endloop
  endfacet
  facet normal 0 0 -1
    outer loop
      vertex 67.4 72.27 0
      vertex 57.2164 72.6114 0
      vertex 67.45 72.7772 0
    endloop
  endfacet
  facet normal 0 0 -1
    outer loop
      vertex 57.25 72.27 0
      vertex 67.0067 27.0001 0
      vertex 66.674 26.3777 0
    endloop
  endfacet
  facet normal 0 0 -1
    outer loop
      vertex 57.25 72.27 0
      vertex 66.674 26.3777 0
      vertex 66.4692 25.7023 0
    endloop
  endfacet
  facet normal 0 0 -1
    outer loop
      vertex 57.25 72.27 0
      vertex 66.4692 25.7023 0
      vertex 66.4 25 0
    endloop
  endfacet
  facet normal 0 0 -1
    outer loop
      vertex 67.45 71.7628 0
      vertex 57.25 72.27 0
      vertex 67.4 72.27 0
    endloop
  endfacet
  facet normal 0 0 -1
    outer loop
      vertex 57.2164 72.6114 0
      vertex 67.4 72.27 0
      vertex 57.25 72.27 0
    endloop
  endfacet
  facet normal -0 0 -1
    outer loop
      vertex 67.5979 73.265 0
      vertex 56.9551 73.2422 0
      vertex 67.8382 73.7145 0
    endloop
  endfacet
  facet normal 0 0 -1
    outer loop
      vertex 57.2164 103.611 0
      vertex 71.4 105 0
      vertex 57.25 103.27 0
    endloop
  endfacet
  facet normal 0 0 -1
    outer loop
      vertex 57.1168 103.94 0
      vertex 71.4 105 0
      vertex 57.2164 103.611 0
    endloop
  endfacet
  facet normal -0 0 -1
    outer loop
      vertex 71.4 105 0
      vertex 57.1168 103.94 0
      vertex 71.45 105.507 0
    endloop
  endfacet
  facet normal 0 0 -1
    outer loop
      vertex 56.9551 104.242 0
      vertex 71.45 105.507 0
      vertex 57.1168 103.94 0
    endloop
  endfacet
  facet normal 0 0 -1
    outer loop
      vertex 71.5979 105.995 0
      vertex 56.9551 104.242 0
      vertex 56.7374 104.507 0
    endloop
  endfacet
  facet normal 0 0 -1
    outer loop
      vertex 71.8382 106.444 0
      vertex 56.7374 104.507 0
      vertex 56.4722 104.725 0
    endloop
  endfacet
  facet normal 0 0 -1
    outer loop
      vertex 72.1615 106.838 0
      vertex 56.4722 104.725 0
      vertex 56.1697 104.887 0
    endloop
  endfacet
  facet normal 0 0 -1
    outer loop
      vertex 42.55 129.493 0
      vertex 72.5555 107.162 0
      vertex 56.1697 104.887 0
    endloop
  endfacet
  facet normal 0 0 -1
    outer loop
      vertex 42.55 129.493 0
      vertex 56.1697 104.887 0
      vertex 55.8414 104.986 0
    endloop
  endfacet
  facet normal 0 0 -1
    outer loop
      vertex 42.55 129.493 0
      vertex 55.8414 104.986 0
      vertex 55.5 105.02 0
    endloop
  endfacet
  facet normal 0 0 -1
    outer loop
      vertex 42.55 129.493 0
      vertex 55.5 105.02 0
      vertex 55.1586 104.986 0
    endloop
  endfacet
  facet normal 0 0 -1
    outer loop
      vertex 42.55 129.493 0
      vertex 55.1586 104.986 0
      vertex 54.8303 104.887 0
    endloop
  endfacet
  facet normal 0 0 -1
    outer loop
      vertex 42.55 129.493 0
      vertex 54.8303 104.887 0
      vertex 54.5278 104.725 0
    endloop
  endfacet
  facet normal 0 0 -1
    outer loop
      vertex 42.55 129.493 0
      vertex 54.5278 104.725 0
      vertex 54.2626 104.507 0
    endloop
  endfacet
  facet normal 0 0 -1
    outer loop
      vertex 42.55 129.493 0
      vertex 54.2626 104.507 0
      vertex 54.0449 104.242 0
    endloop
  endfacet
  facet normal 0 0 -1
    outer loop
      vertex 42.146 98.5586 0
      vertex 53.8832 103.94 0
      vertex 44.2095 97.9327 0
    endloop
  endfacet
  facet normal -0 0 -1
    outer loop
      vertex 54.2626 102.033 0
      vertex 47.7782 95.5482 0
      vertex 54.0449 102.298 0
    endloop
  endfacet
  facet normal 0 0 -1
    outer loop
      vertex 46.1113 96.9162 0
      vertex 54.0449 102.298 0
      vertex 47.7782 95.5482 0
    endloop
  endfacet
  facet normal -0 0 -1
    outer loop
      vertex 54.0449 102.298 0
      vertex 46.1113 96.9162 0
      vertex 53.8832 102.6 0
    endloop
  endfacet
  facet normal -0 0 -1
    outer loop
      vertex 53.8832 102.6 0
      vertex 46.1113 96.9162 0
      vertex 53.7836 102.929 0
    endloop
  endfacet
  facet normal -0 0 -1
    outer loop
      vertex 53.7836 102.929 0
      vertex 46.1113 96.9162 0
      vertex 53.75 103.27 0
    endloop
  endfacet
  facet normal 0 0 -1
    outer loop
      vertex 44.2095 97.9327 0
      vertex 53.75 103.27 0
      vertex 46.1113 96.9162 0
    endloop
  endfacet
  facet normal -0 0 -1
    outer loop
      vertex 53.75 103.27 0
      vertex 44.2095 97.9327 0
      vertex 53.7836 103.611 0
    endloop
  endfacet
  facet normal -0 0 -1
    outer loop
      vertex 53.7836 103.611 0
      vertex 44.2095 97.9327 0
      vertex 53.8832 103.94 0
    endloop
  endfacet
  facet normal -0 0 -1
    outer loop
      vertex 53.8832 103.94 0
      vertex 42.146 98.5586 0
      vertex 54.0449 104.242 0
    endloop
  endfacet
  facet normal 0 0 -1
    outer loop
      vertex 73.4928 107.55 0
      vertex 42.55 130.507 0
      vertex 74 107.6 0
    endloop
  endfacet
  facet normal 0 0 -1
    outer loop
      vertex 74 107.6 0
      vertex 42.55 130.507 0
      vertex 80 170 0
    endloop
  endfacet
  facet normal 0 0 -1
    outer loop
      vertex 42.55 150.507 0
      vertex 80 170 0
      vertex 42.6 150 0
    endloop
  endfacet
  facet normal 0 0 -1
    outer loop
      vertex 42.4021 150.995 0
      vertex 80 170 0
      vertex 42.55 150.507 0
    endloop
  endfacet
  facet normal 0 0 -1
    outer loop
      vertex 42.1618 151.444 0
      vertex 80 170 0
      vertex 42.4021 150.995 0
    endloop
  endfacet
  facet normal 0 0 -1
    outer loop
      vertex 41.8385 151.838 0
      vertex 80 170 0
      vertex 42.1618 151.444 0
    endloop
  endfacet
  facet normal 0 0 -1
    outer loop
      vertex 41.4445 152.162 0
      vertex 80 170 0
      vertex 41.8385 151.838 0
    endloop
  endfacet
  facet normal 0 0 -1
    outer loop
      vertex 40.995 152.402 0
      vertex 80 170 0
      vertex 41.4445 152.162 0
    endloop
  endfacet
  facet normal 0 0 -1
    outer loop
      vertex 40.5072 152.55 0
      vertex 80 170 0
      vertex 40.995 152.402 0
    endloop
  endfacet
  facet normal 0 0 -1
    outer loop
      vertex 40 152.6 0
      vertex 80 170 0
      vertex 40.5072 152.55 0
    endloop
  endfacet
  facet normal 0 0 -1
    outer loop
      vertex 0 170 0
      vertex 40 152.6 0
      vertex 39.4928 152.55 0
    endloop
  endfacet
  facet normal 0 0 -1
    outer loop
      vertex 0 170 0
      vertex 39.4928 152.55 0
      vertex 39.005 152.402 0
    endloop
  endfacet
  facet normal 0 0 -1
    outer loop
      vertex 26.25 103.27 0
      vertex 35.7905 97.9327 0
      vertex 33.8887 96.9162 0
    endloop
  endfacet
  facet normal 0 0 -1
    outer loop
      vertex 26.25 103.27 0
      vertex 33.8887 96.9162 0
      vertex 32.2218 95.5482 0
    endloop
  endfacet
  facet normal 0 0 -1
    outer loop
      vertex 26.25 103.27 0
      vertex 32.2218 95.5482 0
      vertex 30.8538 93.8813 0
    endloop
  endfacet
  facet normal 0 0 -1
    outer loop
      vertex 35.7905 97.9327 0
      vertex 26.1168 103.94 0
      vertex 25.9551 104.242 0
    endloop
  endfacet
  facet normal 0 0 -1
    outer loop
      vertex 26.25 103.27 0
      vertex 30.8538 93.8813 0
      vertex 29.8373 91.9795 0
    endloop
  endfacet
  facet normal 0 0 -1
    outer loop
      vertex 26.25 103.27 0
      vertex 29.8373 91.9795 0
      vertex 29.2114 89.916 0
    endloop
  endfacet
  facet normal 0 0 -1
    outer loop
      vertex 25.4722 73.7251 0
      vertex 32.2218 79.9918 0
      vertex 25.7374 73.5074 0
    endloop
  endfacet
  facet normal 0 0 -1
    outer loop
      vertex 29 87.77 0
      vertex 26.25 103.27 0
      vertex 29.2114 89.916 0
    endloop
  endfacet
  facet normal 0 0 -1
    outer loop
      vertex 35.7905 97.9327 0
      vertex 26.25 103.27 0
      vertex 26.2164 103.611 0
    endloop
  endfacet
  facet normal 0 0 -1
    outer loop
      vertex 35.7905 97.9327 0
      vertex 26.2164 103.611 0
      vertex 26.1168 103.94 0
    endloop
  endfacet
  facet normal -0 0 -1
    outer loop
      vertex 38.1615 128.162 0
      vertex 24.8414 104.986 0
      vertex 37.8382 128.556 0
    endloop
  endfacet
  facet normal 0 0 -1
    outer loop
      vertex 24.5 105.02 0
      vertex 37.8382 128.556 0
      vertex 24.8414 104.986 0
    endloop
  endfacet
  facet normal -0 0 -1
    outer loop
      vertex 37.8382 128.556 0
      vertex 24.5 105.02 0
      vertex 37.5979 129.005 0
    endloop
  endfacet
  facet normal 0 0 -1
    outer loop
      vertex 24.1586 104.986 0
      vertex 37.5979 129.005 0
      vertex 24.5 105.02 0
    endloop
  endfacet
  facet normal -0 0 -1
    outer loop
      vertex 37.5979 129.005 0
      vertex 24.1586 104.986 0
      vertex 37.45 129.493 0
    endloop
  endfacet
  facet normal 0 0 -1
    outer loop
      vertex 7.44448 107.162 0
      vertex 37.45 129.493 0
      vertex 24.1586 104.986 0
    endloop
  endfacet
  facet normal 0 0 -1
    outer loop
      vertex 6.99498 107.402 0
      vertex 37.45 129.493 0
      vertex 7.44448 107.162 0
    endloop
  endfacet
  facet normal 0 0 -1
    outer loop
      vertex 6.50723 107.55 0
      vertex 37.4 130 0
      vertex 6.99498 107.402 0
    endloop
  endfacet
  facet normal 0 0 -1
    outer loop
      vertex 7.44448 107.162 0
      vertex 24.1586 104.986 0
      vertex 23.8303 104.887 0
    endloop
  endfacet
  facet normal 0 0 -1
    outer loop
      vertex 7.83848 106.838 0
      vertex 23.8303 104.887 0
      vertex 23.5278 104.725 0
    endloop
  endfacet
  facet normal 0 0 -1
    outer loop
      vertex 37.45 130.507 0
      vertex 6.50723 107.55 0
      vertex 6 107.6 0
    endloop
  endfacet
  facet normal 0 0 -1
    outer loop
      vertex 8.16182 106.444 0
      vertex 23.5278 104.725 0
      vertex 23.2626 104.507 0
    endloop
  endfacet
  facet normal 0 0 -1
    outer loop
      vertex 8.40209 105.995 0
      vertex 23.2626 104.507 0
      vertex 23.0449 104.242 0
    endloop
  endfacet
  facet normal 0 0 -1
    outer loop
      vertex 8.55004 105.507 0
      vertex 23.0449 104.242 0
      vertex 22.8832 103.94 0
    endloop
  endfacet
  facet normal 0 0 -1
    outer loop
      vertex 12.55 71.7628 0
      vertex 22.8832 71.6003 0
      vertex 23.0449 71.2978 0
    endloop
  endfacet
  facet normal -0 0 -1
    outer loop
      vertex 22.7836 72.6114 0
      vertex 12.6 72.27 0
      vertex 12.55 72.7772 0
    endloop
  endfacet
  facet normal 0 0 -1
    outer loop
      vertex 12.55 71.7628 0
      vertex 22.7836 71.9286 0
      vertex 22.8832 71.6003 0
    endloop
  endfacet
  facet normal 0 0 -1
    outer loop
      vertex 22.7836 71.9286 0
      vertex 12.6 72.27 0
      vertex 22.75 72.27 0
    endloop
  endfacet
  facet normal -0 0 -1
    outer loop
      vertex 22.8832 72.9397 0
      vertex 12.55 72.7772 0
      vertex 12.4021 73.265 0
    endloop
  endfacet
  facet normal 0 0 -1
    outer loop
      vertex 23.0449 73.2422 0
      vertex 12.4021 73.265 0
      vertex 12.1618 73.7145 0
    endloop
  endfacet
  facet normal 0 0 -1
    outer loop
      vertex 23.2626 73.5074 0
      vertex 12.1618 73.7145 0
      vertex 11.8385 74.1085 0
    endloop
  endfacet
  facet normal 0 0 -1
    outer loop
      vertex 23.5278 73.7251 0
      vertex 11.8385 74.1085 0
      vertex 11.4445 74.4318 0
    endloop
  endfacet
  facet normal 0 0 -1
    outer loop
      vertex 23.2626 102.033 0
      vertex 8.6 105 0
      vertex 23.0449 102.298 0
    endloop
  endfacet
  facet normal 0 0 -1
    outer loop
      vertex 23.0449 102.298 0
      vertex 8.6 105 0
      vertex 22.8832 102.6 0
    endloop
  endfacet
  facet normal 0 0 -1
    outer loop
      vertex 22.8832 102.6 0
      vertex 8.6 105 0
      vertex 22.7836 102.929 0
    endloop
  endfacet
  facet normal 0 0 -1
    outer loop
      vertex 22.7836 102.929 0
      vertex 8.6 105 0
      vertex 22.75 103.27 0
    endloop
  endfacet
  facet normal 0 0 -1
    outer loop
      vertex 22.75 103.27 0
      vertex 8.6 105 0
      vertex 22.7836 103.611 0
    endloop
  endfacet
  facet normal 0 0 -1
    outer loop
      vertex 22.7836 103.611 0
      vertex 8.6 105 0
      vertex 22.8832 103.94 0
    endloop
  endfacet
  facet normal 0 0 -1
    outer loop
      vertex 8.6 105 0
      vertex 10.5072 74.82 0
      vertex 10 74.87 0
    endloop
  endfacet
  facet normal 0 0 -1
    outer loop
      vertex 8.6 105 0
      vertex 10 74.87 0
      vertex 9.49276 74.82 0
    endloop
  endfacet
  facet normal 0 0 -1
    outer loop
      vertex 8.6 105 0
      vertex 9.49276 74.82 0
      vertex 9.00502 74.6721 0
    endloop
  endfacet
  facet normal 0 0 -1
    outer loop
      vertex 8.55004 105.507 0
      vertex 22.8832 103.94 0
      vertex 8.6 105 0
    endloop
  endfacet
  facet normal 0 0 -1
    outer loop
      vertex 23.0449 104.242 0
      vertex 8.55004 105.507 0
      vertex 8.40209 105.995 0
    endloop
  endfacet
  facet normal 0 0 -1
    outer loop
      vertex 23.2626 104.507 0
      vertex 8.40209 105.995 0
      vertex 8.16182 106.444 0
    endloop
  endfacet
  facet normal 0 0 -1
    outer loop
      vertex 23.5278 104.725 0
      vertex 8.16182 106.444 0
      vertex 7.83848 106.838 0
    endloop
  endfacet
  facet normal 0 0 -1
    outer loop
      vertex 23.8303 104.887 0
      vertex 7.83848 106.838 0
      vertex 7.44448 107.162 0
    endloop
  endfacet
  facet normal -0 0 -1
    outer loop
      vertex 37.45 129.493 0
      vertex 6.99498 107.402 0
      vertex 37.4 130 0
    endloop
  endfacet
  facet normal -0 0 -1
    outer loop
      vertex 37.45 130.507 0
      vertex 6 107.6 0
      vertex 0 170 0
    endloop
  endfacet
  facet normal 0 0 -1
    outer loop
      vertex 37.45 149.493 0
      vertex 0 170 0
      vertex 37.4 150 0
    endloop
  endfacet
  facet normal 0 0 -1
    outer loop
      vertex 37.4 150 0
      vertex 0 170 0
      vertex 37.45 150.507 0
    endloop
  endfacet
  facet normal 0 0 -1
    outer loop
      vertex 37.45 150.507 0
      vertex 0 170 0
      vertex 37.5979 150.995 0
    endloop
  endfacet
  facet normal 0 0 -1
    outer loop
      vertex 0 170 0
      vertex 6 107.6 0
      vertex 5.49276 107.55 0
    endloop
  endfacet
  facet normal 0 0 -1
    outer loop
      vertex 0 170 0
      vertex 5.49276 107.55 0
      vertex 5.00502 107.402 0
    endloop
  endfacet
  facet normal 0 0 -1
    outer loop
      vertex 0 170 0
      vertex 5.00502 107.402 0
      vertex 4.55552 107.162 0
    endloop
  endfacet
  facet normal 0 0 -1
    outer loop
      vertex 0 170 0
      vertex 4.55552 107.162 0
      vertex 4.16152 106.838 0
    endloop
  endfacet
  facet normal 0 0 -1
    outer loop
      vertex 0 170 0
      vertex 4.16152 106.838 0
      vertex 3.83818 106.444 0
    endloop
  endfacet
  facet normal 0 0 -1
    outer loop
      vertex 40 152.6 0
      vertex 0 170 0
      vertex 80 170 0
    endloop
  endfacet
  facet normal 0 0 -1
    outer loop
      vertex 38.5555 152.162 0
      vertex 0 170 0
      vertex 39.005 152.402 0
    endloop
  endfacet
  facet normal 0 0 -1
    outer loop
      vertex 38.1615 151.838 0
      vertex 0 170 0
      vertex 38.5555 152.162 0
    endloop
  endfacet
  facet normal 0 0 -1
    outer loop
      vertex 37.8382 151.444 0
      vertex 0 170 0
      vertex 38.1615 151.838 0
    endloop
  endfacet
  facet normal 0 0 -1
    outer loop
      vertex 37.5979 150.995 0
      vertex 0 170 0
      vertex 37.8382 151.444 0
    endloop
  endfacet
  facet normal 0 0 -1
    outer loop
      vertex 3.59791 105.995 0
      vertex 0 170 0
      vertex 3.83818 106.444 0
    endloop
  endfacet
  facet normal 0 0 -1
    outer loop
      vertex 3.44996 105.507 0
      vertex 0 170 0
      vertex 3.59791 105.995 0
    endloop
  endfacet
  facet normal 0 0 -1
    outer loop
      vertex 3.4 105 0
      vertex 0 170 0
      vertex 3.44996 105.507 0
    endloop
  endfacet
  facet normal 0 0 -1
    outer loop
      vertex 0 170 0
      vertex 3.4 105 0
      vertex 0 5 0
    endloop
  endfacet
  facet normal 0 0 -1
    outer loop
      vertex 72.5456 27.5456 0
      vertex 75.4445 42.8382 0
      vertex 72.9933 27.0001 0
    endloop
  endfacet
  facet normal 0 0 -1
    outer loop
      vertex 75.4445 42.8382 0
      vertex 72.5456 27.5456 0
      vertex 74.995 42.5979 0
    endloop
  endfacet
  facet normal 0 0 -1
    outer loop
      vertex 72.0001 27.9933 0
      vertex 74.995 42.5979 0
      vertex 72.5456 27.5456 0
    endloop
  endfacet
  facet normal 0 0 -1
    outer loop
      vertex 74.995 42.5979 0
      vertex 72.0001 27.9933 0
      vertex 74.5072 42.45 0
    endloop
  endfacet
  facet normal 0 0 -1
    outer loop
      vertex 71.3777 28.326 0
      vertex 74.5072 42.45 0
      vertex 72.0001 27.9933 0
    endloop
  endfacet
  facet normal 0 0 -1
    outer loop
      vertex 74.5072 42.45 0
      vertex 71.3777 28.326 0
      vertex 74 42.4 0
    endloop
  endfacet
  facet normal 0 0 -1
    outer loop
      vertex 70.7023 28.5308 0
      vertex 74 42.4 0
      vertex 71.3777 28.326 0
    endloop
  endfacet
  facet normal -0 0 -1
    outer loop
      vertex 74 42.4 0
      vertex 70.7023 28.5308 0
      vertex 73.4928 42.45 0
    endloop
  endfacet
  facet normal -0 0 -1
    outer loop
      vertex 73.4928 42.45 0
      vertex 70.7023 28.5308 0
      vertex 73.005 42.5979 0
    endloop
  endfacet
  facet normal 0 0 -1
    outer loop
      vertex 70 28.6 0
      vertex 73.005 42.5979 0
      vertex 70.7023 28.5308 0
    endloop
  endfacet
  facet normal -0 0 -1
    outer loop
      vertex 73.005 42.5979 0
      vertex 70 28.6 0
      vertex 72.5555 42.8382 0
    endloop
  endfacet
  facet normal 0 0 -1
    outer loop
      vertex 69.2977 28.5308 0
      vertex 72.5555 42.8382 0
      vertex 70 28.6 0
    endloop
  endfacet
  facet normal -0 0 -1
    outer loop
      vertex 72.5555 42.8382 0
      vertex 69.2977 28.5308 0
      vertex 72.1615 43.1615 0
    endloop
  endfacet
  facet normal 0 0 -1
    outer loop
      vertex 68.6223 28.326 0
      vertex 72.1615 43.1615 0
      vertex 69.2977 28.5308 0
    endloop
  endfacet
  facet normal 0 0 -1
    outer loop
      vertex 71.4445 74.4318 0
      vertex 74.995 102.598 0
      vertex 71.8385 74.1085 0
    endloop
  endfacet
  facet normal 0 0 -1
    outer loop
      vertex 74.995 102.598 0
      vertex 71.4445 74.4318 0
      vertex 74.5072 102.45 0
    endloop
  endfacet
  facet normal 0 0 -1
    outer loop
      vertex 70.995 74.6721 0
      vertex 74.5072 102.45 0
      vertex 71.4445 74.4318 0
    endloop
  endfacet
  facet normal 0 0 -1
    outer loop
      vertex 74.5072 102.45 0
      vertex 70.995 74.6721 0
      vertex 74 102.4 0
    endloop
  endfacet
  facet normal 0 0 -1
    outer loop
      vertex 70.5072 74.82 0
      vertex 74 102.4 0
      vertex 70.995 74.6721 0
    endloop
  endfacet
  facet normal -0 0 -1
    outer loop
      vertex 74 102.4 0
      vertex 70.5072 74.82 0
      vertex 73.4928 102.45 0
    endloop
  endfacet
  facet normal 0 0 -1
    outer loop
      vertex 70 74.87 0
      vertex 73.4928 102.45 0
      vertex 70.5072 74.82 0
    endloop
  endfacet
  facet normal -0 0 -1
    outer loop
      vertex 73.4928 102.45 0
      vertex 70 74.87 0
      vertex 73.005 102.598 0
    endloop
  endfacet
  facet normal 0 0 -1
    outer loop
      vertex 69.4928 74.82 0
      vertex 73.005 102.598 0
      vertex 70 74.87 0
    endloop
  endfacet
  facet normal -0 0 -1
    outer loop
      vertex 73.005 102.598 0
      vertex 69.4928 74.82 0
      vertex 72.5555 102.838 0
    endloop
  endfacet
  facet normal 0 0 -1
    outer loop
      vertex 57.25 103.27 0
      vertex 72.5555 102.838 0
      vertex 69.4928 74.82 0
    endloop
  endfacet
  facet normal 0 0 -1
    outer loop
      vertex 72.5555 102.838 0
      vertex 57.25 103.27 0
      vertex 72.1615 103.162 0
    endloop
  endfacet
  facet normal 0 -1 0
    outer loop
      vertex 0 5 0
      vertex 80 5 8
      vertex 0 5 8
    endloop
  endfacet
  facet normal 0 -1 -0
    outer loop
      vertex 80 5 8
      vertex 0 5 0
      vertex 80 5 0
    endloop
  endfacet
  facet normal -0.995172 -0.0981432 0
    outer loop
      vertex 42.6 130 0
      vertex 42.55 130.507 8
      vertex 42.55 130.507 0
    endloop
  endfacet
  facet normal -0.995172 -0.0981432 0
    outer loop
      vertex 42.55 130.507 8
      vertex 42.6 130 0
      vertex 42.6 130 8
    endloop
  endfacet
  facet normal 0.0981049 -0.995176 0
    outer loop
      vertex 39.4928 132.55 0
      vertex 40 132.6 8
      vertex 39.4928 132.55 8
    endloop
  endfacet
  facet normal 0.0981049 -0.995176 0
    outer loop
      vertex 40 132.6 8
      vertex 39.4928 132.55 0
      vertex 40 132.6 0
    endloop
  endfacet
  facet normal -0.0981049 0.995176 0
    outer loop
      vertex 40.5072 127.45 0
      vertex 40 127.4 8
      vertex 40.5072 127.45 8
    endloop
  endfacet
  facet normal -0.0981049 0.995176 0
    outer loop
      vertex 40 127.4 8
      vertex 40.5072 127.45 0
      vertex 40 127.4 0
    endloop
  endfacet
  facet normal 0.635157 0.772383 -0
    outer loop
      vertex 38.5555 127.838 0
      vertex 38.1615 128.162 8
      vertex 38.5555 127.838 8
    endloop
  endfacet
  facet normal 0.635157 0.772383 0
    outer loop
      vertex 38.1615 128.162 8
      vertex 38.5555 127.838 0
      vertex 38.1615 128.162 0
    endloop
  endfacet
  facet normal -0.635157 -0.772383 0
    outer loop
      vertex 41.4445 132.162 0
      vertex 41.8385 131.838 8
      vertex 41.4445 132.162 8
    endloop
  endfacet
  facet normal -0.635157 -0.772383 -0
    outer loop
      vertex 41.8385 131.838 8
      vertex 41.4445 132.162 0
      vertex 41.8385 131.838 0
    endloop
  endfacet
  facet normal 0.773056 -0.634338 0
    outer loop
      vertex 37.8382 131.444 8
      vertex 38.1615 131.838 0
      vertex 38.1615 131.838 8
    endloop
  endfacet
  facet normal 0.773056 -0.634338 0
    outer loop
      vertex 38.1615 131.838 0
      vertex 37.8382 131.444 8
      vertex 37.8382 131.444 0
    endloop
  endfacet
  facet normal 0.470996 -0.882136 0
    outer loop
      vertex 38.5555 132.162 0
      vertex 39.005 132.402 8
      vertex 38.5555 132.162 8
    endloop
  endfacet
  facet normal 0.470996 -0.882136 0
    outer loop
      vertex 39.005 132.402 8
      vertex 38.5555 132.162 0
      vertex 39.005 132.402 0
    endloop
  endfacet
  facet normal -0.881673 -0.471862 0
    outer loop
      vertex 42.4021 130.995 0
      vertex 42.1618 131.444 8
      vertex 42.1618 131.444 0
    endloop
  endfacet
  facet normal -0.881673 -0.471862 0
    outer loop
      vertex 42.1618 131.444 8
      vertex 42.4021 130.995 0
      vertex 42.4021 130.995 8
    endloop
  endfacet
  facet normal -0.957013 -0.290045 0
    outer loop
      vertex 42.55 130.507 0
      vertex 42.4021 130.995 8
      vertex 42.4021 130.995 0
    endloop
  endfacet
  facet normal -0.957013 -0.290045 0
    outer loop
      vertex 42.4021 130.995 8
      vertex 42.55 130.507 0
      vertex 42.55 130.507 8
    endloop
  endfacet
  facet normal -0.773056 -0.634338 0
    outer loop
      vertex 42.1618 131.444 0
      vertex 41.8385 131.838 8
      vertex 41.8385 131.838 0
    endloop
  endfacet
  facet normal -0.773056 -0.634338 0
    outer loop
      vertex 41.8385 131.838 8
      vertex 42.1618 131.444 0
      vertex 42.1618 131.444 8
    endloop
  endfacet
  facet normal -0.290334 -0.956925 0
    outer loop
      vertex 40.5072 132.55 0
      vertex 40.995 132.402 8
      vertex 40.5072 132.55 8
    endloop
  endfacet
  facet normal -0.290334 -0.956925 -0
    outer loop
      vertex 40.995 132.402 8
      vertex 40.5072 132.55 0
      vertex 40.995 132.402 0
    endloop
  endfacet
  facet normal -0.0981049 -0.995176 0
    outer loop
      vertex 40 132.6 0
      vertex 40.5072 132.55 8
      vertex 40 132.6 8
    endloop
  endfacet
  facet normal -0.0981049 -0.995176 -0
    outer loop
      vertex 40.5072 132.55 8
      vertex 40 132.6 0
      vertex 40.5072 132.55 0
    endloop
  endfacet
  facet normal -0.470996 -0.882136 0
    outer loop
      vertex 40.995 132.402 0
      vertex 41.4445 132.162 8
      vertex 40.995 132.402 8
    endloop
  endfacet
  facet normal -0.470996 -0.882136 -0
    outer loop
      vertex 41.4445 132.162 8
      vertex 40.995 132.402 0
      vertex 41.4445 132.162 0
    endloop
  endfacet
  facet normal 0.957013 -0.290045 0
    outer loop
      vertex 37.45 130.507 8
      vertex 37.5979 130.995 0
      vertex 37.5979 130.995 8
    endloop
  endfacet
  facet normal 0.957013 -0.290045 0
    outer loop
      vertex 37.5979 130.995 0
      vertex 37.45 130.507 8
      vertex 37.45 130.507 0
    endloop
  endfacet
  facet normal 0.881673 -0.471862 0
    outer loop
      vertex 37.5979 130.995 8
      vertex 37.8382 131.444 0
      vertex 37.8382 131.444 8
    endloop
  endfacet
  facet normal 0.881673 -0.471862 0
    outer loop
      vertex 37.8382 131.444 0
      vertex 37.5979 130.995 8
      vertex 37.5979 130.995 0
    endloop
  endfacet
  facet normal 0.995172 -0.0981432 0
    outer loop
      vertex 37.4 130 8
      vertex 37.45 130.507 0
      vertex 37.45 130.507 8
    endloop
  endfacet
  facet normal 0.995172 -0.0981432 0
    outer loop
      vertex 37.45 130.507 0
      vertex 37.4 130 8
      vertex 37.4 130 0
    endloop
  endfacet
  facet normal 0.635157 -0.772383 0
    outer loop
      vertex 38.1615 131.838 0
      vertex 38.5555 132.162 8
      vertex 38.1615 131.838 8
    endloop
  endfacet
  facet normal 0.635157 -0.772383 0
    outer loop
      vertex 38.5555 132.162 8
      vertex 38.1615 131.838 0
      vertex 38.5555 132.162 0
    endloop
  endfacet
  facet normal 0.290334 -0.956925 0
    outer loop
      vertex 39.005 132.402 0
      vertex 39.4928 132.55 8
      vertex 39.005 132.402 8
    endloop
  endfacet
  facet normal 0.290334 -0.956925 0
    outer loop
      vertex 39.4928 132.55 8
      vertex 39.005 132.402 0
      vertex 39.4928 132.55 0
    endloop
  endfacet
  facet normal -0.995172 0.0981432 0
    outer loop
      vertex 42.55 129.493 0
      vertex 42.6 130 8
      vertex 42.6 130 0
    endloop
  endfacet
  facet normal -0.995172 0.0981432 0
    outer loop
      vertex 42.6 130 8
      vertex 42.55 129.493 0
      vertex 42.55 129.493 8
    endloop
  endfacet
  facet normal -0.290334 0.956925 0
    outer loop
      vertex 40.995 127.598 0
      vertex 40.5072 127.45 8
      vertex 40.995 127.598 8
    endloop
  endfacet
  facet normal -0.290334 0.956925 0
    outer loop
      vertex 40.5072 127.45 8
      vertex 40.995 127.598 0
      vertex 40.5072 127.45 0
    endloop
  endfacet
  facet normal -0.635157 0.772383 0
    outer loop
      vertex 41.8385 128.162 0
      vertex 41.4445 127.838 8
      vertex 41.8385 128.162 8
    endloop
  endfacet
  facet normal -0.635157 0.772383 0
    outer loop
      vertex 41.4445 127.838 8
      vertex 41.8385 128.162 0
      vertex 41.4445 127.838 0
    endloop
  endfacet
  facet normal -0.881673 0.471862 0
    outer loop
      vertex 42.1618 128.556 0
      vertex 42.4021 129.005 8
      vertex 42.4021 129.005 0
    endloop
  endfacet
  facet normal -0.881673 0.471862 0
    outer loop
      vertex 42.4021 129.005 8
      vertex 42.1618 128.556 0
      vertex 42.1618 128.556 8
    endloop
  endfacet
  facet normal 0.470996 0.882136 -0
    outer loop
      vertex 39.005 127.598 0
      vertex 38.5555 127.838 8
      vertex 39.005 127.598 8
    endloop
  endfacet
  facet normal 0.470996 0.882136 0
    outer loop
      vertex 38.5555 127.838 8
      vertex 39.005 127.598 0
      vertex 38.5555 127.838 0
    endloop
  endfacet
  facet normal 0.0981049 0.995176 -0
    outer loop
      vertex 40 127.4 0
      vertex 39.4928 127.45 8
      vertex 40 127.4 8
    endloop
  endfacet
  facet normal 0.0981049 0.995176 0
    outer loop
      vertex 39.4928 127.45 8
      vertex 40 127.4 0
      vertex 39.4928 127.45 0
    endloop
  endfacet
  facet normal 0.773056 0.634338 0
    outer loop
      vertex 38.1615 128.162 8
      vertex 37.8382 128.556 0
      vertex 37.8382 128.556 8
    endloop
  endfacet
  facet normal 0.773056 0.634338 0
    outer loop
      vertex 37.8382 128.556 0
      vertex 38.1615 128.162 8
      vertex 38.1615 128.162 0
    endloop
  endfacet
  facet normal 0.957013 0.290045 0
    outer loop
      vertex 37.5979 129.005 8
      vertex 37.45 129.493 0
      vertex 37.45 129.493 8
    endloop
  endfacet
  facet normal 0.957013 0.290045 0
    outer loop
      vertex 37.45 129.493 0
      vertex 37.5979 129.005 8
      vertex 37.5979 129.005 0
    endloop
  endfacet
  facet normal 0.995172 0.0981432 0
    outer loop
      vertex 37.45 129.493 8
      vertex 37.4 130 0
      vertex 37.4 130 8
    endloop
  endfacet
  facet normal 0.995172 0.0981432 0
    outer loop
      vertex 37.4 130 0
      vertex 37.45 129.493 8
      vertex 37.45 129.493 0
    endloop
  endfacet
  facet normal -0.470996 0.882136 0
    outer loop
      vertex 41.4445 127.838 0
      vertex 40.995 127.598 8
      vertex 41.4445 127.838 8
    endloop
  endfacet
  facet normal -0.470996 0.882136 0
    outer loop
      vertex 40.995 127.598 8
      vertex 41.4445 127.838 0
      vertex 40.995 127.598 0
    endloop
  endfacet
  facet normal -0.773056 0.634338 0
    outer loop
      vertex 41.8385 128.162 0
      vertex 42.1618 128.556 8
      vertex 42.1618 128.556 0
    endloop
  endfacet
  facet normal -0.773056 0.634338 0
    outer loop
      vertex 42.1618 128.556 8
      vertex 41.8385 128.162 0
      vertex 41.8385 128.162 8
    endloop
  endfacet
  facet normal -0.957013 0.290045 0
    outer loop
      vertex 42.4021 129.005 0
      vertex 42.55 129.493 8
      vertex 42.55 129.493 0
    endloop
  endfacet
  facet normal -0.957013 0.290045 0
    outer loop
      vertex 42.55 129.493 8
      vertex 42.4021 129.005 0
      vertex 42.4021 129.005 8
    endloop
  endfacet
  facet normal 0.290334 0.956925 -0
    outer loop
      vertex 39.4928 127.45 0
      vertex 39.005 127.598 8
      vertex 39.4928 127.45 8
    endloop
  endfacet
  facet normal 0.290334 0.956925 0
    outer loop
      vertex 39.005 127.598 8
      vertex 39.4928 127.45 0
      vertex 39.005 127.598 0
    endloop
  endfacet
  facet normal 0.881673 0.471862 0
    outer loop
      vertex 37.8382 128.556 8
      vertex 37.5979 129.005 0
      vertex 37.5979 129.005 8
    endloop
  endfacet
  facet normal 0.881673 0.471862 0
    outer loop
      vertex 37.5979 129.005 0
      vertex 37.8382 128.556 8
      vertex 37.8382 128.556 0
    endloop
  endfacet
  facet normal -0.995172 -0.0981432 0
    outer loop
      vertex 42.6 150 0
      vertex 42.55 150.507 8
      vertex 42.55 150.507 0
    endloop
  endfacet
  facet normal -0.995172 -0.0981432 0
    outer loop
      vertex 42.55 150.507 8
      vertex 42.6 150 0
      vertex 42.6 150 8
    endloop
  endfacet
  facet normal 0.0981049 -0.995176 0
    outer loop
      vertex 39.4928 152.55 0
      vertex 40 152.6 8
      vertex 39.4928 152.55 8
    endloop
  endfacet
  facet normal 0.0981049 -0.995176 0
    outer loop
      vertex 40 152.6 8
      vertex 39.4928 152.55 0
      vertex 40 152.6 0
    endloop
  endfacet
  facet normal -0.635157 -0.772383 0
    outer loop
      vertex 41.4445 152.162 0
      vertex 41.8385 151.838 8
      vertex 41.4445 152.162 8
    endloop
  endfacet
  facet normal -0.635157 -0.772383 -0
    outer loop
      vertex 41.8385 151.838 8
      vertex 41.4445 152.162 0
      vertex 41.8385 151.838 0
    endloop
  endfacet
  facet normal 0.773056 -0.634338 0
    outer loop
      vertex 37.8382 151.444 8
      vertex 38.1615 151.838 0
      vertex 38.1615 151.838 8
    endloop
  endfacet
  facet normal 0.773056 -0.634338 0
    outer loop
      vertex 38.1615 151.838 0
      vertex 37.8382 151.444 8
      vertex 37.8382 151.444 0
    endloop
  endfacet
  facet normal 0.470996 -0.882136 0
    outer loop
      vertex 38.5555 152.162 0
      vertex 39.005 152.402 8
      vertex 38.5555 152.162 8
    endloop
  endfacet
  facet normal 0.470996 -0.882136 0
    outer loop
      vertex 39.005 152.402 8
      vertex 38.5555 152.162 0
      vertex 39.005 152.402 0
    endloop
  endfacet
  facet normal -0.881673 -0.471862 0
    outer loop
      vertex 42.4021 150.995 0
      vertex 42.1618 151.444 8
      vertex 42.1618 151.444 0
    endloop
  endfacet
  facet normal -0.881673 -0.471862 0
    outer loop
      vertex 42.1618 151.444 8
      vertex 42.4021 150.995 0
      vertex 42.4021 150.995 8
    endloop
  endfacet
  facet normal -0.957013 -0.290045 0
    outer loop
      vertex 42.55 150.507 0
      vertex 42.4021 150.995 8
      vertex 42.4021 150.995 0
    endloop
  endfacet
  facet normal -0.957013 -0.290045 0
    outer loop
      vertex 42.4021 150.995 8
      vertex 42.55 150.507 0
      vertex 42.55 150.507 8
    endloop
  endfacet
  facet normal -0.773056 -0.634338 0
    outer loop
      vertex 42.1618 151.444 0
      vertex 41.8385 151.838 8
      vertex 41.8385 151.838 0
    endloop
  endfacet
  facet normal -0.773056 -0.634338 0
    outer loop
      vertex 41.8385 151.838 8
      vertex 42.1618 151.444 0
      vertex 42.1618 151.444 8
    endloop
  endfacet
  facet normal -0.290334 -0.956925 0
    outer loop
      vertex 40.5072 152.55 0
      vertex 40.995 152.402 8
      vertex 40.5072 152.55 8
    endloop
  endfacet
  facet normal -0.290334 -0.956925 -0
    outer loop
      vertex 40.995 152.402 8
      vertex 40.5072 152.55 0
      vertex 40.995 152.402 0
    endloop
  endfacet
  facet normal -0.0981049 -0.995176 0
    outer loop
      vertex 40 152.6 0
      vertex 40.5072 152.55 8
      vertex 40 152.6 8
    endloop
  endfacet
  facet normal -0.0981049 -0.995176 -0
    outer loop
      vertex 40.5072 152.55 8
      vertex 40 152.6 0
      vertex 40.5072 152.55 0
    endloop
  endfacet
  facet normal -0.470996 -0.882136 0
    outer loop
      vertex 40.995 152.402 0
      vertex 41.4445 152.162 8
      vertex 40.995 152.402 8
    endloop
  endfacet
  facet normal -0.470996 -0.882136 -0
    outer loop
      vertex 41.4445 152.162 8
      vertex 40.995 152.402 0
      vertex 41.4445 152.162 0
    endloop
  endfacet
  facet normal 0.957013 -0.290045 0
    outer loop
      vertex 37.45 150.507 8
      vertex 37.5979 150.995 0
      vertex 37.5979 150.995 8
    endloop
  endfacet
  facet normal 0.957013 -0.290045 0
    outer loop
      vertex 37.5979 150.995 0
      vertex 37.45 150.507 8
      vertex 37.45 150.507 0
    endloop
  endfacet
  facet normal 0.881673 -0.471862 0
    outer loop
      vertex 37.5979 150.995 8
      vertex 37.8382 151.444 0
      vertex 37.8382 151.444 8
    endloop
  endfacet
  facet normal 0.881673 -0.471862 0
    outer loop
      vertex 37.8382 151.444 0
      vertex 37.5979 150.995 8
      vertex 37.5979 150.995 0
    endloop
  endfacet
  facet normal 0.995172 -0.0981432 0
    outer loop
      vertex 37.4 150 8
      vertex 37.45 150.507 0
      vertex 37.45 150.507 8
    endloop
  endfacet
  facet normal 0.995172 -0.0981432 0
    outer loop
      vertex 37.45 150.507 0
      vertex 37.4 150 8
      vertex 37.4 150 0
    endloop
  endfacet
  facet normal 0.635157 -0.772383 0
    outer loop
      vertex 38.1615 151.838 0
      vertex 38.5555 152.162 8
      vertex 38.1615 151.838 8
    endloop
  endfacet
  facet normal 0.635157 -0.772383 0
    outer loop
      vertex 38.5555 152.162 8
      vertex 38.1615 151.838 0
      vertex 38.5555 152.162 0
    endloop
  endfacet
  facet normal 0.290334 -0.956925 0
    outer loop
      vertex 39.005 152.402 0
      vertex 39.4928 152.55 8
      vertex 39.005 152.402 8
    endloop
  endfacet
  facet normal 0.290334 -0.956925 0
    outer loop
      vertex 39.4928 152.55 8
      vertex 39.005 152.402 0
      vertex 39.4928 152.55 0
    endloop
  endfacet
  facet normal -0.995172 0.0981432 0
    outer loop
      vertex 42.55 149.493 0
      vertex 42.6 150 8
      vertex 42.6 150 0
    endloop
  endfacet
  facet normal -0.995172 0.0981432 0
    outer loop
      vertex 42.6 150 8
      vertex 42.55 149.493 0
      vertex 42.55 149.493 8
    endloop
  endfacet
  facet normal -0.290334 0.956925 0
    outer loop
      vertex 40.995 147.598 0
      vertex 40.5072 147.45 8
      vertex 40.995 147.598 8
    endloop
  endfacet
  facet normal -0.290334 0.956925 0
    outer loop
      vertex 40.5072 147.45 8
      vertex 40.995 147.598 0
      vertex 40.5072 147.45 0
    endloop
  endfacet
  facet normal -0.635157 0.772383 0
    outer loop
      vertex 41.8385 148.162 0
      vertex 41.4445 147.838 8
      vertex 41.8385 148.162 8
    endloop
  endfacet
  facet normal -0.635157 0.772383 0
    outer loop
      vertex 41.4445 147.838 8
      vertex 41.8385 148.162 0
      vertex 41.4445 147.838 0
    endloop
  endfacet
  facet normal -0.881673 0.471862 0
    outer loop
      vertex 42.1618 148.556 0
      vertex 42.4021 149.005 8
      vertex 42.4021 149.005 0
    endloop
  endfacet
  facet normal -0.881673 0.471862 0
    outer loop
      vertex 42.4021 149.005 8
      vertex 42.1618 148.556 0
      vertex 42.1618 148.556 8
    endloop
  endfacet
  facet normal 0.470996 0.882136 -0
    outer loop
      vertex 39.005 147.598 0
      vertex 38.5555 147.838 8
      vertex 39.005 147.598 8
    endloop
  endfacet
  facet normal 0.470996 0.882136 0
    outer loop
      vertex 38.5555 147.838 8
      vertex 39.005 147.598 0
      vertex 38.5555 147.838 0
    endloop
  endfacet
  facet normal 0.0981049 0.995176 -0
    outer loop
      vertex 40 147.4 0
      vertex 39.4928 147.45 8
      vertex 40 147.4 8
    endloop
  endfacet
  facet normal 0.0981049 0.995176 0
    outer loop
      vertex 39.4928 147.45 8
      vertex 40 147.4 0
      vertex 39.4928 147.45 0
    endloop
  endfacet
  facet normal 0.773056 0.634338 0
    outer loop
      vertex 38.1615 148.162 8
      vertex 37.8382 148.556 0
      vertex 37.8382 148.556 8
    endloop
  endfacet
  facet normal 0.773056 0.634338 0
    outer loop
      vertex 37.8382 148.556 0
      vertex 38.1615 148.162 8
      vertex 38.1615 148.162 0
    endloop
  endfacet
  facet normal 0.957013 0.290045 0
    outer loop
      vertex 37.5979 149.005 8
      vertex 37.45 149.493 0
      vertex 37.45 149.493 8
    endloop
  endfacet
  facet normal 0.957013 0.290045 0
    outer loop
      vertex 37.45 149.493 0
      vertex 37.5979 149.005 8
      vertex 37.5979 149.005 0
    endloop
  endfacet
  facet normal 0.995172 0.0981432 0
    outer loop
      vertex 37.45 149.493 8
      vertex 37.4 150 0
      vertex 37.4 150 8
    endloop
  endfacet
  facet normal 0.995172 0.0981432 0
    outer loop
      vertex 37.4 150 0
      vertex 37.45 149.493 8
      vertex 37.45 149.493 0
    endloop
  endfacet
  facet normal -0.470996 0.882136 0
    outer loop
      vertex 41.4445 147.838 0
      vertex 40.995 147.598 8
      vertex 41.4445 147.838 8
    endloop
  endfacet
  facet normal -0.470996 0.882136 0
    outer loop
      vertex 40.995 147.598 8
      vertex 41.4445 147.838 0
      vertex 40.995 147.598 0
    endloop
  endfacet
  facet normal -0.773056 0.634338 0
    outer loop
      vertex 41.8385 148.162 0
      vertex 42.1618 148.556 8
      vertex 42.1618 148.556 0
    endloop
  endfacet
  facet normal -0.773056 0.634338 0
    outer loop
      vertex 42.1618 148.556 8
      vertex 41.8385 148.162 0
      vertex 41.8385 148.162 8
    endloop
  endfacet
  facet normal -0.957013 0.290045 0
    outer loop
      vertex 42.4021 149.005 0
      vertex 42.55 149.493 8
      vertex 42.55 149.493 0
    endloop
  endfacet
  facet normal -0.957013 0.290045 0
    outer loop
      vertex 42.55 149.493 8
      vertex 42.4021 149.005 0
      vertex 42.4021 149.005 8
    endloop
  endfacet
  facet normal 0.290334 0.956925 -0
    outer loop
      vertex 39.4928 147.45 0
      vertex 39.005 147.598 8
      vertex 39.4928 147.45 8
    endloop
  endfacet
  facet normal 0.290334 0.956925 0
    outer loop
      vertex 39.005 147.598 8
      vertex 39.4928 147.45 0
      vertex 39.005 147.598 0
    endloop
  endfacet
  facet normal -0.0981049 0.995176 0
    outer loop
      vertex 40.5072 147.45 0
      vertex 40 147.4 8
      vertex 40.5072 147.45 8
    endloop
  endfacet
  facet normal -0.0981049 0.995176 0
    outer loop
      vertex 40 147.4 8
      vertex 40.5072 147.45 0
      vertex 40 147.4 0
    endloop
  endfacet
  facet normal 0.635157 0.772383 -0
    outer loop
      vertex 38.5555 147.838 0
      vertex 38.1615 148.162 8
      vertex 38.5555 147.838 8
    endloop
  endfacet
  facet normal 0.635157 0.772383 0
    outer loop
      vertex 38.1615 148.162 8
      vertex 38.5555 147.838 0
      vertex 38.1615 148.162 0
    endloop
  endfacet
  facet normal 0.881673 0.471862 0
    outer loop
      vertex 37.8382 148.556 8
      vertex 37.5979 149.005 0
      vertex 37.5979 149.005 8
    endloop
  endfacet
  facet normal 0.881673 0.471862 0
    outer loop
      vertex 37.5979 149.005 0
      vertex 37.8382 148.556 8
      vertex 37.8382 148.556 0
    endloop
  endfacet
  facet normal -0.995176 -0.0981049 0
    outer loop
      vertex 12.6 72.27 0
      vertex 12.55 72.7772 8
      vertex 12.55 72.7772 0
    endloop
  endfacet
  facet normal -0.995176 -0.0981049 0
    outer loop
      vertex 12.55 72.7772 8
      vertex 12.6 72.27 0
      vertex 12.6 72.27 8
    endloop
  endfacet
  facet normal 0.995184 -0.0980272 0
    outer loop
      vertex 7.4 72.27 8
      vertex 7.44996 72.7772 0
      vertex 7.44996 72.7772 8
    endloop
  endfacet
  facet normal 0.995184 -0.0980272 0
    outer loop
      vertex 7.44996 72.7772 0
      vertex 7.4 72.27 8
      vertex 7.4 72.27 0
    endloop
  endfacet
  facet normal 0.0980972 -0.995177 0
    outer loop
      vertex 9.49276 74.82 0
      vertex 10 74.87 8
      vertex 9.49276 74.82 8
    endloop
  endfacet
  facet normal 0.0980972 -0.995177 0
    outer loop
      vertex 10 74.87 8
      vertex 9.49276 74.82 0
      vertex 10 74.87 0
    endloop
  endfacet
  facet normal 0.0980972 0.995177 -0
    outer loop
      vertex 10 69.67 0
      vertex 9.49276 69.72 8
      vertex 10 69.67 8
    endloop
  endfacet
  facet normal 0.0980972 0.995177 0
    outer loop
      vertex 9.49276 69.72 8
      vertex 10 69.67 0
      vertex 9.49276 69.72 0
    endloop
  endfacet
  facet normal -0.634338 -0.773056 0
    outer loop
      vertex 11.4445 74.4318 0
      vertex 11.8385 74.1085 8
      vertex 11.4445 74.4318 8
    endloop
  endfacet
  facet normal -0.634338 -0.773056 -0
    outer loop
      vertex 11.8385 74.1085 8
      vertex 11.4445 74.4318 0
      vertex 11.8385 74.1085 0
    endloop
  endfacet
  facet normal 0.634338 -0.773056 0
    outer loop
      vertex 8.16152 74.1085 0
      vertex 8.55552 74.4318 8
      vertex 8.16152 74.1085 8
    endloop
  endfacet
  facet normal 0.634338 -0.773056 0
    outer loop
      vertex 8.55552 74.4318 8
      vertex 8.16152 74.1085 0
      vertex 8.55552 74.4318 0
    endloop
  endfacet
  facet normal 0.471454 -0.881891 0
    outer loop
      vertex 8.55552 74.4318 0
      vertex 9.00502 74.6721 8
      vertex 8.55552 74.4318 8
    endloop
  endfacet
  facet normal 0.471454 -0.881891 0
    outer loop
      vertex 9.00502 74.6721 8
      vertex 8.55552 74.4318 0
      vertex 9.00502 74.6721 0
    endloop
  endfacet
  facet normal -0.634338 0.773056 0
    outer loop
      vertex 11.8385 70.4315 0
      vertex 11.4445 70.1082 8
      vertex 11.8385 70.4315 8
    endloop
  endfacet
  facet normal -0.634338 0.773056 0
    outer loop
      vertex 11.4445 70.1082 8
      vertex 11.8385 70.4315 0
      vertex 11.4445 70.1082 0
    endloop
  endfacet
  facet normal -0.881891 -0.471454 0
    outer loop
      vertex 12.4021 73.265 0
      vertex 12.1618 73.7145 8
      vertex 12.1618 73.7145 0
    endloop
  endfacet
  facet normal -0.881891 -0.471454 0
    outer loop
      vertex 12.1618 73.7145 8
      vertex 12.4021 73.265 0
      vertex 12.4021 73.265 8
    endloop
  endfacet
  facet normal -0.95698 -0.290154 0
    outer loop
      vertex 12.55 72.7772 0
      vertex 12.4021 73.265 8
      vertex 12.4021 73.265 0
    endloop
  endfacet
  facet normal -0.95698 -0.290154 0
    outer loop
      vertex 12.4021 73.265 8
      vertex 12.55 72.7772 0
      vertex 12.55 72.7772 8
    endloop
  endfacet
  facet normal -0.773056 -0.634338 0
    outer loop
      vertex 12.1618 73.7145 0
      vertex 11.8385 74.1085 8
      vertex 11.8385 74.1085 0
    endloop
  endfacet
  facet normal -0.773056 -0.634338 0
    outer loop
      vertex 11.8385 74.1085 8
      vertex 12.1618 73.7145 0
      vertex 12.1618 73.7145 8
    endloop
  endfacet
  facet normal -0.290154 -0.95698 0
    outer loop
      vertex 10.5072 74.82 0
      vertex 10.995 74.6721 8
      vertex 10.5072 74.82 8
    endloop
  endfacet
  facet normal -0.290154 -0.95698 -0
    outer loop
      vertex 10.995 74.6721 8
      vertex 10.5072 74.82 0
      vertex 10.995 74.6721 0
    endloop
  endfacet
  facet normal -0.0981049 -0.995176 0
    outer loop
      vertex 10 74.87 0
      vertex 10.5072 74.82 8
      vertex 10 74.87 8
    endloop
  endfacet
  facet normal -0.0981049 -0.995176 -0
    outer loop
      vertex 10.5072 74.82 8
      vertex 10 74.87 0
      vertex 10.5072 74.82 0
    endloop
  endfacet
  facet normal -0.471454 -0.881891 0
    outer loop
      vertex 10.995 74.6721 0
      vertex 11.4445 74.4318 8
      vertex 10.995 74.6721 8
    endloop
  endfacet
  facet normal -0.471454 -0.881891 -0
    outer loop
      vertex 11.4445 74.4318 8
      vertex 10.995 74.6721 0
      vertex 11.4445 74.4318 0
    endloop
  endfacet
  facet normal 0.881915 -0.471408 0
    outer loop
      vertex 7.59791 73.265 8
      vertex 7.83818 73.7145 0
      vertex 7.83818 73.7145 8
    endloop
  endfacet
  facet normal 0.881915 -0.471408 0
    outer loop
      vertex 7.83818 73.7145 0
      vertex 7.59791 73.265 8
      vertex 7.59791 73.265 0
    endloop
  endfacet
  facet normal 0.773018 -0.634385 0
    outer loop
      vertex 7.83818 73.7145 8
      vertex 8.16152 74.1085 0
      vertex 8.16152 74.1085 8
    endloop
  endfacet
  facet normal 0.773018 -0.634385 0
    outer loop
      vertex 8.16152 74.1085 0
      vertex 7.83818 73.7145 8
      vertex 7.83818 73.7145 0
    endloop
  endfacet
  facet normal 0.956953 -0.290244 0
    outer loop
      vertex 7.44996 72.7772 8
      vertex 7.59791 73.265 0
      vertex 7.59791 73.265 8
    endloop
  endfacet
  facet normal 0.956953 -0.290244 0
    outer loop
      vertex 7.59791 73.265 0
      vertex 7.44996 72.7772 8
      vertex 7.44996 72.7772 0
    endloop
  endfacet
  facet normal 0.290187 -0.95697 0
    outer loop
      vertex 9.00502 74.6721 0
      vertex 9.49276 74.82 8
      vertex 9.00502 74.6721 8
    endloop
  endfacet
  facet normal 0.290187 -0.95697 0
    outer loop
      vertex 9.49276 74.82 8
      vertex 9.00502 74.6721 0
      vertex 9.49276 74.82 0
    endloop
  endfacet
  facet normal -0.0981049 0.995176 0
    outer loop
      vertex 10.5072 69.72 0
      vertex 10 69.67 8
      vertex 10.5072 69.72 8
    endloop
  endfacet
  facet normal -0.0981049 0.995176 0
    outer loop
      vertex 10 69.67 8
      vertex 10.5072 69.72 0
      vertex 10 69.67 0
    endloop
  endfacet
  facet normal -0.471454 0.881891 0
    outer loop
      vertex 11.4445 70.1082 0
      vertex 10.995 69.8679 8
      vertex 11.4445 70.1082 8
    endloop
  endfacet
  facet normal -0.471454 0.881891 0
    outer loop
      vertex 10.995 69.8679 8
      vertex 11.4445 70.1082 0
      vertex 10.995 69.8679 0
    endloop
  endfacet
  facet normal 0.634338 0.773056 -0
    outer loop
      vertex 8.55552 70.1082 0
      vertex 8.16152 70.4315 8
      vertex 8.55552 70.1082 8
    endloop
  endfacet
  facet normal 0.634338 0.773056 0
    outer loop
      vertex 8.16152 70.4315 8
      vertex 8.55552 70.1082 0
      vertex 8.16152 70.4315 0
    endloop
  endfacet
  facet normal 0.290187 0.95697 -0
    outer loop
      vertex 9.49276 69.72 0
      vertex 9.00502 69.8679 8
      vertex 9.49276 69.72 8
    endloop
  endfacet
  facet normal 0.290187 0.95697 0
    outer loop
      vertex 9.00502 69.8679 8
      vertex 9.49276 69.72 0
      vertex 9.00502 69.8679 0
    endloop
  endfacet
  facet normal 0.881915 0.471408 0
    outer loop
      vertex 7.83818 70.8255 8
      vertex 7.59791 71.275 0
      vertex 7.59791 71.275 8
    endloop
  endfacet
  facet normal 0.881915 0.471408 0
    outer loop
      vertex 7.59791 71.275 0
      vertex 7.83818 70.8255 8
      vertex 7.83818 70.8255 0
    endloop
  endfacet
  facet normal 0.773018 0.634385 0
    outer loop
      vertex 8.16152 70.4315 8
      vertex 7.83818 70.8255 0
      vertex 7.83818 70.8255 8
    endloop
  endfacet
  facet normal 0.773018 0.634385 0
    outer loop
      vertex 7.83818 70.8255 0
      vertex 8.16152 70.4315 8
      vertex 8.16152 70.4315 0
    endloop
  endfacet
  facet normal 0.995184 0.0980272 0
    outer loop
      vertex 7.44996 71.7628 8
      vertex 7.4 72.27 0
      vertex 7.4 72.27 8
    endloop
  endfacet
  facet normal 0.995184 0.0980272 0
    outer loop
      vertex 7.4 72.27 0
      vertex 7.44996 71.7628 8
      vertex 7.44996 71.7628 0
    endloop
  endfacet
  facet normal -0.995176 0.0981049 0
    outer loop
      vertex 12.55 71.7628 0
      vertex 12.6 72.27 8
      vertex 12.6 72.27 0
    endloop
  endfacet
  facet normal -0.995176 0.0981049 0
    outer loop
      vertex 12.6 72.27 8
      vertex 12.55 71.7628 0
      vertex 12.55 71.7628 8
    endloop
  endfacet
  facet normal -0.95698 0.290154 0
    outer loop
      vertex 12.4021 71.275 0
      vertex 12.55 71.7628 8
      vertex 12.55 71.7628 0
    endloop
  endfacet
  facet normal -0.95698 0.290154 0
    outer loop
      vertex 12.55 71.7628 8
      vertex 12.4021 71.275 0
      vertex 12.4021 71.275 8
    endloop
  endfacet
  facet normal -0.290154 0.95698 0
    outer loop
      vertex 10.995 69.8679 0
      vertex 10.5072 69.72 8
      vertex 10.995 69.8679 8
    endloop
  endfacet
  facet normal -0.290154 0.95698 0
    outer loop
      vertex 10.5072 69.72 8
      vertex 10.995 69.8679 0
      vertex 10.5072 69.72 0
    endloop
  endfacet
  facet normal -0.881891 0.471454 0
    outer loop
      vertex 12.1618 70.8255 0
      vertex 12.4021 71.275 8
      vertex 12.4021 71.275 0
    endloop
  endfacet
  facet normal -0.881891 0.471454 0
    outer loop
      vertex 12.4021 71.275 8
      vertex 12.1618 70.8255 0
      vertex 12.1618 70.8255 8
    endloop
  endfacet
  facet normal -0.773056 0.634338 0
    outer loop
      vertex 11.8385 70.4315 0
      vertex 12.1618 70.8255 8
      vertex 12.1618 70.8255 0
    endloop
  endfacet
  facet normal -0.773056 0.634338 0
    outer loop
      vertex 12.1618 70.8255 8
      vertex 11.8385 70.4315 0
      vertex 11.8385 70.4315 8
    endloop
  endfacet
  facet normal 0.471454 0.881891 -0
    outer loop
      vertex 9.00502 69.8679 0
      vertex 8.55552 70.1082 8
      vertex 9.00502 69.8679 8
    endloop
  endfacet
  facet normal 0.471454 0.881891 0
    outer loop
      vertex 8.55552 70.1082 8
      vertex 9.00502 69.8679 0
      vertex 8.55552 70.1082 0
    endloop
  endfacet
  facet normal 0.956953 0.290244 0
    outer loop
      vertex 7.59791 71.275 8
      vertex 7.44996 71.7628 0
      vertex 7.44996 71.7628 8
    endloop
  endfacet
  facet normal 0.956953 0.290244 0
    outer loop
      vertex 7.44996 71.7628 0
      vertex 7.59791 71.275 8
      vertex 7.59791 71.275 0
    endloop
  endfacet
  facet normal -0.995176 -0.0981049 0
    outer loop
      vertex 72.6 72.27 0
      vertex 72.55 72.7772 8
      vertex 72.55 72.7772 0
    endloop
  endfacet
  facet normal -0.995176 -0.0981049 0
    outer loop
      vertex 72.55 72.7772 8
      vertex 72.6 72.27 0
      vertex 72.6 72.27 8
    endloop
  endfacet
  facet normal 0.995176 -0.0981049 0
    outer loop
      vertex 67.4 72.27 8
      vertex 67.45 72.7772 0
      vertex 67.45 72.7772 8
    endloop
  endfacet
  facet normal 0.995176 -0.0981049 0
    outer loop
      vertex 67.45 72.7772 0
      vertex 67.4 72.27 8
      vertex 67.4 72.27 0
    endloop
  endfacet
  facet normal 0.0981049 -0.995176 0
    outer loop
      vertex 69.4928 74.82 0
      vertex 70 74.87 8
      vertex 69.4928 74.82 8
    endloop
  endfacet
  facet normal 0.0981049 -0.995176 0
    outer loop
      vertex 70 74.87 8
      vertex 69.4928 74.82 0
      vertex 70 74.87 0
    endloop
  endfacet
  facet normal 0.0981049 0.995176 -0
    outer loop
      vertex 70 69.67 0
      vertex 69.4928 69.72 8
      vertex 70 69.67 8
    endloop
  endfacet
  facet normal 0.0981049 0.995176 0
    outer loop
      vertex 69.4928 69.72 8
      vertex 70 69.67 0
      vertex 69.4928 69.72 0
    endloop
  endfacet
  facet normal -0.634338 -0.773056 0
    outer loop
      vertex 71.4445 74.4318 0
      vertex 71.8385 74.1085 8
      vertex 71.4445 74.4318 8
    endloop
  endfacet
  facet normal -0.634338 -0.773056 -0
    outer loop
      vertex 71.8385 74.1085 8
      vertex 71.4445 74.4318 0
      vertex 71.8385 74.1085 0
    endloop
  endfacet
  facet normal 0.634338 -0.773056 0
    outer loop
      vertex 68.1615 74.1085 0
      vertex 68.5555 74.4318 8
      vertex 68.1615 74.1085 8
    endloop
  endfacet
  facet normal 0.634338 -0.773056 0
    outer loop
      vertex 68.5555 74.4318 8
      vertex 68.1615 74.1085 0
      vertex 68.5555 74.4318 0
    endloop
  endfacet
  facet normal 0.471454 -0.881891 0
    outer loop
      vertex 68.5555 74.4318 0
      vertex 69.005 74.6721 8
      vertex 68.5555 74.4318 8
    endloop
  endfacet
  facet normal 0.471454 -0.881891 0
    outer loop
      vertex 69.005 74.6721 8
      vertex 68.5555 74.4318 0
      vertex 69.005 74.6721 0
    endloop
  endfacet
  facet normal -0.634338 0.773056 0
    outer loop
      vertex 71.8385 70.4315 0
      vertex 71.4445 70.1082 8
      vertex 71.8385 70.4315 8
    endloop
  endfacet
  facet normal -0.634338 0.773056 0
    outer loop
      vertex 71.4445 70.1082 8
      vertex 71.8385 70.4315 0
      vertex 71.4445 70.1082 0
    endloop
  endfacet
  facet normal 0.773056 0.634338 0
    outer loop
      vertex 68.1615 70.4315 8
      vertex 67.8382 70.8255 0
      vertex 67.8382 70.8255 8
    endloop
  endfacet
  facet normal 0.773056 0.634338 0
    outer loop
      vertex 67.8382 70.8255 0
      vertex 68.1615 70.4315 8
      vertex 68.1615 70.4315 0
    endloop
  endfacet
  facet normal -0.881891 -0.471454 0
    outer loop
      vertex 72.4021 73.265 0
      vertex 72.1618 73.7145 8
      vertex 72.1618 73.7145 0
    endloop
  endfacet
  facet normal -0.881891 -0.471454 0
    outer loop
      vertex 72.1618 73.7145 8
      vertex 72.4021 73.265 0
      vertex 72.4021 73.265 8
    endloop
  endfacet
  facet normal -0.95698 -0.290154 0
    outer loop
      vertex 72.55 72.7772 0
      vertex 72.4021 73.265 8
      vertex 72.4021 73.265 0
    endloop
  endfacet
  facet normal -0.95698 -0.290154 0
    outer loop
      vertex 72.4021 73.265 8
      vertex 72.55 72.7772 0
      vertex 72.55 72.7772 8
    endloop
  endfacet
  facet normal -0.773056 -0.634338 0
    outer loop
      vertex 72.1618 73.7145 0
      vertex 71.8385 74.1085 8
      vertex 71.8385 74.1085 0
    endloop
  endfacet
  facet normal -0.773056 -0.634338 0
    outer loop
      vertex 71.8385 74.1085 8
      vertex 72.1618 73.7145 0
      vertex 72.1618 73.7145 8
    endloop
  endfacet
  facet normal -0.290154 -0.95698 0
    outer loop
      vertex 70.5072 74.82 0
      vertex 70.995 74.6721 8
      vertex 70.5072 74.82 8
    endloop
  endfacet
  facet normal -0.290154 -0.95698 -0
    outer loop
      vertex 70.995 74.6721 8
      vertex 70.5072 74.82 0
      vertex 70.995 74.6721 0
    endloop
  endfacet
  facet normal -0.0981049 -0.995176 0
    outer loop
      vertex 70 74.87 0
      vertex 70.5072 74.82 8
      vertex 70 74.87 8
    endloop
  endfacet
  facet normal -0.0981049 -0.995176 -0
    outer loop
      vertex 70.5072 74.82 8
      vertex 70 74.87 0
      vertex 70.5072 74.82 0
    endloop
  endfacet
  facet normal -0.471454 -0.881891 0
    outer loop
      vertex 70.995 74.6721 0
      vertex 71.4445 74.4318 8
      vertex 70.995 74.6721 8
    endloop
  endfacet
  facet normal -0.471454 -0.881891 -0
    outer loop
      vertex 71.4445 74.4318 8
      vertex 70.995 74.6721 0
      vertex 71.4445 74.4318 0
    endloop
  endfacet
  facet normal 0.881891 -0.471454 0
    outer loop
      vertex 67.5979 73.265 8
      vertex 67.8382 73.7145 0
      vertex 67.8382 73.7145 8
    endloop
  endfacet
  facet normal 0.881891 -0.471454 0
    outer loop
      vertex 67.8382 73.7145 0
      vertex 67.5979 73.265 8
      vertex 67.5979 73.265 0
    endloop
  endfacet
  facet normal 0.773056 -0.634338 0
    outer loop
      vertex 67.8382 73.7145 8
      vertex 68.1615 74.1085 0
      vertex 68.1615 74.1085 8
    endloop
  endfacet
  facet normal 0.773056 -0.634338 0
    outer loop
      vertex 68.1615 74.1085 0
      vertex 67.8382 73.7145 8
      vertex 67.8382 73.7145 0
    endloop
  endfacet
  facet normal 0.95698 -0.290154 0
    outer loop
      vertex 67.45 72.7772 8
      vertex 67.5979 73.265 0
      vertex 67.5979 73.265 8
    endloop
  endfacet
  facet normal 0.95698 -0.290154 0
    outer loop
      vertex 67.5979 73.265 0
      vertex 67.45 72.7772 8
      vertex 67.45 72.7772 0
    endloop
  endfacet
  facet normal 0.290154 -0.95698 0
    outer loop
      vertex 69.005 74.6721 0
      vertex 69.4928 74.82 8
      vertex 69.005 74.6721 8
    endloop
  endfacet
  facet normal 0.290154 -0.95698 0
    outer loop
      vertex 69.4928 74.82 8
      vertex 69.005 74.6721 0
      vertex 69.4928 74.82 0
    endloop
  endfacet
  facet normal -0.0981049 0.995176 0
    outer loop
      vertex 70.5072 69.72 0
      vertex 70 69.67 8
      vertex 70.5072 69.72 8
    endloop
  endfacet
  facet normal -0.0981049 0.995176 0
    outer loop
      vertex 70 69.67 8
      vertex 70.5072 69.72 0
      vertex 70 69.67 0
    endloop
  endfacet
  facet normal -0.471454 0.881891 0
    outer loop
      vertex 71.4445 70.1082 0
      vertex 70.995 69.8679 8
      vertex 71.4445 70.1082 8
    endloop
  endfacet
  facet normal -0.471454 0.881891 0
    outer loop
      vertex 70.995 69.8679 8
      vertex 71.4445 70.1082 0
      vertex 70.995 69.8679 0
    endloop
  endfacet
  facet normal 0.634338 0.773056 -0
    outer loop
      vertex 68.5555 70.1082 0
      vertex 68.1615 70.4315 8
      vertex 68.5555 70.1082 8
    endloop
  endfacet
  facet normal 0.634338 0.773056 0
    outer loop
      vertex 68.1615 70.4315 8
      vertex 68.5555 70.1082 0
      vertex 68.1615 70.4315 0
    endloop
  endfacet
  facet normal 0.290154 0.95698 -0
    outer loop
      vertex 69.4928 69.72 0
      vertex 69.005 69.8679 8
      vertex 69.4928 69.72 8
    endloop
  endfacet
  facet normal 0.290154 0.95698 0
    outer loop
      vertex 69.005 69.8679 8
      vertex 69.4928 69.72 0
      vertex 69.005 69.8679 0
    endloop
  endfacet
  facet normal 0.995176 0.0981049 0
    outer loop
      vertex 67.45 71.7628 8
      vertex 67.4 72.27 0
      vertex 67.4 72.27 8
    endloop
  endfacet
  facet normal 0.995176 0.0981049 0
    outer loop
      vertex 67.4 72.27 0
      vertex 67.45 71.7628 8
      vertex 67.45 71.7628 0
    endloop
  endfacet
  facet normal 0.881891 0.471454 0
    outer loop
      vertex 67.8382 70.8255 8
      vertex 67.5979 71.275 0
      vertex 67.5979 71.275 8
    endloop
  endfacet
  facet normal 0.881891 0.471454 0
    outer loop
      vertex 67.5979 71.275 0
      vertex 67.8382 70.8255 8
      vertex 67.8382 70.8255 0
    endloop
  endfacet
  facet normal 0.95698 0.290154 0
    outer loop
      vertex 67.5979 71.275 8
      vertex 67.45 71.7628 0
      vertex 67.45 71.7628 8
    endloop
  endfacet
  facet normal 0.95698 0.290154 0
    outer loop
      vertex 67.45 71.7628 0
      vertex 67.5979 71.275 8
      vertex 67.5979 71.275 0
    endloop
  endfacet
  facet normal -0.995176 0.0981049 0
    outer loop
      vertex 72.55 71.7628 0
      vertex 72.6 72.27 8
      vertex 72.6 72.27 0
    endloop
  endfacet
  facet normal -0.995176 0.0981049 0
    outer loop
      vertex 72.6 72.27 8
      vertex 72.55 71.7628 0
      vertex 72.55 71.7628 8
    endloop
  endfacet
  facet normal -0.95698 0.290154 0
    outer loop
      vertex 72.4021 71.275 0
      vertex 72.55 71.7628 8
      vertex 72.55 71.7628 0
    endloop
  endfacet
  facet normal -0.95698 0.290154 0
    outer loop
      vertex 72.55 71.7628 8
      vertex 72.4021 71.275 0
      vertex 72.4021 71.275 8
    endloop
  endfacet
  facet normal -0.290154 0.95698 0
    outer loop
      vertex 70.995 69.8679 0
      vertex 70.5072 69.72 8
      vertex 70.995 69.8679 8
    endloop
  endfacet
  facet normal -0.290154 0.95698 0
    outer loop
      vertex 70.5072 69.72 8
      vertex 70.995 69.8679 0
      vertex 70.5072 69.72 0
    endloop
  endfacet
  facet normal -0.881891 0.471454 0
    outer loop
      vertex 72.1618 70.8255 0
      vertex 72.4021 71.275 8
      vertex 72.4021 71.275 0
    endloop
  endfacet
  facet normal -0.881891 0.471454 0
    outer loop
      vertex 72.4021 71.275 8
      vertex 72.1618 70.8255 0
      vertex 72.1618 70.8255 8
    endloop
  endfacet
  facet normal -0.773056 0.634338 0
    outer loop
      vertex 71.8385 70.4315 0
      vertex 72.1618 70.8255 8
      vertex 72.1618 70.8255 0
    endloop
  endfacet
  facet normal -0.773056 0.634338 0
    outer loop
      vertex 72.1618 70.8255 8
      vertex 71.8385 70.4315 0
      vertex 71.8385 70.4315 8
    endloop
  endfacet
  facet normal 0.471454 0.881891 -0
    outer loop
      vertex 69.005 69.8679 0
      vertex 68.5555 70.1082 8
      vertex 69.005 69.8679 8
    endloop
  endfacet
  facet normal 0.471454 0.881891 0
    outer loop
      vertex 68.5555 70.1082 8
      vertex 69.005 69.8679 0
      vertex 68.5555 70.1082 0
    endloop
  endfacet
endsolid OpenSCAD_Model
